ts_event,open,high,low,close,volume
2010-06-07,16.77731673582296,17.25629258795717,16.664375085934278,17.25629258795717,53
2010-06-08,17.271716469770674,17.511204481792713,17.176828425273055,17.176828425273055,23
2010-06-09,16.463251072961373,16.49785061794734,16.439973172367537,16.439973172367537,11
2010-06-10,16.201859229747676,16.27179555437242,16.108393919365497,16.27179555437242,83
2010-06-11,16.382037533512065,16.556712180613765,16.382037533512065,16.506913679688548,27
2010-06-14,16.57969065232011,16.57969065232011,16.041090478071908,16.041090478071908,6
2010-06-16,15.742637644046097,15.742637644046097,15.672060135049051,15.672060135049051,4
2010-06-17,15.813923889525265,15.964016843179786,15.738866396761132,15.964016843179786,6
2010-06-18,16.17245817245817,16.17245817245817,16.082908163265305,16.082908163265305,4
2010-06-21,15.759136004018588,15.78126964173476,15.731155778894474,15.78126964173476,5
2010-06-22,15.755725190839698,15.896746092749169,15.755725190839698,15.874519846350832,11
2010-06-23,16.051395773545526,16.151626442812173,16.051395773545526,16.151626442812173,11
2010-06-24,16.277938469629238,16.460317460317462,16.277938469629238,16.460317460317462,6
2010-06-25,16.256476683937823,16.256476683937823,16.018400204446714,16.059365404298877,26
2010-06-28,16.19674670797831,16.19674670797831,16.19674670797831,16.19674670797831,1
2010-06-29,16.273135906927553,16.355425687342276,16.273135906927553,16.355425687342276,3
2010-06-30,16.388303477344575,16.62386302835741,16.388303477344575,16.62386302835741,8
2010-07-01,17.0930394755196,17.0930394755196,16.743119266055047,16.743119266055047,10
2010-07-02,16.65743561340349,16.745734498543488,16.65743561340349,16.745734498543488,2
2010-07-06,16.47505872599143,16.47505872599143,16.32457580733443,16.32457580733443,2
2010-07-07,16.358397365532383,16.358397365532383,16.358397365532383,16.358397365532383,1
2010-07-08,15.913448735019973,16.107219827586206,15.913448735019973,16.01769911504425,12
2010-07-12,16.078143752500335,16.078143752500335,16.078143752500335,16.078143752500335,10
2010-07-13,16.006351726875746,16.039003821320332,15.808842652795839,15.808842652795839,11
2010-07-14,15.660475386413822,15.660475386413822,15.660475386413822,15.660475386413822,1
2010-07-16,15.792901767911735,15.868231528407573,15.792901767911735,15.868231528407573,12
2010-07-20,15.70517080951748,15.70517080951748,15.70517080951748,15.70517080951748,1
2010-07-21,15.570513658345313,15.570513658345313,15.570513658345313,15.570513658345313,5
2010-07-22,15.673280423280426,15.673280423280426,15.391349124613798,15.391349124613798,27
2010-07-23,15.484415584415585,15.484415584415585,15.484415584415585,15.484415584415585,2
2010-07-27,15.099832538966895,15.099832538966895,15.099832538966895,15.099832538966895,1
2010-07-29,15.335261635550882,15.356576862123612,14.897567221510885,15.08200955701924,11418
2010-07-30,15.0599304034025,15.346949463210265,15.0599304034025,15.122919334186939,745
2010-08-02,14.845230574857863,14.845230574857863,14.584105796564085,14.641929499072356,182
2010-08-03,14.463959019392611,14.586660115464932,14.344143272023235,14.344143272023235,76
2010-08-04,14.550193986420949,14.598246895544191,14.496919917864476,14.561830574488804,22
2010-08-05,14.700098328416912,14.706968726914553,14.64679911699779,14.64679911699779,4
2010-08-06,14.86530105524519,15.128558886241063,14.834315169366716,15.097300690521028,50
2010-08-09,14.903560830860537,14.919214516529955,14.847922848664691,14.919214516529955,47
2010-08-10,15.016996097192495,15.160634920634921,14.964956195244055,15.118495297805643,81
2010-08-11,15.384026537381985,15.453726348307375,15.327533265097237,15.453726348307375,66
2010-08-12,16.00686196885722,16.00686196885722,15.85512552301255,15.862970711297072,57
2010-08-13,16.056561384961014,16.109119872560733,16.056561384961014,16.109119872560733,2
2010-08-17,16.015400678673974,16.015400678673974,15.939575465555409,15.939575465555409,4
2010-08-18,16.12860545117756,16.12860545117756,16.08189429618001,16.08189429618001,36
2010-08-19,16.401379493301498,16.401379493301498,16.34897554527429,16.369917618921072,16
2010-08-20,16.46316919361331,16.52004304546677,16.46316919361331,16.52004304546677,4
2010-08-23,16.45567922757141,16.52712343518643,16.45567922757141,16.52712343518643,3
2010-08-24,16.705720192970364,16.995441359303772,16.705720192970364,16.995441359303772,112
2010-08-25,17.070441988950275,17.165441686312576,17.005208333333336,17.005208333333336,95
2010-08-26,16.521275176737362,16.592126405998926,16.38999205718824,16.493074054342035,25
2010-08-27,16.46527685566326,16.46527685566326,16.380311427817364,16.380311427817364,8
2010-08-30,16.228001050696086,16.22815087396504,16.186485070717655,16.186485070717655,11
2010-08-31,16.271408027193097,16.68093073014175,16.26910516002613,16.668893639764832,40
2010-09-01,16.413157894736845,16.4235882585231,16.26157256487156,16.26157256487156,10
2010-09-02,16.486771093852838,16.525815396804436,16.486771093852838,16.525815396804436,6
2010-09-03,16.049702303908877,16.049702303908877,16.028936829866943,16.028936829866943,2
2010-09-08,16.169064748201436,16.169064748201436,16.136188766350344,16.136188766350344,11
2010-09-10,15.950402658826535,16.0,15.950402658826535,16.0,15
2010-09-13,15.747053605373209,15.768159959503924,15.710503089143865,15.768159959503924,3
2010-09-14,15.955790002511932,16.10330421572351,15.955790002511932,16.10330421572351,15
2010-09-16,16.008302931186314,16.016597510373444,15.99296570782565,16.016597510373444,15
2010-09-17,16.352217380158933,16.431423052157115,16.352217380158933,16.431423052157115,21
2010-09-21,16.359347105330272,16.377992868059096,16.359347105330272,16.365602340669128,7
2010-09-23,16.56294019720835,16.56294019720835,16.533742331288344,16.533742331288344,6
2010-09-24,16.466852933705866,16.483153210425936,16.466852933705866,16.483153210425936,3
2010-09-28,16.430659717808567,16.52272727272727,16.430659717808567,16.52272727272727,9
2010-09-29,16.613373937317597,16.663265306122447,16.179274483100162,16.179274483100162,537
2010-09-30,16.013909224011716,16.058938615798482,15.870896619304263,15.875060768108897,153
2010-10-01,15.786065475476677,15.901520637219406,15.758955313286211,15.787075890181034,33
2010-10-04,15.683393070489844,15.711044776119403,15.683393070489844,15.711044776119403,2
2010-10-05,15.879756650363833,15.951330072766314,15.804740007074638,15.804740007074638,38
2010-10-06,15.924698081932277,15.924698081932277,15.74515300163513,15.804935370152762,36
2010-10-07,15.896176780077164,16.05386557653,15.816387204185991,16.01510067114094,46
2010-10-08,16.218833212297262,16.218833212297262,16.137814721117934,16.160908431988403,4
2010-10-11,16.01905896366885,16.01905896366885,16.01905896366885,16.01905896366885,1
2010-10-13,16.084023668639052,16.252367424242422,16.084023668639052,16.16745283018868,48
2010-10-15,16.422182468694096,16.44079885877318,16.324298621017594,16.379516630772912,57
2010-10-18,16.510441962117532,16.510441962117532,16.25503673856364,16.25503673856364,12
2010-10-19,16.24580335731415,16.377488326370116,16.217029989160544,16.377488326370116,119
2010-10-20,16.309828279137744,16.309828279137744,16.16606498194946,16.16606498194946,16
2010-10-21,16.119546878765966,16.143223756568496,16.119546878765966,16.143223756568496,10
2010-10-22,16.12011207211597,16.12011207211597,16.12011207211597,16.12011207211597,3
2010-10-25,16.135265700483092,16.135265700483092,16.116411061466003,16.116411061466003,2
2010-10-26,16.002402402402403,16.002402402402403,15.962962962962962,15.973699940227137,35
2010-10-27,16.067961165048544,16.10820031680273,16.067961165048544,16.10820031680273,10
2010-10-28,15.951494777284186,15.98556825015033,15.951494777284186,15.98556825015033,13
2010-10-29,16.22478386167147,16.38942539835828,16.171284634760706,16.38942539835828,13
2010-11-01,15.92180732763666,15.971384651767767,15.878965922444184,15.897647058823528,28
2010-11-02,15.909410936399906,15.909410936399906,15.909410936399906,15.909410936399906,5
2010-11-03,15.756375917083963,15.756375917083963,15.396825396825397,15.55491396235131,47
2010-11-04,15.641142857142857,15.715747583854462,15.631921452220572,15.690770802588261,43
2010-11-05,15.624078902618752,15.864892528147388,15.624078902618752,15.864892528147388,11
2010-11-08,15.87739288969918,15.94001131861913,15.824800910125141,15.926763110307414,17
2010-11-09,15.960974509361606,16.059580230196342,15.88746569075938,15.88746569075938,19
2010-11-10,15.814295408278669,15.814295408278669,15.68271954674221,15.692985428668248,5
2010-11-11,15.762102662024036,15.77615298087739,15.756519784172664,15.77615298087739,3
2010-11-12,15.873452544704264,15.891959798994975,15.81281932187645,15.833429996520126,19
2010-11-16,15.777829529576154,15.840439201027916,15.69069246195588,15.75014731879788,27
2010-11-17,15.88849347568209,16.071084337349397,15.88849347568209,16.071084337349397,11
2010-11-18,15.841247508500409,15.841247508500409,15.841247508500409,15.841247508500409,6
2010-11-19,15.840009425070688,15.840009425070688,15.840009425070688,15.840009425070688,1
2010-11-23,16.526442307692307,16.526442307692307,16.526442307692307,16.526442307692307,1
2010-11-29,15.817949611053061,15.853544776119401,15.623069001029865,15.665865109355318,12407
2010-11-30,15.76070731427259,16.11816804568232,15.76070731427259,16.111434899172398,878
2010-12-01,15.952871196522533,15.952871196522533,15.615868734547089,15.663886384129848,678
2010-12-02,15.591699383062254,15.623383923552558,15.311569427594574,15.320959010054137,217
2010-12-03,15.247198417930125,15.549292661361628,15.247198417930125,15.350762527233117,1105
2010-12-06,15.50767543859649,15.560307017543858,15.42302660270388,15.522420787194386,104
2010-12-07,15.448440207972272,15.544554455445544,15.40089941866842,15.40089941866842,50
2010-12-08,15.288292253521128,15.288292253521128,15.081805204787527,15.163808267370273,457
2010-12-09,15.184860120680195,15.33436669619132,15.168219178082191,15.221258372680357,378
2010-12-10,15.11666118961551,15.358411007545493,15.11666118961551,15.323828470380194,100
2010-12-13,15.140278381905176,15.351321585903085,15.09433962264151,15.331941085952957,42
2010-12-14,15.370958904109589,15.371484845169055,15.266149305935077,15.36652078774617,52
2010-12-15,15.191950125779284,15.192602319982491,15.00325591491209,15.00325591491209,75
2010-12-17,15.035678998792402,15.035678998792402,14.865157586916496,15.020172282193872,10
2010-12-20,15.09534706331045,15.127587339831344,14.950420349213191,14.950420349213191,55
2010-12-21,14.942875619745635,14.963740664574088,14.844453979832654,14.87459807073955,19
2010-12-22,14.847675040085516,14.847675040085516,14.8032,14.808760683760683,23
2010-12-23,14.658981748318926,14.67155612244898,14.588758335979676,14.588758335979676,18
2010-12-27,14.77972626176219,14.77972626176219,14.696662757223585,14.696662757223585,8
2010-12-28,14.914893617021276,14.936654955818161,14.913527851458886,14.917806766359103,14
2010-12-29,14.979830148619957,14.979830148619957,14.979830148619957,14.979830148619957,5
2010-12-30,15.036800000000001,15.193119117169749,15.033190578158456,15.1183050118305,81
2010-12-31,15.265888456549936,15.27870981707977,14.920100925147182,14.926362297496318,10
2011-01-03,14.842622607968213,14.882105263157895,14.842622607968213,14.882105263157895,4
2011-01-04,14.670024131780506,14.862998921251348,14.65863453815261,14.776919776919778,30
2011-01-05,14.782561894510225,14.815970727507533,14.366757379108225,14.366757379108225,85
2011-01-06,14.376177517270252,14.582181586221559,14.298392148674045,14.54285411590211,24
2011-01-07,14.37738650827323,14.779372100550223,14.37738650827323,14.7739777753803,34
2011-01-10,14.6298875200857,14.692019282271024,14.331210191082803,14.356777092695161,45
2011-01-11,14.359480519480519,14.359480519480519,14.177020227949482,14.177020227949482,8
2011-01-12,14.129989764585465,14.140225179119755,13.986411114491432,14.031196191633748,16
2011-01-13,14.067813868241522,14.168618266978923,14.057410423452769,14.103874859421326,30
2011-01-19,13.960920008141663,14.015965612526866,13.942258818745552,13.97857142857143,10
2011-01-20,13.843314191960625,13.940713101160862,13.82178014766202,13.940713101160862,4
2011-01-21,13.802918207973695,13.829918665705755,13.790546802594996,13.829918665705755,4
2011-01-25,13.871035276876373,13.871035276876373,13.871035276876373,13.871035276876373,60
2011-01-27,13.524282672614824,13.587708587708589,13.451688603203754,13.451688603203754,9
2011-01-28,13.406122448979591,13.631749898497768,13.400694019187588,13.445327431847902,40563
2011-01-31,13.469779664443097,13.528814935064936,13.104263069804077,13.226671966610356,3291
2011-02-01,13.291265030309054,13.327026488747261,13.084896347482726,13.197439684884294,1034
2011-02-02,13.142604769849838,13.142604769849838,13.032738678690453,13.058328440007829,509
2011-02-03,12.906289369124915,13.336616111877092,12.902943748178371,13.249950951540123,1006
2011-02-04,13.166992187499998,13.507769423558898,13.166992187499998,13.503905467654716,162
2011-02-07,13.455523458511804,13.610326744655103,13.447520414260108,13.610326744655103,178
2011-02-08,13.783452502553626,13.897545574905795,13.615154536390827,13.681517158338352,420
2011-02-09,13.565883757961782,13.587649402390438,13.366365777080063,13.366365777080063,50
2011-02-10,13.360591133004926,13.534791252485089,13.266203930002932,13.479552430933756,89
2011-02-11,13.410206084396467,13.513138324243927,13.410206084396467,13.513138324243927,5
2011-02-14,13.338574938574938,13.347091194968554,13.131313131313131,13.218446601941748,62
2011-02-15,13.31107239643825,13.54222090846389,13.258014677481652,13.515694184787955,132
2011-02-16,13.391778686927722,13.40390243902439,13.231713162688141,13.233509870004815,98
2011-02-17,13.31854138529809,13.465654796653045,13.2671272308578,13.465654796653045,44
2011-02-18,13.394584139264989,13.59283196239718,13.3926499032882,13.5599843688941,54
2011-02-21,13.371291866028708,13.433984036926628,13.330794134450581,13.38952380952381,47
2011-02-22,13.057318894697536,13.272159682149278,13.057318894697536,13.18494117647059,156
2011-02-23,13.043276374442792,13.043276374442792,12.66439400735624,12.66439400735624,242
2011-02-24,12.333769063180828,12.434882083773319,12.333769063180828,12.361074647764069,37
2011-02-25,12.563667232597624,12.691926919269193,12.549875311720697,12.569593147751606,91
2011-02-28,12.63968481375358,12.63968481375358,12.536135497029353,12.542252268279665,24
2011-03-01,12.605415002219262,12.62583222370173,12.35893011216566,12.35893011216566,35
2011-03-02,12.37232574189096,12.437294585711815,12.24074861760953,12.321244413887934,55
2011-03-03,12.325101110059375,12.443201677735058,12.325101110059375,12.342130476439335,184
2011-03-04,12.268922067834641,12.364438294560236,12.2560553633218,12.347194605342786,37
2011-03-07,12.369733447979364,12.505672892302323,12.218526100307063,12.505672892302323,63
2011-03-08,12.6575658186331,12.70467706013363,12.447540269917283,12.70467706013363,144
2011-03-09,12.655987255509338,12.655987255509338,12.340793225611337,12.396981001127788,70
2011-03-10,12.363636363636363,12.397784225797942,12.29783896828163,12.29783896828163,11
2011-03-11,12.486890054217403,12.496705613634367,12.392046947534379,12.496705613634367,16
2011-03-15,12.449788583509514,12.928090095079849,12.449788583509514,12.875702570717774,12
2011-03-18,12.443411124758729,12.472058435272377,12.443411124758729,12.472058435272377,2
2011-03-21,12.391943291839556,12.441396075707587,12.391943291839556,12.40613890574872,13
2011-03-22,12.316872783879617,12.334401246861201,12.316872783879617,12.334401246861201,80
2011-03-23,12.44330967630258,12.445675699073671,12.42811501597444,12.42811501597444,13
2011-03-24,12.55192878338279,12.55192878338279,12.55192878338279,12.55192878338279,10
2011-03-28,12.332664281350903,12.347143480156998,12.332664281350903,12.347143480156998,6
2011-03-30,12.333275442862105,12.416369797549743,12.283144512669722,12.368123750760407,7239
2011-03-31,12.335753803596127,12.351274787535411,12.215141473362221,12.220138119191747,4039
2011-04-01,12.220518064076346,12.229890933878664,12.030986864264062,12.030986864264062,1264
2011-04-04,12.015926236378878,12.062893081761006,11.83439280112276,11.83439280112276,137
2011-04-05,11.853626301007765,11.981907894736842,11.736423949545419,11.981907894736842,805
2011-04-06,11.915780866721178,11.951179554390563,11.851098454027664,11.922951087845576,193
2011-04-07,11.93102884693961,12.004447006505805,11.882141691152466,11.917360770863956,36
2011-04-08,11.838033843674456,11.860952227503423,11.630914826498422,11.630914826498422,873
2011-04-11,11.708498808578236,11.827000808407437,11.638682084587359,11.827000808407437,101
2011-04-12,11.75668084423401,12.09526982011992,11.73996635424177,12.008769752626788,188
2011-04-13,12.04349983460139,12.04763479986768,11.834579135521611,11.85546875,29
2011-04-15,12.047887554139086,12.104013104013106,11.989997580059693,12.049618939516783,32
2011-04-18,12.10594947025265,12.335700132100396,12.04156479217604,12.321958456973295,329
2011-04-19,12.461666666666668,12.520564042303173,12.241351041154287,12.325696390308224,48
2011-04-20,12.38110937113657,12.38110937113657,12.111173951684577,12.13147893587774,118
2011-04-21,12.144473173884938,12.211148922378868,12.139572408229125,12.163907953169156,91
2011-04-25,12.225468711955198,12.254702385799202,12.212246218555366,12.212246218555366,11
2011-04-26,12.170467410642084,12.170467410642084,12.052172508480052,12.115586407296796,74
2011-04-27,12.13179227867405,12.171916539112223,12.045835662381219,12.075682580233114,115
2011-04-28,12.181615952967347,12.271597016122564,12.139637858780738,12.269781582526601,116
2011-04-29,12.309533306741125,12.468203497615262,12.303035131044373,12.433484234770868,44
2011-05-02,12.482897384305835,12.482897384305835,12.40821852353269,12.40821852353269,6
2011-05-03,12.352941176470587,12.521499269836118,12.352941176470587,12.5,125
2011-05-04,12.548795426704777,12.6,12.47289580402218,12.47289580402218,87
2011-05-05,12.488654179387739,13.317993142032126,12.488654179387739,13.317993142032126,85
2011-05-06,13.50909090909091,13.63578216374269,13.179236912156165,13.63578216374269,55
2011-05-09,13.6199258656541,13.6199258656541,13.326263697419582,13.326263697419582,2
2011-05-10,12.982606460457545,12.982606460457545,12.878762115286515,12.906491959499704,4
2011-05-11,12.909783989834816,13.221476510067115,12.909783989834816,13.203814906393502,19
2011-05-12,13.256535223748338,13.279865295994329,13.256535223748338,13.279865295994329,2
2011-05-13,13.336873782970436,13.373163391750753,13.336873782970436,13.373163391750753,8
2011-05-17,13.398598886294232,13.509698570257717,13.398598886294232,13.509698570257717,13
2011-05-18,13.480180180180179,13.480180180180179,13.480180180180179,13.480180180180179,4
2011-05-20,13.491247067316369,13.660172179429091,13.463273777296518,13.638004150500768,9
2011-05-23,13.408666251445858,13.819793475281001,13.408666251445858,13.819793475281001,19
2011-05-24,13.560962614332652,13.560962614332652,13.560962614332652,13.560962614332652,1
2011-05-26,13.271011707146602,13.271011707146602,13.259239888423988,13.259239888423988,27
2011-05-27,13.27509778357236,13.415357766143108,13.226867480308144,13.363818482710565,11752
2011-05-30,13.351299660958011,13.351299660958011,13.346083630357299,13.348691645657654,13
2011-05-31,13.406258171358841,13.415845899067376,13.120561307435613,13.148195765835261,719
2011-06-01,13.118307204660326,13.498297983765385,13.108883748822068,13.458213256484148,929
2011-06-02,13.51472134595163,13.523484051875219,13.243360905528952,13.259835711197578,519
2011-06-03,13.2257226934395,13.608274647887326,13.2257226934395,13.330450575110266,892
2011-06-06,13.450826805918188,13.543375807296211,13.401195529758295,13.520966471154688,154
2011-06-07,13.503668763102725,13.536862334032145,13.215263518138261,13.215263518138261,1847
2011-06-08,13.178626477136495,13.275936289281102,12.988108290461332,13.002626450902314,163
2011-06-09,12.990179478496444,13.07339838778108,12.941275167785234,12.943791946308725,91
2011-06-10,12.88509784244857,12.976280914999577,12.790015914230672,12.936997885835094,261
2011-06-13,12.871846789842234,12.975115050281234,12.709774185484543,12.754621848739495,276
2011-06-14,12.751469353484469,12.756507136859781,12.605844263655985,12.682358812276469,31
2011-06-16,13.445392942004752,13.485477178423237,13.318460192475941,13.394720687538367,70
2011-06-17,13.35730573583582,13.737048946052163,13.35730573583582,13.71573966610124,25
2011-06-20,13.746315319338992,13.834080717488789,13.671437461107656,13.834080717488789,38
2011-06-21,13.793319042515185,14.06090909090909,13.793319042515185,14.06090909090909,35
2011-06-22,14.013586956521738,14.013586956521738,13.587792934592516,13.60494693447943,109
2011-06-23,13.63837116862468,14.112566174421845,13.451991873509408,14.112566174421845,132
2011-06-24,14.09170912459472,14.437745238778831,14.09170912459472,14.328116052681809,22
2011-06-27,14.497829232995658,14.497829232995658,14.16013596449816,14.225794179189652,76
2011-06-28,14.063670411985019,14.063670411985019,13.78090249057991,13.78090249057991,14
2011-06-29,13.833730959809138,13.833730959809138,13.449074074074074,13.481441827266238,42
2011-06-30,13.558607072338898,13.558607072338898,13.391807658058772,13.397555971813398,7
2011-07-01,13.218349928876243,13.485454545454546,13.218349928876243,13.266875279392044,18
2011-07-05,13.430872483221478,13.430872483221478,13.316888379878423,13.316888379878423,30
2011-07-06,13.36035242290749,13.587894971072542,13.36035242290749,13.509810853809439,26
2011-07-07,13.110367892976589,13.13450795015041,13.032654105209309,13.032654105209309,4
2011-07-08,12.796311818943838,12.796311818943838,12.796311818943838,12.796311818943838,1
2011-07-11,13.379673603315776,13.379673603315776,13.379673603315776,13.379673603315776,1
2011-07-12,13.315911232970612,13.325038613351639,13.224927634939556,13.224927634939556,3
2011-07-13,13.30755652685551,13.30755652685551,13.30755652685551,13.30755652685551,1
2011-07-15,13.537816563997263,13.547891411985658,13.522630230572162,13.547314578005114,5
2011-07-18,13.72840567253975,13.793370641411967,13.72840567253975,13.793370641411967,3
2011-07-19,13.556609365737996,13.556609365737996,13.5,13.5,2
2011-07-20,13.514771861508509,13.514771861508509,13.514771861508509,13.514771861508509,3
2011-07-21,13.556251587234405,13.556251587234405,13.40663970340411,13.40663970340411,6
2011-07-25,13.81562099871959,13.818181818181817,13.679572989917817,13.699372987629216,7
2011-07-26,13.64197009377376,13.64197009377376,13.64197009377376,13.64197009377376,1
2011-07-27,13.674816005414094,13.698097251585624,13.674816005414094,13.698097251585624,18
2011-07-28,13.753725623775864,13.770813764836479,13.53501306143086,13.764926646195837,9427
2011-07-29,13.730402181322427,14.04357936439583,13.730402181322427,13.921165381319621,1748
2011-08-01,13.667796610169491,14.17492609980873,13.46394853371209,13.832407011543395,985
2011-08-02,13.902919270610393,14.237084157139174,13.851031450794723,14.237084157139174,805
2011-08-03,14.424488386149728,14.732237539766702,14.373540856031127,14.704270179471312,605
2011-08-04,14.657606777267915,15.407953696788647,14.657606777267915,15.325157933853585,860
2011-08-05,15.612110986126734,15.612110986126734,15.004543802253725,15.172508465269518,476
2011-08-08,15.653775322283611,16.663751214771622,15.653775322283611,16.663751214771622,469
2011-08-09,17.426883012820515,17.694326670704623,16.459425955945456,16.768737241178187,773
2011-08-10,16.75608354090822,17.24300413501298,16.525256325839525,16.854588235294116,586
2011-08-11,16.618758749416706,17.034667176009933,16.043458159963013,16.13851288707584,553
2011-08-12,16.29142751342344,16.29142751342344,15.911602209944752,16.047561987279934,214
2011-08-15,16.059599594058493,16.085508051082734,15.911874942864978,16.069199706314244,622
2011-08-17,16.468096860325936,16.490517400110477,16.029240290609025,16.127836542808065,96
2011-08-18,16.224231464737795,17.01736370425691,16.22242314647378,17.007756284459397,741
2011-08-19,17.261426301523507,17.70350761085374,16.933701657458563,16.939093744267108,82
2011-08-22,17.779031499764926,17.779031499764926,17.300213973392875,17.452211653892327,116
2011-08-23,17.353917050691244,17.469486630019567,16.741552511415527,16.741552511415527,114
2011-08-24,16.91025641025641,16.91025641025641,15.836192884233341,16.01998183469573,305
2011-08-25,15.60025311878503,16.04653268151367,15.408606038691014,16.04653268151367,113
2011-08-26,16.091122762610738,16.262644673288982,16.072911026890456,16.25808770668584,52
2011-08-29,15.881360447562384,15.913786961168507,15.881360447562384,15.913786961168507,7
2011-08-30,16.00464783696818,16.367467718794835,15.975417032484634,16.03995093744524,171
2011-08-31,16.04893878266971,16.09541413607957,15.829764921786245,15.918812745525972,104
2011-09-01,15.807575097953853,16.0343618513324,15.807575097953853,16.00349956255468,78
2011-09-02,16.214891941552192,16.804723141604793,16.214891941552192,16.72203961979213,262
2011-09-05,16.82542508679783,16.82542508679783,16.82542508679783,16.82542508679783,2
2011-09-06,16.997095134350037,17.332062454611474,16.606811145510836,16.606811145510836,289
2011-09-07,16.319985825655564,16.319985825655564,15.626252941689183,15.680442676811344,191
2011-09-08,15.846286701208982,16.352889667250437,15.846286701208982,16.352889667250437,76
2011-09-09,16.368861024033436,16.56841729188996,16.10371530496824,16.495414477784703,56
2011-09-12,16.320830007980845,16.36071715279636,16.03121120766093,16.107006142615507,66
2011-09-13,16.273933564876657,16.331811263318112,16.162417543234085,16.331811263318112,14
2011-09-14,16.256021409455844,16.256021409455844,16.256021409455844,16.256021409455844,2
2011-09-16,15.68904593639576,16.210986267166042,15.68904593639576,16.164615658997683,51
2011-09-19,16.485771616198466,16.485771616198466,16.266982766481263,16.266982766481263,3
2011-09-20,16.145454545454545,16.338654090331943,16.145454545454545,16.338654090331943,6
2011-09-21,16.296028880866427,16.296028880866427,16.064498742364357,16.261400948558922,6
2011-09-22,16.352385451110063,16.352385451110063,16.352385451110063,16.352385451110063,1
2011-09-23,16.46288630018292,16.46288630018292,15.803083995785844,15.803083995785844,56
2011-09-26,15.647263249348393,15.647263249348393,15.384836576248443,15.511085516844226,11
2011-09-27,15.64625850340136,15.64625850340136,15.477689055894785,15.477689055894785,12
2011-09-28,15.494412620903372,15.494412620903372,15.494412620903372,15.494412620903372,20
2011-09-29,15.60806916426513,15.60806916426513,15.302051671732523,15.469708588957056,2646
2011-09-30,15.781599145050034,15.857338820301784,15.628140703517587,15.628140703517587,93
2011-10-03,16.282794536700404,16.384897433356457,16.086277571735312,16.32120253164557,52
2011-10-04,16.56885099633191,16.56885099633191,15.97483653655637,16.079255478835183,76
2011-10-05,15.863019090730171,16.055757337783447,15.735812133072407,16.055757337783447,31
2011-10-06,15.962569451213566,15.962569451213566,15.621335350860601,15.62944018186985,9
2011-10-07,15.653163836448154,15.672570607946385,15.571783123329514,15.571783123329514,31
2011-10-10,15.332290132547865,15.334190231362468,15.277395690050437,15.334190231362468,12
2011-10-11,15.363871444403397,15.363871444403397,15.22244599047968,15.22244599047968,3
2011-10-12,15.113616031490428,15.113616031490428,15.113616031490428,15.113616031490428,1
2011-10-13,15.205041556306512,15.205041556306512,15.184677271896144,15.184677271896144,16
2011-10-17,15.057604715548807,15.196060715576436,15.053542744958058,15.181172614712308,12
2011-10-18,15.031112737920935,15.105756851204708,14.894708423326133,14.96288921071687,61
2011-10-19,14.941792257016514,15.138773628400184,14.836337548201955,15.138773628400184,11
2011-10-20,14.857800276115967,14.964664310954062,14.836901589635211,14.870609981515711,36
2011-10-21,14.72657298845431,14.81458031837916,14.724218469277758,14.81458031837916,14
2011-10-24,15.013577118030412,15.013577118030412,14.863112391930835,14.863112391930835,287
2011-10-25,14.862804878048781,15.404405127279292,14.862804878048781,15.354571634269258,242
2011-10-26,15.455530474040632,15.756440708934772,15.455530474040632,15.692433761267413,51
2011-10-27,15.437102124988792,15.53159119384285,15.369660215820923,15.505266916622032,17
2011-10-28,15.61622885930191,15.885620617430106,15.61622885930191,15.782522163922561,67
2011-10-31,15.804824360267816,15.861624804489834,15.731885380543895,15.731885380543895,14
2011-11-01,15.811965811965813,15.998501311352566,15.772168405365127,15.94561989606533,157
2011-11-02,15.601876917523914,15.898426718189347,15.587519163134639,15.841638474901709,152
2011-11-03,15.800838192419825,16.045937042459737,15.800838192419825,15.90027950590569,53
2011-11-04,15.711991434689507,15.82920903446414,15.711991434689507,15.78261260451317,14
2011-11-07,15.6258222962898,15.647977537948584,15.6258222962898,15.647977537948584,7
2011-11-08,15.689399878059401,15.689399878059401,15.689399878059401,15.689399878059401,2
2011-11-09,15.8883473637572,15.8883473637572,15.747913921826967,15.824117017481269,6
2011-11-10,15.615548834726917,15.615548834726917,15.611600391424252,15.611600391424252,10
2011-11-11,15.491810458088816,15.60742752036437,15.491810458088816,15.60742752036437,10
2011-11-14,15.851376637262764,15.851376637262764,15.851376637262764,15.851376637262764,1
2011-11-16,15.85287274028996,15.890263582571276,15.791034049052197,15.890263582571276,45
2011-11-17,15.909090909090908,15.909090909090908,15.909090909090908,15.909090909090908,4
2011-11-18,15.77787976135842,15.77787976135842,15.77787976135842,15.77787976135842,1
2011-11-21,15.9906191369606,15.991672975018924,15.842189410326343,15.842189410326343,3
2011-11-23,15.686401480111009,15.867089789061042,15.686401480111009,15.867089789061042,10
2011-11-25,15.7169373549884,15.7169373549884,15.699303944315544,15.699303944315544,2
2011-11-29,15.69103448275862,15.797314695604193,15.436253721916449,15.47348484848485,15562
2011-11-30,15.366359862840644,15.79185520361991,15.357336220898757,15.79185520361991,6022
2011-12-01,15.77994933043793,16.07716448218571,15.77994933043793,15.995045417010735,319
2011-12-02,16.005138086062942,16.069364161849713,15.84982749228255,15.84982749228255,464
2011-12-05,15.63063063063063,15.748280854144047,15.561334289813487,15.676537585421412,164
2011-12-06,15.666150623804754,15.668882615426645,15.518713662790697,15.593342981186685,250
2011-12-07,15.726456992658388,15.934669228657699,15.717781402936378,15.934669228657699,115
2011-12-08,15.89975349219392,15.901227678571429,15.73945935971953,15.901227678571429,594
2011-12-09,15.879522531692421,15.904196063869291,15.761540587855892,15.761540587855892,261
2011-12-12,15.527269348694603,15.569029850746269,15.414697433046058,15.472784692550622,266
2011-12-13,15.49039716576543,15.555659146000373,15.09882869692533,15.109809663250367,113
2011-12-14,15.099850690556178,15.101294316263363,14.858410420993014,14.987593052109181,91
2011-12-16,15.277831186310326,15.466848408139422,15.27136258660508,15.411548505658189,12
2011-12-19,15.40631619487772,15.40631619487772,15.342069762960108,15.360230547550433,8
2011-12-20,15.161351020792171,15.17293374799736,15.134426229508195,15.134426229508195,49
2011-12-21,15.009314456035769,15.009314456035769,15.009314456035769,15.009314456035769,5
2011-12-22,14.910424208669822,14.910424208669822,14.809096792086532,14.809096792086532,18
2011-12-23,14.87139156180607,14.87139156180607,14.87139156180607,14.87139156180607,2
2011-12-27,14.608345534407029,14.608345534407029,14.608345534407029,14.608345534407029,1
2011-12-28,14.52914798206278,14.55944055944056,14.483398256353182,14.55944055944056,11
2011-12-29,14.39754555596876,14.443512304250559,14.219330855018589,14.443512304250559,160
2011-12-30,14.445884640311082,14.691898946583388,14.445884640311082,14.510748702742772,82
2012-01-03,14.677150786308973,14.691460819687297,14.300106990014267,14.300106990014267,51
2012-01-04,14.370819584410953,14.370819584410953,14.144302683677958,14.258081611022787,38
2012-01-05,14.219876868953385,14.399857954545455,14.068631764188298,14.399857954545455,102
2012-01-06,14.438531133581693,14.439992877492879,14.32516151871847,14.439992877492879,4
2012-01-09,14.283949527927291,14.283949527927291,14.283949527927291,14.283949527927291,1
2012-01-10,14.350362382888456,14.46488590129135,14.350362382888456,14.46488590129135,9
2012-01-11,14.534842589317297,14.534842589317297,14.534842589317297,14.534842589317297,1
2012-01-12,14.551072658250199,14.838767789587463,14.5167826623205,14.838767789587463,27
2012-01-13,14.688116149847644,14.688116149847644,14.688116149847644,14.688116149847644,1
2012-01-17,14.972904624277456,14.972904624277456,14.972904624277456,14.972904624277456,2
2012-01-19,14.916868877505168,14.916868877505168,14.88545503548648,14.90712353471596,20
2012-01-20,15.14225788801751,15.14225788801751,15.111272595149423,15.111272595149423,5
2012-01-24,15.163493942982056,15.163493942982056,15.163493942982056,15.163493942982056,1
2012-01-25,15.168131967733164,15.475669764898852,15.142495250158328,15.475669764898852,222
2012-01-26,15.59429190751445,15.59429190751445,15.592224231464739,15.592224231464739,5
2012-01-27,15.46520999373153,15.542190305206462,15.46520999373153,15.542190305206462,7
2012-01-30,15.488067468150009,15.68593693367162,15.420778754710211,15.594658003970403,5623
2012-01-31,15.587919942816296,15.686646776964107,15.48478918341932,15.684770840851678,1558
2012-02-01,15.679245283018867,15.679245283018867,15.479914681834341,15.647998563992102,221
2012-02-02,15.578806767586821,15.781432551451426,15.57784911717496,15.672999732405673,302
2012-02-03,15.620275678079146,15.620275678079146,15.048865619546248,15.068098480880042,225
2012-02-06,15.096875545470413,15.112585093384535,14.88717904383159,14.888427607680333,176
2012-02-07,14.887107893829713,14.983150436360495,14.744086021505376,14.928687334528995,123
2012-02-08,14.986705549361007,14.990983254615715,14.740690358782519,14.740690358782519,155
2012-02-09,14.670896785109981,14.79722292777919,14.593932223442915,14.593932223442915,24
2012-02-10,14.67778812769921,14.680705358671462,14.64662040606528,14.667064540881574,48
2012-02-12,14.631498600627598,14.631498600627598,14.631498600627598,14.631498600627598,2
2012-02-13,14.549305320230431,14.572906947154127,14.549305320230431,14.552295594825399,5
2012-02-15,14.5583901658668,14.627318718381114,14.471041178439906,14.519117399359947,45
2012-02-16,14.437909595026047,14.466060299814723,14.28918082168856,14.308297089327535,8
2012-02-17,14.446017994001998,14.490307486631016,14.415921063634082,14.431484434001845,21
2012-02-21,14.56953642384106,14.57299360942817,14.436770268048017,14.436770268048017,25
2012-02-22,14.397927290672808,14.464387696826305,14.292686894980882,14.464387696826305,32
2012-02-23,14.42278132837149,14.541303106906957,14.38111407551136,14.38111407551136,89
2012-02-24,14.368038740920097,14.382676147382028,14.144510978043911,14.144510978043911,14
2012-02-27,14.23671497584541,14.355699272433306,14.236250905870039,14.267577340297308,23
2012-02-28,14.48385518590998,14.603031544448996,14.394343434343433,14.603031544448996,164
2012-02-29,14.578234622287486,14.584899493381272,13.860661734818306,13.860661734818306,104
2012-03-01,13.987495940240338,13.987495940240338,13.646881686345985,13.646881686345985,57
2012-03-02,13.699791966714674,13.779938916572899,13.69234465086483,13.774616188409293,54
2012-03-05,13.781546701290269,13.806247976691486,13.695354641333227,13.771220695230395,139
2012-03-06,13.696275071633238,13.696275071633238,13.606770833333334,13.671268687198758,28
2012-03-07,13.724832214765101,13.724832214765101,13.598191214470283,13.598191214470283,5
2012-03-08,13.58033573141487,13.58033573141487,13.448686403682833,13.492240350179069,10
2012-03-09,13.532656487329122,13.532656487329122,13.44712075291115,13.469274187137291,16
2012-03-12,13.621807701545112,13.621807701545112,13.587633807317463,13.589805049536594,8
2012-03-13,13.463860206513104,13.463860206513104,13.435199113292692,13.435199113292692,4
2012-03-14,13.265581579992059,13.265581579992059,13.049070986183898,13.096836049856185,56
2012-03-15,13.183238522554284,13.183238522554284,13.142194497760716,13.16101152368758,12
2012-03-16,13.344947735191639,13.369057211925867,13.257769945530278,13.28888174807198,74
2012-03-19,13.194544149318018,13.272466310501555,13.143265565438373,13.257129201848015,123
2012-03-20,13.257533145841704,13.347618662569742,13.222428099573028,13.320450885668278,52
2012-03-21,13.32636655948553,13.353712492961145,13.254823151125402,13.303815810658508,227
2012-03-22,13.306340594380112,13.306340594380112,13.211172102034226,13.211172102034226,52
2012-03-23,13.291445142580956,13.291445142580956,13.28168676623273,13.28168676623273,5
2012-03-26,13.380326563122264,13.380595826031543,13.361972951471758,13.361972951471758,9
2012-03-27,13.477289055639819,13.477289055639819,13.422310756972111,13.422310756972111,13
2012-03-28,13.500121251313557,13.500121251313557,13.500121251313557,13.500121251313557,1
2012-03-29,13.391059202577527,13.622663262785144,13.320186735350935,13.543197778866569,13064
2012-03-30,13.489164840516192,13.56823175197331,13.477206595538313,13.547338480292565,3247
2012-04-02,13.539024390243902,13.716835899115623,13.37747287811104,13.388614256099507,277
2012-04-03,13.367151302124938,13.399743959033446,13.132713575893574,13.149644085419498,748
2012-04-04,13.081675224646983,13.198988333197358,13.042289757195691,13.198988333197358,166
2012-04-05,13.220228914684633,13.352984524686809,13.218737270875764,13.235079171741779,38
2012-04-09,13.420708802874408,13.542526837324527,13.420708802874408,13.542526837324527,35
2012-04-10,13.50818054756228,13.848464619492656,13.49408478475189,13.848464619492656,55
2012-04-11,13.880371952751949,13.89340484371072,13.759242336130265,13.775671406003159,74
2012-04-12,13.767151767151768,13.905572238905572,13.767151767151768,13.807014655030464,271
2012-04-13,13.635390946502058,13.637860082304528,13.635390946502058,13.637860082304528,23
2012-04-16,13.811270423474491,13.92646314724237,13.811270423474491,13.891600740616058,273
2012-04-17,13.899873790492217,13.956591504095938,13.781781444687658,13.956591504095938,16
2012-04-18,13.93880152996175,14.05597398151318,13.902232029194602,13.902232029194602,90
2012-04-19,13.788453434471133,13.91577517405332,13.769827877151537,13.896753411884378,26
2012-04-20,13.858626805168482,13.858626805168482,13.744880046811002,13.811806256306761,17
2012-04-23,13.851914893617021,13.868253293667657,13.838581006534838,13.865760407816483,33
2012-04-24,13.808357956943857,13.918277382163446,13.808357956943857,13.918277382163446,9
2012-04-25,13.917875625689318,13.917875625689318,13.761121369817022,13.807443501638243,8
2012-04-26,13.866544025420184,13.866544025420184,13.866544025420184,13.866544025420184,1
2012-04-27,13.818424566088117,13.947522843490653,13.818424566088117,13.89891395154553,24
2012-04-30,13.846540459038366,13.939165409753645,13.846540459038366,13.936579651941098,9
2012-05-01,14.020514545148814,14.020514545148814,13.897894385026737,13.897894385026737,4
2012-05-02,13.905817174515235,13.987989511968197,13.905817174515235,13.987989511968197,4
2012-05-03,13.905958241385166,14.091379310344827,13.905958241385166,14.082687338501293,34
2012-05-04,14.44532279314888,14.60504052008193,14.44532279314888,14.603457494207806,7
2012-05-07,14.509525919361986,14.570281124497992,14.469871001943806,14.469871001943806,8
2012-05-08,14.390134929854348,14.467989179440938,14.252547629596812,14.252547629596812,32
2012-05-09,14.122962437987244,14.122962437987244,14.122962437987244,14.122962437987244,6
2012-05-10,14.1510606195083,14.1510606195083,14.1510606195083,14.1510606195083,1
2012-05-11,14.118482991384669,14.118482991384669,14.118482991384669,14.118482991384669,1
2012-05-15,13.85491766800178,13.921691604694919,13.85491766800178,13.912150700830281,12
2012-05-17,14.196682247273394,14.627822693058265,14.188548504741064,14.627822693058265,20
2012-05-21,14.72219654247943,14.72219654247943,14.606255749770009,14.606255749770009,2
2012-05-22,14.51449608835711,14.51449608835711,14.477983937967323,14.501848428835489,3
2012-05-23,14.52027601852727,14.52027601852727,14.52027601852727,14.52027601852727,1
2012-05-24,14.628898910184141,14.628898910184141,14.628898910184141,14.628898910184141,2
2012-05-25,14.64325737766156,14.660557321862727,14.640119648532435,14.640119648532435,3
2012-05-30,14.556701030927835,15.181623931623932,14.54357431606656,15.181623931623932,13326
2012-05-31,15.081206496519721,15.403671535728387,15.039946096833189,15.32528701795702,2085
2012-06-01,15.495019920318725,16.60004079135223,15.495019920318725,16.44530061847308,900
2012-06-04,16.541453428863868,16.72217625155151,16.32620104965684,16.32620104965684,791
2012-06-05,16.365016702095353,16.373303625683615,16.318603712671507,16.373303625683615,39
2012-06-06,16.271287720346578,16.3474965090764,16.064727489327908,16.064727489327908,110
2012-06-07,16.120826709062005,16.209306970241663,15.720309895067176,15.959413301185451,456
2012-06-08,16.16107931316435,16.196074422408508,15.988162118780096,15.988162118780096,35
2012-06-11,15.791398912506178,16.1787052983487,15.791398912506178,16.1787052983487,13
2012-06-12,16.290719114935463,16.65253360910031,16.290719114935463,16.65253360910031,106
2012-06-13,16.74310505113108,16.74310505113108,16.47130647130647,16.58162740458801,252
2012-06-14,16.70965744944284,16.772628754257404,16.682876357992757,16.682876357992757,5
2012-06-15,16.719827142710155,16.719827142710155,16.606122448979594,16.606122448979594,2
2012-06-18,16.890529161035452,16.890529161035452,16.890529161035452,16.890529161035452,12
2012-06-19,16.98142737896494,16.98142737896494,16.86726951460347,16.86726951460347,2
2012-06-20,16.85447487147204,17.143009947587977,16.768292682926827,17.143009947587977,34
2012-06-21,17.347293045459477,17.535211267605636,17.300043706293707,17.535211267605636,13
2012-06-22,17.236131024594684,17.236131024594684,17.146762904636923,17.146762904636923,3
2012-06-25,17.433077862934578,17.61714412613813,17.3791657470757,17.588463671658346,11
2012-06-26,17.12581344902386,17.157665030005454,17.047154471544715,17.047154471544715,73
2012-06-27,16.870491979761006,16.870491979761006,16.82635375174938,16.849639436013348,8
2012-06-28,16.838037995062788,17.028483448806774,16.741057127602776,17.028483448806774,18
2012-06-29,16.790071518721078,16.79279089376054,16.71098084371402,16.71098084371402,12
2012-07-02,16.53770150806032,16.586024296542416,16.53770150806032,16.586024296542416,2
2012-07-03,15.95329589122081,15.95329589122081,15.95329589122081,15.95329589122081,1
2012-07-05,15.865223807181504,16.04254044337927,15.865223807181504,16.04254044337927,4
2012-07-06,15.970912738214643,16.051240341602277,15.970912738214643,16.051240341602277,2
2012-07-09,16.04872131810371,16.04872131810371,16.04872131810371,16.04872131810371,2
2012-07-11,15.82348226808255,15.82348226808255,15.82106001402665,15.82106001402665,2
2012-07-12,15.71817906530736,15.71817906530736,15.536387071187786,15.536387071187786,4
2012-07-13,15.575064115210102,15.585257985257984,15.511020089721084,15.511020089721084,6
2012-07-17,15.209378618294094,15.209378618294094,15.209378618294094,15.209378618294094,1
2012-07-18,15.074312014574742,15.074312014574742,15.074312014574742,15.074312014574742,5
2012-07-19,14.839404438617848,14.839404438617848,14.674496023673017,14.706209453197404,5
2012-07-24,15.282105874383044,15.282105874383044,15.217978395061728,15.270348837209303,4
2012-07-25,15.448761206979658,15.448761206979658,15.448761206979658,15.448761206979658,2
2012-07-26,15.28069677175045,15.28069677175045,15.28069677175045,15.28069677175045,1
2012-07-27,15.214326001128033,15.214326001128033,15.202105658958452,15.202105658958452,60
2012-07-30,15.283108044238585,15.314949475871188,15.210486750610787,15.313001605136437,6130
2012-07-31,15.326025326025327,15.472150321158088,15.2766037381422,15.448711809213677,1015
2012-08-01,15.403241182078169,15.403241182078169,15.01498407941562,15.15793455645924,617
2012-08-02,15.098575606074897,15.202465623518254,14.920605092549092,14.99057137469357,406
2012-08-03,14.901337323482652,14.991547708489856,14.703448275862069,14.76571849397036,109
2012-08-06,14.88428068876134,14.88428068876134,14.709854014598541,14.709854014598541,35
2012-08-07,14.650993918489606,14.650993918489606,14.552771999638239,14.575488776249093,18
2012-08-08,14.413824057450627,14.413824057450627,14.279387013907343,14.31652760518374,106
2012-08-09,14.409716020717983,14.409716020717983,14.286597755985511,14.286597755985511,9
2012-08-10,14.425008970218872,14.47750556792873,14.328675039801874,14.328675039801874,494
2012-08-13,14.168560937226788,14.225996655812725,14.108269096005605,14.17084984588287,249
2012-08-14,14.159866631569711,14.16139240506329,14.022120786516854,14.098995948564381,113
2012-08-15,13.969018029056537,14.042404065183108,13.800464836016184,13.816084036507663,57
2012-08-16,13.857204301075269,13.857204301075269,13.857204301075269,13.857204301075269,1
2012-08-17,14.202197802197801,14.22241835834069,14.135456772838642,14.187395622747648,14
2012-08-20,14.272462231645905,14.290388186400211,14.202351702351702,14.202351702351702,26
2012-08-21,14.231639401322658,14.304572077978843,14.186953131768169,14.304572077978843,108
2012-08-22,14.411764705882351,14.412358465724568,14.27452345721995,14.357304151467778,8
2012-08-23,14.350565288685594,14.565520851509335,14.284483501335401,14.537061231600035,42
2012-08-24,14.517112252895584,14.710496166387593,14.491090830073881,14.710496166387593,8
2012-08-27,14.878744650499288,14.878744650499288,14.800782639630025,14.800782639630025,2
2012-08-28,14.773855977296915,14.865081485439486,14.773855977296915,14.853373740975133,3
2012-08-29,14.918473391865257,14.918473391865257,14.8962247271426,14.910914137344436,13
2012-08-30,14.626865671641792,14.704418170504045,14.614500442086651,14.671869457254346,261
2012-08-31,14.595047149026174,14.729943701618577,14.572133603595665,14.707321334964181,27
2012-09-04,14.626839826839827,14.801255230125523,14.626839826839827,14.801255230125523,3
2012-09-05,14.9720868409393,14.9720868409393,14.9720868409393,14.9720868409393,2
2012-09-06,15.013150973172015,15.013150973172015,14.87766515204474,14.87766515204474,32
2012-09-07,15.100730183865576,15.332038149063935,15.100730183865576,15.240895129442737,19
2012-09-14,15.131747249936046,15.131747249936046,15.094178811898065,15.094178811898065,6
2012-09-17,15.231126796935525,15.679188178743102,15.231126796935525,15.488351648351648,8
2012-09-19,16.205823109320637,16.205823109320637,16.205823109320637,16.205823109320637,5
2012-09-20,16.150957222680223,16.150957222680223,16.150957222680223,16.150957222680223,1
2012-09-26,15.968538503749771,15.968538503749771,15.968538503749771,15.968538503749771,1
2012-09-27,15.942857142857143,15.942857142857143,15.727783224886354,15.851177730192719,530
2012-09-28,15.775586353944563,15.895114298520843,15.752669039145905,15.761896275173765,228
2012-10-01,15.896046201688138,15.911651614057051,15.793207413319145,15.857423269093504,111
2012-10-03,16.331921944035347,16.365058910162002,16.331921944035347,16.365058910162002,14
2012-10-04,16.272760378732702,16.294980413592057,16.0284258514347,16.0284258514347,71
2012-10-05,15.905603140613849,15.908279800142756,15.815275310834814,15.898720586919568,120
2012-10-08,15.853680350594757,15.855227882037534,15.853680350594757,15.855227882037534,3
2012-10-09,15.602849353618856,15.61087570621469,15.588677576293675,15.588677576293675,7
2012-10-10,15.324754369185287,15.330779944289695,15.324754369185287,15.330779944289695,4
2012-10-11,15.353017802865827,15.353017802865827,15.344213907457245,15.344213907457245,7
2012-10-12,15.40050774752692,15.40050774752692,15.329377890236454,15.329377890236454,3
2012-10-15,15.131967355443653,15.260576333537706,15.028106892674913,15.028106892674913,10
2012-10-18,15.501911620876678,15.501911620876678,15.501911620876678,15.501911620876678,4
2012-10-19,15.450720615880405,15.450720615880405,15.430463576158942,15.430463576158942,2
2012-10-23,15.776323068412317,15.852188427299703,15.776323068412317,15.852188427299703,66
2012-10-24,15.791624106230847,15.791624106230847,15.787712612696346,15.787712612696346,2
2012-10-25,15.792138451624782,15.823415444229171,15.792138451624782,15.823415444229171,5
2012-10-26,15.6734283625731,15.742219774166895,15.6734283625731,15.742219774166895,65
2012-10-29,15.533715533715533,15.638609332113449,15.533715533715533,15.638609332113449,3
2012-10-30,15.65948118377786,15.65948118377786,15.582939250636596,15.641752813100355,25
2012-10-31,15.730244483105944,15.748081841432224,15.72080291970803,15.72080291970803,5
2012-11-01,15.953682260305698,15.953682260305698,15.953682260305698,15.953682260305698,1
2012-11-02,15.681146025878004,15.681146025878004,15.59448275862069,15.605711653615845,7
2012-11-05,15.86563062636217,15.951071496301918,15.86563062636217,15.951071496301918,2
2012-11-06,15.56869881710646,15.590214623499454,15.439733549374381,15.439733549374381,10
2012-11-07,15.461607949412826,15.752253080743058,15.461607949412826,15.752253080743058,4
2012-11-13,15.994999536994166,16.064522127184826,15.994999536994166,16.064522127184826,2
2012-11-14,15.878297637650519,15.878297637650519,15.874620829120323,15.874620829120323,6
2012-11-16,15.830401777448621,15.830401777448621,15.824775649921362,15.824775649921362,2
2012-11-20,15.568549838071249,15.78027808269301,15.568549838071249,15.78027808269301,2
2012-11-23,15.692349137931034,15.692349137931034,15.692349137931034,15.692349137931034,2
2012-11-27,15.787950063325493,15.787950063325493,15.787950063325493,15.787950063325493,2
2012-11-28,15.908924652523774,15.908924652523774,15.908924652523774,15.908924652523774,3
2012-11-29,15.702554744525548,15.70633327249498,15.492311842460213,15.613860490364607,9899
2012-11-30,15.635754392320232,15.69135914407471,15.379564669904658,15.415204678362572,357
2012-12-03,15.449397806938702,15.505729495623928,15.303138373751784,15.487364620938628,100
2012-12-04,15.387400434467777,15.540009144947417,15.374569200072555,15.374569200072555,267
2012-12-05,15.424515424515425,15.57598602555852,15.383498230008168,15.57598602555852,29
2012-12-06,15.49513136138159,15.875210162525685,15.49513136138159,15.834110841574919,249
2012-12-07,15.825097892970353,15.912061239731141,15.630797773654917,15.912061239731141,50
2012-12-10,15.84598296927064,15.88268001112038,15.84598296927064,15.852057327785483,6
2012-12-11,15.827869609382214,15.86716209939619,15.815589705610074,15.86716209939619,35
2012-12-12,15.800646054453162,15.800646054453162,15.57774348733775,15.642967965684038,102
2012-12-13,15.544789762340034,15.611954022988506,15.539026629935721,15.611954022988506,20
2012-12-17,15.681419199852167,15.732147818838566,15.681419199852167,15.732147818838566,4
2012-12-18,15.666543574593797,15.666543574593797,15.362505757715338,15.362505757715338,45
2012-12-19,15.218901380129786,15.257524471686029,15.218901380129786,15.257524471686029,3
2012-12-20,15.219965388468895,15.219965388468895,14.912869849337445,14.915469914560989,23
2012-12-21,15.013676148796499,15.188246097337005,15.013676148796499,15.188246097337005,6
2012-12-24,15.178587824809476,15.178587824809476,15.178587824809476,15.178587824809476,3
2012-12-26,14.886536909139835,14.886536909139835,14.886536909139835,14.886536909139835,2
2012-12-27,14.947672320461926,15.073002629908407,14.928255572601751,15.073002629908407,23
2012-12-28,15.009048136083967,15.009048136083967,14.94400289017341,14.967432603582413,66
2012-12-31,15.140331693092765,15.140331693092765,15.034832172260923,15.12917795844625,12
2013-01-02,15.024880042651501,15.087954281632289,15.024880042651501,15.065085592011414,7
2013-01-03,14.959016393442624,14.959016393442624,14.843373493975905,14.843373493975905,56
2013-01-04,14.733797342492995,14.861411087113032,14.733797342492995,14.861411087113032,49
2013-01-07,14.843538641897375,14.847472924187725,14.794347943479435,14.795468848332284,15
2013-01-08,14.812695574430041,14.812695574430041,14.810352521195895,14.810352521195895,2
2013-01-09,14.85542923641572,14.85542923641572,14.82678154729851,14.82678154729851,3
2013-01-10,14.846925193007365,14.851362143934688,14.846925193007365,14.851362143934688,5
2013-01-11,15.166848023213637,15.166848023213637,15.009041591320074,15.009041591320074,59
2013-01-14,15.049522780479021,15.049522780479021,15.012169836834039,15.012169836834039,5
2013-01-15,15.064993276557598,15.14365486805368,15.04523873510705,15.14365486805368,6
2013-01-17,15.194816962667634,15.295182904744658,15.150965636050412,15.213951815893566,46
2013-01-18,15.227231740306582,15.227231740306582,15.203742016731132,15.203742016731132,4
2013-01-22,15.147479442259565,15.147479442259565,15.079718535672932,15.079718535672932,7
2013-01-23,15.044483985765124,15.044483985765124,14.915914321118782,14.915914321118782,16
2013-01-24,14.935168738898758,14.935168738898758,14.715483017203352,14.715483017203352,5
2013-01-25,14.59316660796055,14.66837410580235,14.59316660796055,14.607722143864597,5
2013-01-28,14.644058792279088,14.649021864211738,14.523956043956042,14.586532521401464,70
2013-01-29,14.533683289588803,14.533683289588803,14.514720013977461,14.514720013977461,5
2013-01-30,14.532820557643564,14.709434622790127,14.445794635882303,14.560382276281496,19911
2013-01-31,14.58423842210444,14.616659398168338,14.361545776778767,14.389167676068523,2864
2013-02-01,14.36753763626925,14.486384005515339,14.276068376068375,14.304567657896992,2216
2013-02-04,14.352961462195017,14.523148950927691,14.336611456176675,14.480879044817444,217
2013-02-05,14.544270833333332,14.544270833333332,14.262743756414642,14.34085256025388,166
2013-02-06,14.458923023817743,14.48109134864445,14.32321504916631,14.35296131461828,223
2013-02-07,14.356647547299032,14.380504489097904,14.154042553191488,14.253196930946293,383
2013-02-08,14.109149277688601,14.124269872174724,14.020531807472231,14.04378947368421,128
2013-02-11,14.026698208854343,14.042715484363082,13.891841727832615,13.977966101694916,562
2013-02-12,13.86380896126909,13.93276459160402,13.858287642345003,13.93276459160402,5
2013-02-14,13.964813870474247,13.96570749511926,13.83670703819768,13.848826370646554,176
2013-02-15,13.8525564803805,13.857786084444824,13.63551401869159,13.645851009672493,319
2013-02-19,13.739545997610513,13.776235757731516,13.696061643835618,13.708422402736213,98
2013-02-20,13.564229586607448,13.686264308012488,13.50389321468298,13.554938378753688,212
2013-02-21,13.514499044973084,13.917989417989418,13.514499044973084,13.847980997624703,1013
2013-02-22,13.813389194378983,13.82128108250593,13.757311217808818,13.794310722100656,35
2013-02-25,13.87093957387356,13.981603153745072,13.752818733738076,13.981603153745072,58
2013-02-26,14.081938325991189,14.189594356261022,14.043305346884665,14.189594356261022,84
2013-02-27,14.201695513952668,14.270573566084787,14.162611696009908,14.251272435038844,508
2013-02-28,14.2116515232496,14.2116515232496,14.04526418961062,14.162021219205178,66
2013-03-01,14.206213417379558,14.371311847480708,14.155937696947872,14.27923021060276,32
2013-03-04,14.295563821101332,14.325924576425578,14.22109643567939,14.275592696884367,31
2013-03-05,14.290886053036475,14.309566787003611,14.168015830185285,14.168015830185285,29
2013-03-06,14.076689309974974,14.309222423146474,14.076689309974974,14.247883264276707,53
2013-03-07,14.245860331173505,14.291267401916471,14.166068222621183,14.239710538218002,25
2013-03-08,14.255784295864457,14.373636363636363,14.237596722803824,14.33157511822481,30
2013-03-11,14.261152836847343,14.371355685131196,14.261152836847343,14.323148064194395,6
2013-03-12,14.414471885537228,14.531848877532397,14.329164042112842,14.531848877532397,51
2013-03-13,14.556234607315517,14.556234607315517,14.478320401643085,14.52749062299881,5
2013-03-14,14.475710357470211,14.475710357470211,14.475710357470211,14.475710357470211,1
2013-03-15,14.578445747800586,14.58512881635647,14.473301852524518,14.473301852524518,4
2013-03-18,14.803586283390331,14.873124652713464,14.671786432620223,14.689358587244945,288
2013-03-19,14.91033462747273,14.935113088616983,14.91033462747273,14.935113088616983,201
2013-03-20,14.877732493516119,14.877732493516119,14.868116612679316,14.868116612679316,3
2013-03-21,14.919518963922295,14.988841361353915,14.919518963922295,14.988841361353915,6
2013-03-22,14.942859797454242,14.98508019395748,14.927414852037968,14.978092663372799,97
2013-03-25,14.705774012339996,14.705774012339996,14.695700211766871,14.695700211766871,19
2013-03-26,14.714074893931008,14.714074893931008,14.714074893931008,14.714074893931008,5
2013-03-27,14.61369662613148,14.72685609532539,14.508928571428571,14.615524781341108,23931
2013-03-28,14.622108905481698,14.69434515626432,14.497590251886878,14.511729405346426,2184
2013-04-01,14.577445528307047,14.581469648562301,14.37353945712745,14.402198396251915,168
2013-04-02,14.429306144545702,14.429306144545702,14.226693012394467,14.274712331249432,1541
2013-04-03,14.205183976798985,14.528812926123097,14.200652528548124,14.528812926123097,1604
2013-04-04,14.369763544963693,14.723065250379364,14.313380281690142,14.597160853624143,545
2013-04-05,14.59764705882353,15.176719170188244,14.59764705882353,15.11790644171779,561
2013-04-08,15.02524530818329,15.131832178598922,14.993808934184209,15.031548757170173,58
2013-04-09,14.97858978018841,15.203065134099617,14.886320931980459,14.886320931980459,161
2013-04-10,14.942724604752438,14.942724604752438,14.721119304216298,14.762175478491566,202
2013-04-11,14.769755542922114,15.047637378500625,14.712719712719714,15.047637378500625,365
2013-04-12,15.025291828793774,15.06368802665099,14.614860921999613,14.614860921999613,563
2013-04-15,13.888011060635986,13.973457462612659,13.468743837507395,13.468743837507395,55
2013-04-16,13.466006667340135,14.021420632514904,13.354194004239428,13.734855311905477,257
2013-04-17,13.736800159394303,14.152905198776761,13.736800159394303,14.071654588139225,49
2013-04-18,14.0216511533792,14.246141265460494,13.977421630883985,14.032648125755744,38
2013-04-19,14.214909200361191,14.214909200361191,14.015614052647383,14.08953722334004,34
2013-04-22,14.297528895974493,14.297528895974493,14.148471615720522,14.16633505769996,31
2013-04-23,14.175526579739216,14.287874206229212,14.06975585450922,14.08529294539657,161
2013-04-24,14.076092341226593,14.197359277275885,13.99271366679795,14.039084749091623,60
2013-04-25,14.179323860852524,14.237652811735941,14.172430589381392,14.200993280747882,13
2013-04-26,14.307394876752053,14.32027092404451,14.12536443148688,14.1328664526797,615
2013-04-29,14.303024428072897,14.303024428072897,14.13680154142582,14.175506268081003,66
2013-04-30,14.139197680038667,14.368164062499998,14.11940586419753,14.368164062499998,92
2013-05-01,14.584862612836027,14.597609561752986,14.477179666433637,14.571686203787197,115
2013-05-02,14.443120905300775,14.614849418546864,14.39517315804964,14.39897949170837,208
2013-05-03,14.366663421283224,14.384503631961259,13.997133301481126,14.04602109300096,22
2013-05-06,14.056630756030128,14.145755215844629,13.94664388113548,13.94664388113548,11
2013-05-07,13.91254752851711,13.91254752851711,13.668303740083115,13.845124282982793,70
2013-05-08,13.92286343190736,14.156666986656427,13.92286343190736,14.133896029157873,48
2013-05-09,14.056124892251699,14.150579150579151,13.985946674367119,13.985946674367119,7
2013-05-10,13.974469718782993,14.012496338963192,13.894910005806077,13.9105283455457,398
2013-05-13,13.87747188832881,13.999413718975962,13.87747188832881,13.939010132501949,103
2013-05-14,13.961146187469645,13.961146187469645,13.891107431576897,13.891107431576897,23
2013-05-15,13.787700744222482,13.868813825608798,13.574414309322446,13.574414309322446,192
2013-05-17,13.10907529344403,13.180124223602483,13.004012994458247,13.004012994458247,42
2013-05-20,13.00728807057921,13.229961832061068,12.963457685335369,13.229961832061068,16
2013-05-21,13.12529958776723,13.162450706934694,13.026177006424392,13.159311604653398,34
2013-05-22,13.42235123367199,13.496760468039842,13.283914728682172,13.283914728682172,10
2013-05-23,13.618001764878912,13.705975464978236,13.559652716808115,13.559652716808115,44
2013-05-24,13.60844905143751,13.60844905143751,13.60844905143751,13.60844905143751,2
2013-05-28,13.287143956889915,13.330456463367854,13.212544220288747,13.30393942298476,51
2013-05-30,13.619949248487215,13.986352848101264,13.568856447688566,13.823644548835388,25432
2013-05-31,13.842388644150757,13.942885278188086,13.724580454096742,13.859912070343725,3191
2013-06-03,13.93781865440368,13.98880895283773,13.645079240853061,13.82701537858752,682
2013-06-04,13.853768499460942,13.853768499460942,13.496084308227786,13.525200735222985,422
2013-06-05,13.534190927555857,13.625181598062953,13.454422817498553,13.592581804058648,1074
2013-06-06,13.505952957119348,13.695987654320987,13.49975810353169,13.65613221223543,528
2013-06-07,13.574451712197,13.596035411855274,13.156139849480804,13.166189111747851,815
2013-06-10,13.20769157179757,13.341996342285109,13.205447918664875,13.341996342285109,211
2013-06-11,13.331075851393189,13.507243539545811,13.220257079346672,13.390291262135923,308
2013-06-12,13.334302325581394,13.482341557813257,13.261289077576226,13.405776103544866,122
2013-06-14,13.101187648456058,13.130911842603103,13.02896370133534,13.043069400037615,57
2013-06-17,13.160189573459716,13.160189573459716,13.024964672633065,13.087706004925176,64
2013-06-18,13.068978586317982,13.094085255862527,12.880075542965061,12.886393659180978,115
2013-06-19,12.873811988331608,12.953387431590865,12.745487194027028,12.801062014033757,119
2013-06-20,12.769333079992398,12.870290480299108,12.38342467070474,12.533856722276742,537
2013-06-21,12.487259898079184,12.909525707453168,12.487259898079184,12.828262808443167,316
2013-06-24,12.792595541401274,12.865567216391804,12.68145956607495,12.684278223013754,201
2013-06-25,12.685295283392787,12.685295283392787,12.515717092337917,12.587143280339687,722
2013-06-26,12.393543275896217,12.393543275896217,12.12073387255869,12.151886233458423,148
2013-06-27,12.124499169354051,12.172376558358692,11.631205673758865,11.687274851523709,260
2013-06-28,11.562469521115771,12.039557426808969,11.562469521115771,12.039557426808969,89
2013-06-30,12.085943617854348,12.085943617854348,12.085943617854348,12.085943617854348,1
2013-07-01,12.001166861143524,12.22687031812433,11.970647871005118,12.154025444304166,124
2013-07-02,12.278677397459518,12.278677397459518,11.97671061495525,11.97671061495525,71
2013-07-03,11.869755911517927,11.952123111997722,11.795501795501798,11.812848897719746,13
2013-07-05,11.645569620253164,11.664933345939302,11.294642857142858,11.294642857142858,21
2013-07-08,11.45232091155319,11.541767893851617,11.449789817842131,11.541767893851617,29
2013-07-09,11.625500978655978,11.665888940737284,11.599404872605541,11.61500511961277,12
2013-07-10,11.562874803948704,11.653144016227182,11.539240972733973,11.575583549462765,47
2013-07-11,11.807406046126987,11.883748957077964,11.807406046126987,11.883748957077964,6
2013-07-12,11.750092013249906,11.750092013249906,11.750092013249906,11.750092013249906,1
2013-07-15,11.849764390649542,11.849764390649542,11.786206263201397,11.786206263201397,4
2013-07-17,11.961313121919465,11.965243113329636,11.731797235023043,11.731797235023043,8
2013-07-18,11.851270207852195,11.858921161825725,11.79666635970163,11.839122823182532,10
2013-07-19,11.837034318223527,11.844544370010095,11.837034318223527,11.844544370010095,2
2013-07-22,12.194874631268437,12.345473079418035,12.194874631268437,12.345473079418035,4
2013-07-23,12.306765523632993,12.319388131220053,12.273649271620876,12.319388131220053,7
2013-07-24,12.428916558260545,12.428916558260545,12.360329958755154,12.360329958755154,4
2013-07-25,12.38736212376145,12.42503748125937,12.350909939337377,12.42503748125937,12
2013-07-26,12.376145073845578,12.383932741709483,12.350798543009248,12.356123495942544,55
2013-07-29,12.367100371747213,12.367100371747213,12.367100371747213,12.367100371747213,2
2013-07-30,12.34817436661699,12.423419203747073,12.282385834109974,12.410146012729316,22633
2013-07-31,12.465830368844786,12.542867910307141,12.179546937634008,12.272474513438368,3685
2013-08-01,12.240037071362373,12.271290442543696,11.950885521270767,11.979157144163088,824
2013-08-02,11.742935278030993,12.107300884955752,11.71225382932166,12.02333915280713,600
2013-08-05,12.012250868531726,12.154460224635663,11.942809856564914,11.990246595509753,531
2013-08-06,11.910692868345789,11.953734671125975,11.786828104934875,11.864187251364603,854
2013-08-07,11.805040770941439,11.98529411764706,11.805040770941439,11.98529411764706,520
2013-08-08,11.998886930711436,12.340726757904672,11.998886930711436,12.304808323179305,173
2013-08-09,12.190502845414684,12.265100671140939,12.114745011086475,12.142989100314058,289
2013-08-11,12.295324339308815,12.295324339308815,12.295324339308815,12.295324339308815,1
2013-08-12,12.337879209574172,12.438526491602488,12.230029585798816,12.270433905146316,118
2013-08-13,12.203887055372205,12.261697646735646,12.043422733077906,12.047028800583302,126
2013-08-14,12.104781932888361,12.180904522613066,12.080058490221166,12.086507072905333,65
2013-08-15,12.019464720194646,12.019464720194646,11.966058855389058,11.971640173410405,7
2013-08-16,12.433366687892294,12.525445292620864,12.402031930333818,12.479383778885365,117
2013-08-19,12.533043635705233,12.533043635705233,12.319220005416629,12.422863383999273,85
2013-08-20,12.453211009174312,12.593644106603168,12.430819316332066,12.476129853596435,64
2013-08-21,12.446497164807024,12.520924308588063,12.403382740747476,12.460837887067395,35
2013-08-22,12.456076467910787,12.583409298085689,12.456076467910787,12.498178506375227,39
2013-08-23,12.511361570623523,12.632913685354588,12.436814928888486,12.59412718429112,138
2013-08-26,12.602008504478423,12.640981683659659,12.553153153153154,12.619690424766018,78
2013-08-27,12.654891060701157,12.654891060701157,12.371503496503495,12.371503496503495,319
2013-08-28,12.320041429311239,12.349381969055235,12.250215703192406,12.27709072040128,10
2013-08-29,12.189850436586841,12.314490724536226,12.087611225188228,12.314490724536226,325
2013-08-30,12.285290783852123,12.285290783852123,12.115267771894802,12.198966634556442,73
2013-09-03,12.091645613729419,12.225775780101998,12.065292691375129,12.204751619870411,77
2013-09-04,12.16089965397924,12.168110918544194,12.053749458170786,12.057545201668983,28
2013-09-05,12.050325379609545,12.09671787709497,11.912687347507841,11.922308160250283,33
2013-09-06,11.84317807268627,11.998101156568271,11.84317807268627,11.986011570676107,19
2013-09-09,12.092050209205022,12.2494038682328,12.089942478647378,12.2494038682328,34
2013-09-10,12.15102366391917,12.29155411489285,12.15102366391917,12.29155411489285,17
2013-09-11,12.208224601817692,12.223318385650225,12.208224601817692,12.223318385650225,20
2013-09-12,11.971969291198,11.971969291198,11.783343658730862,11.837443247574113,23
2013-09-13,11.659669495310405,11.659669495310405,11.659669495310405,11.659669495310405,1
2013-09-16,11.987701211792366,12.06145966709347,11.922414574458443,11.932696680309231,53
2013-09-17,12.058958582055284,12.14756380510441,12.058958582055284,12.14756380510441,23
2013-09-18,12.045223811721273,12.264082264082264,12.045223811721273,12.121486034529513,20
2013-09-19,12.336794582392777,12.597127600810163,12.336794582392777,12.597127600810163,20
2013-09-23,12.180533895972845,12.248219735503563,12.180533895972845,12.239911144020732,22
2013-09-24,12.174759080800595,12.258451875115462,12.13398813936249,12.15191036002939,53
2013-09-25,12.100210295327786,12.234744365035734,12.100210295327786,12.234744365035734,28
2013-09-26,12.295791509347085,12.296030871003307,12.184394552815606,12.184394552815606,5
2013-09-27,12.172356828193832,12.374479889042995,12.14888155482215,12.330410706045225,1714
2013-09-29,12.471993333950559,12.471993333950559,12.471993333950559,12.471993333950559,4
2013-09-30,12.463768115942027,12.463768115942027,12.255895357406043,12.27046000369481,325
2013-10-01,12.258838733499493,12.366907809311817,11.956420955030135,11.97605346203824,325
2013-10-02,11.964153046062407,12.220780424506442,11.964153046062407,12.058877308465899,102
2013-10-03,12.004948226885366,12.11465905953805,11.896284123071304,12.11465905953805,50
2013-10-04,12.047950219619326,12.078467153284672,11.958329525724206,11.986627587470233,16
2013-10-07,12.124261447562777,12.216785153725418,12.048807138954654,12.087289992695398,39
2013-10-08,12.099497946143314,12.099497946143314,11.978081695498597,12.005803409503082,36
2013-10-09,11.893389030148928,12.04871323529412,11.87368228068567,11.960999725350177,70
2013-10-10,11.807009558488849,11.943685073810826,11.478338543992853,11.478338543992853,79
2013-10-11,11.56841633019291,11.56841633019291,11.331482808022923,11.427284195350513,80
2013-10-14,11.651676206050695,11.669241253975466,11.521895837087763,11.521895837087763,26
2013-10-15,11.371932032724985,11.476155806334184,11.36692599963814,11.476155806334184,141
2013-10-17,11.881476095255408,12.119515329539196,11.881476095255408,12.119515329539196,58
2013-10-18,11.967287596547024,12.014959408920916,11.967287596547024,11.976277372262773,28
2013-10-21,12.017327861377108,12.03033625730994,11.967794759825328,11.967794759825328,7
2013-10-22,12.030783159800814,12.227185705169113,12.014460009037506,12.227185705169113,52
2013-10-23,12.19619326500732,12.214783565663977,12.19619326500732,12.214783565663977,6
2013-10-24,12.490678598061148,12.61328599458096,12.490678598061148,12.588576236327942,16
2013-10-25,12.632072815989492,12.656118340979308,12.632072815989492,12.656118340979308,13
2013-10-28,12.46725696365984,12.488897113249445,12.420627638098733,12.420627638098733,22
2013-10-29,12.371930469971488,12.371930469971488,12.371930469971488,12.371930469971488,1
2013-10-30,12.419547079856972,12.443467911745858,12.179463797191318,12.210497589375056,22
2013-10-31,12.106415989778224,12.172673777123943,12.101852696906088,12.172673777123943,40
2013-11-01,12.142070484581499,12.274726302984934,12.142070484581499,12.274726302984934,13
2013-11-04,12.348513360933385,12.527274452139267,12.348513360933385,12.464522232734152,24
2013-11-05,12.353494497225096,12.415559772296014,12.34205307394466,12.414904712240448,80
2013-11-06,12.469030732860519,12.469030732860519,12.409729423965306,12.409729423965306,3
2013-11-07,12.681805116412761,12.681805116412761,12.449175297276563,12.601100279895762,116
2013-11-08,12.600905500433482,12.600905500433482,12.290829025464294,12.290829025464294,17
2013-11-11,12.06779661016949,12.100443689228735,12.058740468794126,12.100443689228735,5
2013-11-12,12.01105282877482,12.01105282877482,11.931314274931598,11.931314274931598,3
2013-11-13,11.892093717912816,11.897646619350018,11.892093717912816,11.897646619350018,3
2013-11-14,11.866629721991318,11.866629721991318,11.866629721991318,11.866629721991318,1
2013-11-15,11.862445616958253,11.933809214795586,11.862445616958253,11.907626804887078,10
2013-11-18,11.837054807159994,11.837054807159994,11.733837498847182,11.733837498847182,7
2013-11-19,11.806314230163874,11.883801175044296,11.806314230163874,11.883449883449883,3
2013-11-20,11.642315516922508,11.642315516922508,11.5238360230013,11.532400111245016,67
2013-11-21,11.532765642354683,11.532765642354683,11.28507855780583,11.28507855780583,68
2013-11-22,11.229196816208393,11.341163616498223,11.182931220741809,11.182931220741809,48
2013-11-25,11.300596603946765,11.333884145781694,11.169590643274853,11.193681565248609,15
2013-11-26,11.164002155559547,11.164002155559547,11.164002155559547,11.164002155559547,1
2013-11-27,11.197513065417192,11.282189807311363,11.075268817204302,11.094268544264061,54304
2013-11-29,11.209713821431796,11.41215106732348,11.209713821431796,11.394226391039068,2310
2013-12-01,11.389521640091116,11.389521640091116,11.389521640091116,11.389521640091116,12
2013-12-02,11.313689936536719,11.318822023047375,10.91468855970016,10.940163272629407,2870
2013-12-03,10.964006821649763,11.003781058696434,10.826614689465757,10.857827901607317,1424
2013-12-04,10.834882691456396,11.18200555605341,10.774629119658881,11.18200555605341,1562
2013-12-05,11.084520928565027,11.127052878541779,10.909416077975498,11.02961029610296,243
2013-12-06,11.037296037296036,11.11910759265923,10.915866032145102,11.011477761836442,770
2013-12-09,11.054947028191776,11.37628111273792,11.02644554011654,11.37628111273792,293
2013-12-10,11.319021195306103,11.624033860875965,11.31125226860254,11.506524317912218,571
2013-12-11,11.508088840142582,11.582575130962226,11.45941514074884,11.45941514074884,49
2013-12-12,11.45021447476499,11.45021447476499,11.22151321786691,11.308514559528199,383
2013-12-13,11.297167635390718,11.444824715567478,11.276478172775834,11.365350998251909,51
2013-12-17,11.39703853582268,11.409253978474842,11.342912406742194,11.379628774586756,13
2013-12-18,11.390935887988208,11.390935887988208,11.152545471163513,11.160599963416864,70
2013-12-19,10.997444789195107,11.023183643665572,10.812132186509732,10.834766862833861,47
2013-12-20,10.840419757553825,10.848827809215845,10.759323852964851,10.759323852964851,76
2013-12-23,10.73037236428892,10.78454227562091,10.73037236428892,10.754260089686097,56
2013-12-24,10.76847378779746,10.76847378779746,10.733863047942148,10.761811199428418,95
2013-12-26,10.866296760336496,10.886381950040292,10.83713034932547,10.838986076401286,31
2013-12-27,10.837799214005003,10.882536846806609,10.833704462456577,10.872129389688142,126
2013-12-30,10.766423357664234,10.85480093676815,10.706071142016583,10.795760732890246,96
2013-12-31,10.665944775311317,10.915996021340085,10.665944775311317,10.823338443502571,44
2014-01-02,10.96980046737372,11.365364993970873,10.965101636985068,11.365364993970873,58
2014-01-03,11.439443155452436,11.58485273492286,11.439443155452436,11.561126180899823,81
2014-01-06,11.60844386325425,11.621394567348082,11.397017707362536,11.592630692976712,86
2014-01-07,11.523135648449866,11.523135648449866,11.432432432432433,11.459867623753146,39
2014-01-08,11.365745036184821,11.395674063024426,11.34200743494424,11.395674063024426,63
2014-01-09,11.38055890817937,11.548739179525782,11.38055890817937,11.548739179525782,5
2014-01-10,11.533788204505095,11.706192358366271,11.533788204505095,11.66619731531024,44
2014-01-13,11.633072041806644,11.672425063031096,11.62177276540218,11.672425063031096,20
2014-01-14,11.732157929288194,11.732157929288194,11.694915254237287,11.696479005836943,23
2014-01-15,11.714097248398039,11.714097248398039,11.540684127132073,11.556902985074627,42
2014-01-17,11.732179800639457,11.768905589478628,11.712193748239933,11.768905589478628,90
2014-01-21,11.757416447615473,11.757416447615473,11.469251460903441,11.484983314794217,98
2014-01-22,11.561102831594635,11.561102831594635,11.49490268767377,11.49490268767377,53
2014-01-23,11.462264150943396,11.729448877342735,11.462264150943396,11.729448877342735,37
2014-01-24,11.746757488103015,11.893740629685157,11.746757488103015,11.758517966859056,27
2014-01-27,11.723431974688257,11.838951310861425,11.718662432280963,11.718662432280963,43
2014-01-28,11.707635009310987,11.717105875779867,11.659689273420783,11.659689273420783,20
2014-01-30,11.725479299805501,11.725930739949867,11.447951273532668,11.520852641334567,23906
2014-01-31,11.513718946978123,11.727298232488543,11.495041245713226,11.69110735100583,1645
2014-02-02,11.680451127819548,11.680451127819548,11.680451127819548,11.680451127819548,30
2014-02-03,11.700967954139648,11.988431632846577,11.65259009009009,11.86474250141483,1952
2014-02-04,11.862199150542708,11.891405287595944,11.776563677467975,11.8478671196678,365
2014-02-05,11.81997742663657,11.98849165173097,11.819550286950793,11.849759954815022,704
2014-02-06,11.834896810506566,11.834896810506566,11.723203438930941,11.728993751748577,124
2014-02-07,11.74083403302547,11.872547187441599,11.577119883040936,11.578033625730994,365
2014-02-10,11.597514165600439,11.748135874067938,11.597514165600439,11.736488352822024,494
2014-02-11,11.787288758265982,11.891394385641968,11.728633067107316,11.891394385641968,198
2014-02-12,11.85423168716725,11.91581468177213,11.79522371671699,11.893306399779634,58
2014-02-13,11.912225705329154,11.976615724544283,11.912225705329154,11.976615724544283,49
2014-02-14,12.077682443029799,12.230049124107888,12.067502766506824,12.105697770437656,89
2014-02-18,12.015163971864437,12.077590141487905,12.007827432420132,12.034006182942353,74
2014-02-19,11.990551467248116,11.990551467248116,11.857854232684472,11.857854232684472,111
2014-02-20,11.923917000364034,11.984967852938512,11.898160732082994,11.984967852938512,76
2014-02-21,11.992918104230979,12.104064151631128,11.99018984467254,12.076193948231863,98
2014-02-24,12.137661392980542,12.156559687244295,12.072950523654749,12.088756326825742,41
2014-02-25,12.113097939547972,12.236602260298943,12.110274780085247,12.227988709824274,95
2014-02-26,12.191530229580172,12.191868433074463,12.068525605977767,12.090287277701778,34
2014-02-27,12.12004757983347,12.270344827586207,12.12004757983347,12.217938125401634,247
2014-02-28,12.219157933443649,12.276370336250576,12.114626318202658,12.17367358178814,155
2014-03-02,12.250848079215183,12.250848079215183,12.220592280187038,12.220592280187038,21
2014-03-03,12.128735217116548,12.199241329479769,12.013039206930427,12.192831994222262,163
2014-03-04,12.1802668603068,12.251740564309271,12.11578471279964,12.240952817224002,54
2014-03-05,12.326181047978634,12.402885682574917,12.31654543780499,12.392632358385784,22
2014-03-06,12.354521868050407,12.540404978636447,12.354521868050407,12.506708614786712,46
2014-03-07,12.495366938472943,12.505315706757882,12.27820171003034,12.295036764705882,86
2014-03-10,12.292319027445203,12.447468295843747,12.292319027445203,12.372161713125347,68
2014-03-11,12.425500507426884,12.454344216934144,12.36691312384473,12.42164454277286,35
2014-03-12,12.576488040051919,12.72161886196974,12.559948152948799,12.652362896513456,39
2014-03-13,12.739598811292717,12.80952380952381,12.739598811292717,12.798768541841591,10
2014-03-14,12.793202711486675,12.793202711486675,12.686814705611352,12.686814705611352,7
2014-03-17,12.834169920059491,12.866385372714486,12.834169920059491,12.866385372714486,12
2014-03-18,12.799398383154728,12.804889515749883,12.764838467317807,12.764838467317807,21
2014-03-19,12.698652087849938,12.698652087849938,12.589866968581942,12.589866968581942,45
2014-03-20,12.571401640116882,12.593539831391494,12.527835440649179,12.593539831391494,38
2014-03-21,12.553670197806317,12.553670197806317,12.42720253046795,12.42720253046795,3
2014-03-24,12.48010485909559,12.48010485909559,12.234449314557494,12.259390768080733,64
2014-03-25,12.285340558721854,12.285340558721854,12.231227874045091,12.231227874045091,9
2014-03-26,12.24607916355489,12.24607916355489,12.24607916355489,12.24607916355489,3
2014-03-28,12.015410323059784,12.05754060324826,11.879789493121596,11.995921016037823,33562
2014-03-31,11.96903680355984,12.023411371237458,11.893897236134299,11.918291550603527,1762
2014-04-01,11.96594715295869,12.157309774864634,11.925754060324826,12.140417457305501,264
2014-04-02,12.157085941946498,12.44014998557831,12.144749290444654,12.313568223049746,708
2014-04-03,12.357381748686096,12.357381748686096,12.145152145152146,12.153060259199698,382
2014-04-04,12.110160729391861,12.248803827751194,12.110160729391861,12.207536557930258,788
2014-04-07,12.313595452392232,12.319377195480868,12.2169988717563,12.268343419062028,185
2014-04-08,12.324792765636776,12.344924812030074,12.139478809236762,12.153403287213298,57
2014-04-09,12.22802761709274,12.22802761709274,12.072831727205338,12.147227888002968,162
2014-04-10,12.311557788944725,12.31728889302672,12.236439499304591,12.283772460664744,40
2014-04-11,12.31522043060863,12.31522043060863,12.229340761374186,12.293415407573214,39
2014-04-14,12.25272693658717,12.322867463184219,12.169448010269576,12.169448010269576,38
2014-04-15,11.928723109592836,11.941881918819188,11.928723109592836,11.941881918819188,9
2014-04-16,11.918923865300146,11.918923865300146,11.80736029077692,11.886809675947056,110
2014-04-17,11.856281957633309,11.935513419437575,11.800926346380892,11.830238726790451,88
2014-04-21,11.76470588235294,11.767769048054083,11.709316091430653,11.739249271137025,28
2014-04-22,11.784995425434584,11.796610169491524,11.71195900814347,11.745813889651386,42
2014-04-23,11.764059351529584,11.820942215679057,11.746365548139343,11.772256349133585,77
2014-04-24,11.746888726207906,11.79692475661905,11.62597165066301,11.689299293862032,230
2014-04-25,11.76930774128991,11.899625194259073,11.76930774128991,11.879967114277884,164
2014-04-28,11.84744067642513,11.989282084449782,11.84744067642513,11.98763495432315,36
2014-04-29,11.97006098687858,11.97006098687858,11.867508463720377,11.88601321585903,371
2014-04-30,11.91245729060855,12.022440652818991,11.879963065558632,11.954852437783329,107
2014-05-01,11.984690067214338,11.984690067214338,11.909133055169217,11.909133055169217,16
2014-05-02,11.773271889400922,12.003132774348106,11.773271889400922,11.960261245515593,62
2014-05-05,12.046584422758238,12.212372865540729,12.046584422758238,12.212372865540729,15
2014-05-06,12.10613905325444,12.21568077749743,12.10613905325444,12.21568077749743,9
2014-05-07,12.170672629029253,12.170672629029253,11.944727812297135,11.944727812297135,8
2014-05-08,11.971046770601335,11.971386101820883,11.931501763504734,11.931902294596595,32
2014-05-09,11.894281241366608,11.894281241366608,11.894281241366608,11.894281241366608,3
2014-05-13,11.951782745242934,11.951782745242934,11.87827525972235,11.88178972564905,10
2014-05-14,11.868631732168849,11.868631732168849,11.845329944631025,11.845329944631025,3
2014-05-15,11.694547427434667,11.694547427434667,11.694547427434667,11.694547427434667,4
2014-05-16,11.769903443250136,11.769903443250136,11.769903443250136,11.769903443250136,8
2014-05-19,11.823053865019528,11.836845930232558,11.823053865019528,11.828592202126693,21
2014-05-20,11.77968422013325,11.848085028403885,11.77968422013325,11.80111202260505,5
2014-05-21,11.688759760305068,11.688759760305068,11.688759760305068,11.688759760305068,1
2014-05-22,11.723888033336353,11.737672226250908,11.723888033336353,11.737672226250908,3
2014-05-27,11.616951618770463,11.616951618770463,11.507583325765143,11.507583325765143,5
2014-05-29,11.433766706064187,11.456513828238718,11.340215521144616,11.39509536784741,20332
2014-05-30,11.40962761126249,11.463013698630137,11.347893630631452,11.415008216176739,2022
2014-06-02,11.347433676725318,11.469994494402643,11.334427126059612,11.434618569982515,301
2014-06-03,11.431586675231715,11.490282766878511,11.43066899146554,11.443791329904483,431
2014-06-04,11.438148590320507,11.478951255539144,11.384798317021861,11.478814732761009,411
2014-06-05,11.504023679585607,11.61819192293442,11.496434855079174,11.512257827564044,483
2014-06-06,11.53471711976488,11.535414939670261,11.453376205787782,11.517939282428703,238
2014-06-08,11.531307550644568,11.531307550644568,11.531307550644568,11.531307550644568,1
2014-06-09,11.510507479122694,11.510507479122694,11.408937835623918,11.424275560415529,46
2014-06-10,11.421573074480632,11.5382501145213,11.421573074480632,11.5382501145213,977
2014-06-11,11.478854024556615,11.484815420985633,11.462705551012993,11.469918995176117,69
2014-06-12,11.428960014507208,11.428960014507208,11.279759270731924,11.279759270731924,60
2014-06-16,11.324309978768577,11.387900355871885,11.257750221434897,11.257750221434897,196
2014-06-17,11.258666666666667,11.258666666666667,11.160133591140797,11.195910813430864,499
2014-06-18,11.159330985915494,11.204723715519522,11.102375960866526,11.148388227049756,39
2014-06-19,11.182889567874291,11.503962379169208,11.182889567874291,11.449565217391305,515
2014-06-20,11.407678244972578,11.491808992680376,11.388864685893525,11.471948346566617,159
2014-06-23,11.392624728850326,11.5600035115442,11.384122031547928,11.554190434401052,107
2014-06-24,11.572846228154912,11.60186079171421,11.492459245052743,11.532617238669111,121
2014-06-25,11.52053954629062,11.649938369431238,11.513797634691194,11.608993500790444,285
2014-06-26,11.544629482773814,11.618997175141244,11.544629482773814,11.602010227473109,362
2014-06-27,11.667697199894004,11.667697199894004,11.584367573277,11.645759717314487,309
2014-06-30,11.662528817166164,11.811716597030848,11.651425019976916,11.811716597030848,462
2014-07-01,11.80952380952381,11.855743544078363,11.80824595699307,11.83835323471752,41
2014-07-02,11.816886355539722,11.962406691249212,11.816886355539722,11.955387659651016,223
2014-07-03,11.918142392482832,11.927069230074917,11.854460093896712,11.921791745687708,19
2014-07-04,11.903304222562348,11.942133815551538,11.903304222562348,11.94122965641953,31
2014-07-07,11.873250880202221,11.94719172488885,11.873250880202221,11.94719172488885,19
2014-07-08,12.013850920357209,12.077826725403819,12.013850920357209,12.077826725403819,6
2014-07-09,12.213733431516937,12.227041993539455,12.206261510128913,12.227041993539455,11
2014-07-10,12.44858254585881,12.44858254585881,12.288868445262189,12.288868445262189,23
2014-07-11,12.437866517732477,12.570409312805108,12.426976744186048,12.570409312805108,40
2014-07-14,12.389629907946647,12.389629907946647,12.197832990846255,12.257399775196701,83
2014-07-15,12.374976410643518,12.484537063469407,12.269839764862045,12.269839764862045,244
2014-07-16,12.25228622607712,12.25228622607712,12.25228622607712,12.25228622607712,10
2014-07-17,12.1162250116225,12.301830684880587,12.1162250116225,12.21583000835112,15
2014-07-18,12.121156154769599,12.213626619442632,12.083256244218317,12.213626619442632,24
2014-07-21,12.250606004102181,12.266741384141218,12.244593586875466,12.266741384141218,15
2014-07-22,12.170449282075033,12.170449282075033,12.170449282075033,12.170449282075033,1
2014-07-24,12.04064587973274,12.04064587973274,12.04064587973274,12.04064587973274,1
2014-07-25,12.097542745024759,12.097542745024759,12.040872942481966,12.040872942481966,8
2014-07-28,12.122873873036527,12.168562371806825,12.122873873036527,12.168562371806825,2
2014-07-30,12.088760699665054,12.246363121103345,11.993318485523385,12.215518054115208,23844
2014-07-31,12.189588628447709,12.2639545884579,12.077995478522984,12.149081265391173,5173
2014-08-01,12.128745628131202,12.38231917336395,12.112410411165598,12.38231917336395,1185
2014-08-04,12.346763414168418,12.351537139583732,12.205798749289368,12.220324508966696,755
2014-08-05,12.207484604452866,12.368547074035055,12.207484604452866,12.282525753529187,708
2014-08-06,12.319877850939974,12.501433760275281,12.28634109118657,12.501433760275281,555
2014-08-07,12.488757056740981,12.515507204885962,12.408282904689862,12.408282904689862,199
2014-08-08,12.33589647411853,12.521722524587034,12.317917992885228,12.477116704805491,395
2014-08-10,12.458579318225102,12.458579318225102,12.458579318225102,12.458579318225102,1
2014-08-11,12.437374988094104,12.517462443785284,12.410485326241808,12.517462443785284,94
2014-08-12,12.603385266397384,12.775994553059041,12.60267384822545,12.673056443024493,403
2014-08-13,12.756166520425078,12.756166520425078,12.598175708113297,12.598175708113297,201
2014-08-14,12.769081186193485,12.86330230279275,12.769081186193485,12.86330230279275,3
2014-08-15,12.745805696449475,12.745805696449475,12.589622185718428,12.599361763852627,168
2014-08-18,12.693020985846754,12.798934490923441,12.676180236536018,12.787127251254798,79
2014-08-19,12.780832678711704,12.807692307692307,12.733621876844383,12.733621876844383,141
2014-08-20,12.678168806979707,12.695404556166537,12.600703949941337,12.600703949941337,204
2014-08-21,12.598587404355504,12.620784855058174,12.421875,12.432248001559758,190
2014-08-22,12.47269890795632,12.525687444955475,12.431326709526594,12.517359413202934,44
2014-08-25,12.49706457925636,12.508085857100854,12.440522620904837,12.474126147236866,82
2014-08-26,12.502188077409315,12.55288039769958,12.502188077409315,12.512430535244226,54
2014-08-27,12.505595018001364,12.557296767874632,12.465726786582401,12.520269610237374,42
2014-08-28,12.59190638712823,12.59190638712823,12.512606671838634,12.569979518189797,670
2014-08-29,12.516041221077193,12.522145429767352,12.473285408976103,12.475987193169692,104
2014-09-02,12.420991026141243,12.60484111963343,12.398860958366065,12.60484111963343,259
2014-09-03,12.575832918945798,12.575832918945798,12.372269890795632,12.389881824396912,245
2014-09-04,12.441484673391441,12.448799608035278,12.358959368605673,12.387400647630264,177
2014-09-05,12.436124213836477,12.580773436723332,12.436124213836477,12.567996823506055,89
2014-09-08,12.679055750878955,12.679055750878955,12.679055750878955,12.679055750878955,1
2014-09-10,12.620612926064528,12.720400449484115,12.620612926064528,12.720400449484115,79
2014-09-12,12.639060568603215,12.645453609309032,12.629953679876479,12.645453609309032,47
2014-09-16,12.462860030318343,12.480346704293488,12.459925395705213,12.459925395705213,3
2014-09-17,12.442878711625568,12.48836267961951,12.442878711625568,12.48836267961951,6
2014-09-18,12.333973516627918,12.333973516627918,12.332255456750204,12.332255456750204,2
2014-09-19,12.451962387571545,12.462121212121211,12.451962387571545,12.462121212121211,4
2014-09-22,12.426598465473147,12.505410697722354,12.426598465473147,12.505410697722354,4
2014-09-26,12.550862336052877,12.550862336052877,12.550862336052877,12.550862336052877,1
2014-09-29,12.580645161290322,12.66431681526021,12.499742824812262,12.510296540362438,4225
2014-09-30,12.410193429536383,12.78352692713833,12.363935099609776,12.765867567852993,531
2014-10-01,12.72161249472351,12.899904468740049,12.635303913405496,12.899904468740049,166
2014-10-02,13.059974204643161,13.181768972610152,12.941239202303509,12.941239202303509,138
2014-10-03,12.866886923158905,13.03829048703764,12.866886923158905,12.940920938314509,440
2014-10-05,12.901576943991298,12.92651061513337,12.901576943991298,12.909960852544586,7
2014-10-06,12.878425402348848,13.151164061646083,12.874212470128178,12.993321844032744,131
2014-10-07,13.03125,13.209687977307441,13.03125,13.172511435417121,58
2014-10-08,13.383516483516484,13.383516483516484,13.28125,13.288553953691569,8
2014-10-09,13.37073755311036,13.58544970611068,13.37073755311036,13.58544970611068,13
2014-10-10,13.738349241998879,13.74410244888789,13.556763955165907,13.556763955165907,182
2014-10-13,13.899513409528119,13.969370391378332,13.851885301422444,13.876950916082334,60
2014-10-14,14.108916542984359,14.489771925699506,14.108916542984359,14.489771925699506,72
2014-10-15,14.565706837302999,14.721040189125297,14.565706837302999,14.721040189125297,235
2014-10-17,14.316788152261946,14.368616527390902,14.305942432683379,14.368616527390902,37
2014-10-20,14.502794597112251,14.695806261075013,14.502794597112251,14.53844356157981,101
2014-10-22,14.305971869956192,14.305971869956192,14.305971869956192,14.305971869956192,2
2014-10-23,14.305684995340167,14.305684995340167,14.190454177741824,14.190454177741824,2
2014-10-24,14.358615868577422,14.407632872863498,14.270640074211505,14.270640074211505,16
2014-10-27,14.515862719660335,14.515862719660335,14.327574130282512,14.371271493741958,276
2014-10-28,14.357561547479484,14.422829016758469,14.357561547479484,14.422829016758469,45
2014-10-30,13.941918315399745,13.950745750953867,13.849357861853521,13.927741635687733,402
2014-10-31,13.711749591217005,13.779629195024642,13.607720032554354,13.607720032554354,178
2014-11-02,13.576752853482414,13.59072909387375,13.576752853482414,13.59072909387375,7
2014-11-03,13.623474723997676,13.824121197774886,13.580160670625219,13.824121197774886,11
2014-11-04,14.115728436820488,14.208034955698507,14.058285163776493,14.134592108448317,31
2014-11-05,13.962034558286687,14.025703794369646,13.580232282531407,13.712603628499338,90
2014-11-06,13.731971153846153,13.930875015212365,13.701384708007225,13.771580345285525,79
2014-11-07,13.881938540021865,14.032122737624356,13.702285509154002,14.032122737624356,61
2014-11-10,13.779639023239353,14.043146285298752,13.779639023239353,13.986888430253732,35
2014-11-11,14.138732566674824,14.421144062538776,14.13527397260274,14.319882251931803,18
2014-11-12,14.372529644268775,14.504820333041192,14.294508741689238,14.504820333041192,9
2014-11-13,14.731645569620252,14.731645569620252,14.664480322906154,14.664480322906154,16
2014-11-14,14.502273875694796,15.038592939390105,14.502273875694796,14.902083856389655,484
2014-11-17,15.090561224489793,15.11781938606547,15.014625461019966,15.020320040640083,17
2014-11-18,15.208995045102274,15.232202092370505,15.208995045102274,15.232202092370505,2
2014-11-19,15.17180169899835,15.268005628757836,15.01576491360827,15.268005628757836,14
2014-11-20,15.153210425937697,15.15734488469869,15.144853875476494,15.15734488469869,3
2014-11-21,14.979247893346749,14.986912626199675,14.934689776438079,14.953201048296519,18
2014-11-24,14.941998253710866,14.994365844497306,14.902180685358257,14.991855657185816,17
2014-11-25,14.923845193508116,14.923845193508116,14.923845193508116,14.923845193508116,1
2014-11-26,15.345180260802863,15.465236495218404,15.160431198478125,15.426066778393709,52189
2014-11-27,15.486039296794209,16.70314253647587,15.483028720626633,16.343478859661204,2375
2014-11-28,16.36501586425714,16.68907322654462,16.061681222707424,16.633366633366634,4840
2014-11-30,16.52254566210046,16.84141162688534,16.412409278497226,16.84141162688534,631
2014-12-01,16.81195335276968,17.069678181281372,16.594053979997263,16.630986688623576,3697
2014-12-02,16.567615903150365,16.975920679886688,16.371620694387264,16.905064183946962,991
2014-12-03,16.793272599859847,17.344332855093256,16.793272599859847,17.293781272337384,345
2014-12-04,17.181571815718154,17.52752027809965,17.122742141942826,17.36085143103696,276
2014-12-05,17.40783576695099,17.45976002341235,17.08219375269901,17.2921511627907,479
2014-12-07,17.399883075124233,17.44168989291477,17.375730994152047,17.44168989291477,6
2014-12-08,17.480234260614935,18.214231757063,17.453588656629147,18.209587176773024,81
2014-12-09,18.333586510709406,18.71504157218443,18.050936329588016,18.492182802164763,239
2014-12-10,18.61969696969697,19.236916327170167,18.5489959232976,19.01705426356589,129
2014-12-11,19.043491719548058,19.272127024052825,18.80511871723713,19.272127024052825,122
2014-12-12,19.463406889982537,19.826664506722828,19.264868275753273,19.815175097276267,168
2014-12-14,20.206509169007102,20.206509169007102,20.10037847622182,20.10037847622182,2
2014-12-15,19.586683821164364,19.94095456782024,19.26561754887935,19.739746335035417,23
2014-12-16,20.230678565415054,20.707708049113233,19.62646042455159,19.62646042455159,52
2014-12-17,20.219298245614034,20.219298245614034,19.124379702257084,19.492920645373722,65
2014-12-18,19.567496723460028,20.090619231414667,19.154884829229545,20.090619231414667,151
2014-12-19,20.038455107841497,20.038455107841497,19.729640619848336,19.729640619848336,45
2014-12-22,19.247951148963523,19.739893969516235,19.172137710168133,19.500416319733556,189
2014-12-23,19.43041109460129,19.48039053450273,19.011166855478233,19.011166855478233,171
2014-12-24,19.16938110749186,19.673366834170853,19.16938110749186,19.586321934945786,18
2014-12-26,19.843724023275144,19.9983283182882,19.79263437292634,19.963253716385502,79
2014-12-29,19.848661233993013,20.45714285714286,19.751956051273513,20.421853388658366,55
2014-12-30,20.592128178335077,20.976800976800977,20.592128178335077,20.825672159583693,154
2015-01-01,20.54842068726137,20.54842068726137,20.54842068726137,20.54842068726137,1
2015-01-02,21.077555396711936,21.105393896380413,20.727176220806793,21.056088036918705,115
2015-01-04,21.092046470062552,21.092046470062552,21.092046470062552,21.092046470062552,5
2015-01-05,21.196489342647325,22.784595053804043,21.196489342647325,22.784595053804043,317
2015-01-06,22.540216984661427,23.92072213500785,22.540216984661427,23.92072213500785,59
2015-01-07,24.351053159478436,24.351053159478436,23.470770421989936,23.873253296595156,14
2015-01-08,23.630311337380064,24.140343862455016,23.349458204334365,23.63974183453941,75
2015-01-09,23.933161953727506,24.43821349889846,23.933161953727506,24.302510960542048,38
2015-01-11,24.747678643520388,24.747678643520388,24.747678643520388,24.747678643520388,5
2015-01-12,25.102880658436213,26.013499261759122,25.0924404272802,26.013499261759122,48
2015-01-13,27.32304299889746,27.32304299889746,26.816114359974005,26.856581532416502,17
2015-01-14,26.522397749404888,26.840052015604684,25.37463976945245,25.37463976945245,14
2015-01-15,25.20594735784609,26.359658262137945,25.20594735784609,26.359658262137945,8
2015-01-16,25.803204601479045,26.073907717435688,25.29955770004021,25.572718154463388,42
2015-01-19,25.837378640776702,25.98941368078176,25.729566094853688,25.98941368078176,12
2015-01-20,26.62598262308647,26.883711254420636,26.104027524792553,26.829217680016605,128
2015-01-21,26.793703396851697,26.86533305836255,26.096473449533843,26.096473449533843,55
2015-01-22,26.20162932790224,26.79093717816684,25.5544495321521,26.734275763163286,92
2015-01-23,26.20028265697557,26.392109009558673,26.20028265697557,26.392109009558673,2
2015-01-26,26.853394418992085,26.853394418992085,26.110204081632656,26.15635844049806,7
2015-01-27,26.44988680798518,26.763606148732865,26.44988680798518,26.738589211618255,17
2015-01-28,26.120251878935612,26.386382280557832,26.120251878935612,26.386382280557832,33
2015-01-29,26.43077556058424,26.453680727874275,25.535242738167785,25.61685667752443,53009
2015-01-30,25.65438632200285,25.90955388062742,24.3983244478294,24.469220506956358,6921
2015-02-01,24.559386973180075,24.63372428379158,24.521072796934863,24.521072796934863,52
2015-02-02,24.66410009624639,24.85719836798135,23.19446971075132,23.19446971075132,1415
2015-02-03,23.252506836827713,23.252506836827713,21.4846271445558,22.134949920927784,2237
2015-02-04,21.961605584642236,23.542442293373046,21.765719207579675,23.33516886930984,574
2015-02-05,23.201386355344766,23.75983514424878,21.894005212858385,22.30213291027675,114
2015-02-06,22.25233151504487,22.25233151504487,20.92963970088375,21.13663637922167,371
2015-02-08,21.134496919917865,21.134496919917865,21.092551559570477,21.092551559570477,13
2015-02-09,21.296869625043,21.528452463566968,21.03915917952195,21.3187757909216,258
2015-02-10,21.50250995326294,21.849230224738985,21.120246659815002,21.712425202393526,207
2015-02-11,22.248062015503876,22.48987854251012,22.07395498392283,22.27496804820157,87
2015-02-12,21.934385084259592,22.047328791681604,21.783745331673487,21.783745331673487,19
2015-02-13,20.659229208924952,20.659229208924952,19.98044009779951,20.081806282722514,58
2015-02-15,19.715753974626626,19.715753974626626,19.715753974626626,19.715753974626626,1
2015-02-16,20.008128759551294,20.214824532633653,19.8614913834756,20.061980101125428,29
2015-02-17,19.864341085271317,19.948954388275975,19.301247201790854,19.400417939238064,145
2015-02-18,19.558037882467215,20.44028340080972,19.558037882467215,20.44028340080972,141
2015-02-19,20.604470030477483,20.92621392776914,20.009963467286617,20.089970009996666,50
2015-02-20,19.92905461145026,20.07323568575233,19.860059269015473,19.882274912949757,45
2015-02-22,20.105439330543934,20.12902144772118,20.105439330543934,20.12902144772118,2
2015-02-23,19.917149958574978,20.42857142857143,19.917149958574978,20.414683888511217,238
2015-02-24,20.424221690044476,20.479685899624446,19.911784287616513,20.458731241473398,121
2015-02-25,20.36517328825021,20.36517328825021,20.06503251625813,20.147378998492716,23
2015-02-26,19.598765432098766,20.11990008326395,19.476548743396833,19.947142385199868,539
2015-02-27,19.614069369809478,19.875674791428104,19.614069369809478,19.618493372130615,188
2015-03-02,19.630225080385852,20.16231593038822,19.528787391444194,20.16231593038822,87
2015-03-03,19.975049900199604,20.0364781959874,19.5814332247557,19.937002652519894,30
2015-03-04,19.90737677803506,19.976713240186296,19.781178019085225,19.80820105820106,20
2015-03-05,19.815059445178335,19.855601659751038,19.68503937007874,19.855601659751038,25
2015-03-06,19.53572012424391,19.647098176952667,19.38243064729194,19.584315045439247,158
2015-03-08,19.5781014565545,19.5781014565545,19.5781014565545,19.5781014565545,1
2015-03-09,19.745919569241124,19.855294518215864,19.49240273835365,19.855294518215864,27
2015-03-10,19.80228396113857,20.498409331919405,19.80228396113857,20.498409331919405,78
2015-03-11,20.43975373790677,20.52967227635075,20.101558396077746,20.169936930623685,70
2015-03-12,19.934584265794456,20.134544819150797,19.78275744098529,20.134544819150797,46
2015-03-13,20.292571829011912,20.485901755630433,20.292571829011912,20.423458540042525,38
2015-03-16,21.41404805914972,21.41404805914972,21.191348973607038,21.191348973607038,6
2015-03-17,21.54697168573036,21.921256861631647,21.50374531835206,21.50374531835206,70
2015-03-18,21.61296400979838,21.61296400979838,20.81691150125403,20.92546362339515,88
2015-03-19,21.04922745238951,21.520779698418533,21.005949161709033,21.520779698418533,30
2015-03-20,21.76252319109462,21.870342771982116,21.254298642533936,21.527424627678894,50
2015-03-23,21.19512632144777,21.400252297711297,21.19512632144777,21.400252297711297,3
2015-03-24,21.311769991015275,21.456905878110348,21.144984048209853,21.444564824846513,22
2015-03-25,21.634615384615387,21.634615384615387,21.21190644932672,21.21190644932672,10
2015-03-26,20.468056030064915,20.843998616395712,20.343613811599063,20.82800345721694,63
2015-03-27,20.726392251815984,20.726392251815984,20.726392251815984,20.726392251815984,1
2015-03-29,21.36768901569187,21.487068965517242,21.360471344402786,21.360471344402786,86
2015-03-30,21.35868594893769,21.4469395146686,20.918079096045197,20.99734278122232,28696
2015-03-31,21.117447870254857,21.63928441036875,21.098214285714285,21.415384615384617,2735
2015-04-01,21.518895348837212,21.695526695526695,20.968918214967875,21.227513227513224,1125
2015-04-02,21.280735892446486,22.134168816807964,21.060101629577712,21.786686014873933,854
2015-04-05,21.856449001618994,21.981558488519255,21.856449001618994,21.917042380522993,82
2015-04-06,21.769863994273443,21.781311416830444,20.969905417024936,21.002073255010362,199
2015-04-07,21.07099461898976,21.211430575035067,20.453699001185036,20.496526012540247,291
2015-04-08,20.757368060315287,21.525636428827536,20.6943731828288,21.50528011455164,198
2015-04-09,21.364768683274022,21.364768683274022,20.684101143055074,21.117792713123453,337
2015-04-10,21.249778093378307,21.27141091294367,20.83044982698962,20.852900552486187,193
2015-04-13,20.395451459606246,20.73747841105354,20.246039770812267,20.686325228487668,330
2015-04-14,20.428082191780824,20.593220338983052,20.193056731583408,20.27711662699762,387
2015-04-15,20.080903421540537,20.143629604596146,20.028300316297653,20.028300316297653,14
2015-04-16,19.12194347411877,19.458326616153474,18.60515688101895,18.60515688101895,137
2015-04-17,19.00268265740887,19.00268265740887,18.698959788852665,18.899701773661903,11
2015-04-20,18.881414267834796,19.14454748960665,18.612283169245195,18.779911838790934,59
2015-04-21,19.0574749243751,19.175043880644647,18.936136579196965,19.175043880644647,15
2015-04-22,19.506092607636067,19.506092607636067,18.8623707239459,18.866963717377462,75
2015-04-23,19.046474358974358,19.046474358974358,18.316679477325135,18.40863531225906,290
2015-04-24,18.448916408668733,18.46535420864982,18.015313935681473,18.14369411039161,44
2015-04-27,18.13899969315741,18.558669541114877,18.109391757315766,18.558669541114877,193
2015-04-28,18.72503121098627,18.72503121098627,18.535987748851458,18.535987748851458,13
2015-04-29,18.760856079404466,18.792834890965732,18.220849653510093,18.335621662852787,47
2015-04-30,18.391085330483893,18.391085330483893,17.68642160540135,17.73927392739274,139
2015-05-01,17.755840241145442,17.860848336893497,17.684401451027814,17.769370460048428,19
2015-05-04,17.64556584054942,17.926037735849054,17.64556584054942,17.907256850346283,19
2015-05-05,17.881343171209156,17.881343171209156,17.52601494943573,17.656897572528123,46
2015-05-06,17.25757356138571,17.32559825960841,17.25757356138571,17.30144927536232,11
2015-05-07,17.38432066018273,18.09888259605082,17.375938742453247,18.064466849984726,40
2015-05-08,18.049115314215985,18.319938176197834,18.024297646165532,18.148939417060888,48
2015-05-11,18.28057775046097,18.344391297639255,18.22,18.22,19
2015-05-12,18.012665862484923,18.129189518586227,17.81096013140212,17.892841062584424,10
2015-05-13,17.886383862355384,18.066100937918712,17.886383862355384,18.010672991402313,29
2015-05-14,18.380323935212953,18.380323935212953,18.380323935212953,18.380323935212953,1
2015-05-15,18.263742865725444,18.545094454600854,18.223822382238225,18.315883936583905,9
2015-05-18,18.256280660026757,18.256280660026757,18.256280660026757,18.256280660026757,1
2015-05-19,18.632228218966848,18.82545624707534,18.61111111111111,18.82545624707534,8
2015-05-20,18.640776699029125,18.69303259694114,18.609658566594895,18.69303259694114,7
2015-05-21,18.417431192660548,18.417431192660548,18.137609153869317,18.179072927676277,42
2015-05-22,18.3449954365683,18.45270890725436,18.3449954365683,18.45270890725436,6
2015-05-26,18.32150570811478,18.649285377728916,18.32150570811478,18.649285377728916,36
2015-05-27,18.676540097683947,18.855325914149443,18.676540097683947,18.78087397086764,25
2015-05-28,19.045403497513234,19.34757788289023,18.86876390212901,18.871941531617413,39228
2015-05-29,18.83116883116883,18.956341618865522,18.11834499543657,18.185151237396887,3988
2015-05-31,18.275862068965516,18.349172286940526,18.275862068965516,18.349172286940526,146
2015-06-01,18.28369665336199,18.547885572139304,18.21549339071626,18.30894809795164,791
2015-06-02,18.16264139406909,18.38984362904474,18.096690559707184,18.179186347706842,899
2015-06-03,18.32872503840246,18.640226628895185,18.233399785309004,18.59607843137255,572
2015-06-04,18.533229085222832,18.9756018742931,18.46841197679887,18.905320687992283,400
2015-06-05,19.07248256850981,19.090318388564004,18.45826100678555,18.52959797404242,364
2015-06-08,18.62370723945903,18.76940310449672,18.542061986084754,18.673566878980893,95
2015-06-09,18.602592475497946,18.602592475497946,18.048518347919547,18.048518347919547,112
2015-06-10,18.03183348637894,18.17680404473725,17.917297788548925,18.075926208263454,248
2015-06-11,18.042086001829826,18.251509989159054,17.98537031392868,18.167385943279903,61
2015-06-12,18.32918481642813,18.51828598336211,18.169601482854496,18.51828598336211,123
2015-06-15,18.836131095123903,18.910400000000003,18.836131095123903,18.842962017235877,17
2015-06-16,18.481308411214954,18.544969392560038,18.381502890173408,18.54245283018868,29
2015-06-17,18.462864305860233,18.70605004751346,18.08046683046683,18.56224521793666,135
2015-06-18,18.657232704402514,18.802442078897933,18.444787644787645,18.65011636927851,90
2015-06-19,19.02674473809147,19.177033492822968,18.97488548412573,19.09785202863962,128
2015-06-22,18.921850079744818,18.96651177695882,18.681093034275786,18.68878357030016,27
2015-06-23,18.612251341964004,18.716645489199493,18.154890465905584,18.238486587067765,27
2015-06-24,18.290598290598293,18.513022888713497,18.045286506469502,18.513022888713497,263
2015-06-25,18.503937007874015,18.617950754567115,18.42287150486962,18.50173665929902,73
2015-06-26,18.65933365216005,18.65933365216005,18.618274434893344,18.618274434893344,12
2015-06-28,18.9873417721519,18.9873417721519,18.909119948889956,18.95174177053372,19
2015-06-29,18.972459333225963,19.104938271604937,18.742238497054608,19.000805801772763,116
2015-06-30,18.80620899343895,18.80620899343895,18.37723424270931,18.43754922034966,134
2015-07-01,18.499447164744907,18.837846550612507,18.499447164744907,18.824383164005805,421
2015-07-02,18.68678760635736,18.871098172408217,18.403041825095055,18.85723535124636,287
2015-07-03,18.852988691437805,19.351682971314872,18.852988691437805,19.29090909090909,123
2015-07-05,19.67909946236559,19.67909946236559,19.67909946236559,19.67909946236559,1
2015-07-06,19.62029569892473,20.583671310174573,19.485417365068724,20.583671310174573,363
2015-07-07,20.410670410670413,20.93268009435674,20.2453557658605,20.412316404176252,464
2015-07-08,20.426515016882888,20.563130865946523,20.116908043971385,20.338003502626968,52
2015-07-09,20.13679653679654,20.13679653679654,19.625994246065325,19.798497267759565,20
2015-07-10,19.63270142180095,19.95697074010327,19.63270142180095,19.747999318917078,23
2015-07-13,19.920525224602624,20.099424385138672,19.78799794836724,19.78799794836724,12
2015-07-14,20.372791519434628,20.385431400282883,19.75513698630137,19.826460481099655,27
2015-07-15,19.853119059961987,19.895815245702376,19.775552486187845,19.869859448204057,12
2015-07-16,19.835383815629875,19.835383815629875,19.835383815629875,19.835383815629875,1
2015-07-17,20.038562664329536,20.038562664329536,19.825021872265967,19.858093903293625,101
2015-07-19,19.772608011194684,19.772608011194684,19.753668763102727,19.753668763102727,7
2015-07-20,19.376208047794766,19.644373673036092,19.376208047794766,19.500531349628055,114
2015-07-21,19.4137323943662,19.52011291460833,19.25530050814789,19.25530050814789,109
2015-07-22,19.34371130373253,19.459893048128343,19.21103838669733,19.459893048128343,36
2015-07-23,19.541726105563484,19.607065609228552,19.541726105563484,19.607065609228552,29
2015-07-24,19.4609698936362,20.15934065934066,19.4609698936362,20.15934065934066,19
2015-07-26,20.178046989721,20.178046989721,20.178046989721,20.178046989721,4
2015-07-27,20.207111436950147,20.604519774011298,20.207111436950147,20.604519774011298,15
2015-07-28,20.637615544236937,20.86485459038206,20.476992143658812,20.476992143658812,30
2015-07-29,20.74550614947966,20.74550614947966,20.188296104855084,20.3242542153048,5
2015-07-30,20.47432306255836,20.516396532227663,19.974241030358783,20.293074481986185,36592
2015-07-31,20.35928143712575,21.161801662478254,20.320524835988753,21.157487922705315,4224
2015-08-02,21.26626529423189,21.26626529423189,21.136012364760433,21.14826986274889,37
2015-08-03,21.100811123986094,21.952255715152738,21.085241485472388,21.889112903225808,1899
2015-08-04,21.707757065544197,21.879774829111376,21.642205474018247,21.64675428116288,839
2015-08-05,21.657017368736273,22.04471544715447,21.319307904050333,21.800442566887952,962
2015-08-06,21.97771023302938,22.28868926092283,21.90389662830608,21.945172344285428,233
2015-08-07,21.943718592964824,22.544743879860114,21.850740296118445,22.478386167146976,537
2015-08-09,22.60078561091586,22.62994408780286,22.60078561091586,22.62994408780286,2
2015-08-10,22.567232105916425,22.65495867768595,21.91734551957083,21.974496911735407,812
2015-08-11,21.895829175813212,22.653728294177732,21.804820693709583,22.563162184189082,618
2015-08-12,22.52805549887778,22.94345784854052,22.43226971703793,22.637096774193548,589
2015-08-13,22.238805970149254,22.79050736497545,22.206320810971974,22.66327568667345,214
2015-08-14,22.736928104575163,22.736928104575163,22.72114402451481,22.72114402451481,57
2015-08-16,22.847179487179485,22.847179487179485,22.847179487179485,22.847179487179485,1
2015-08-17,23.041503200495562,23.041503200495562,22.650870797893884,22.910172272354387,378
2015-08-18,23.050742574257427,23.050742574257427,22.867737948084056,23.00741045697818,455
2015-08-19,23.031114774366372,24.22222222222222,22.926031875766245,24.22222222222222,323
2015-08-20,24.174302152141486,24.923176801558103,24.174302152141486,24.923176801558103,338
2015-08-21,24.892148403796376,25.671906132388752,24.813938481393844,25.642951833848873,162
2015-08-23,25.63876651982379,25.63876651982379,25.63876651982379,25.63876651982379,1
2015-08-24,25.962399283795882,27.34452589264602,25.962399283795882,27.13580827067669,275
2015-08-25,26.76007410838351,26.76007410838351,25.881421136003624,26.353757225433526,175
2015-08-26,26.2410363173722,26.38283062645011,25.690683799908214,25.749942752461642,87
2015-08-27,25.134048257372655,25.22070356262603,24.886515353805077,24.949855137062627,88
2015-08-28,23.634079966506174,24.154175588865094,22.419928825622776,22.663598158895336,257
2015-08-30,22.873609706774516,22.873609706774516,22.873609706774516,22.873609706774516,1
2015-08-31,23.04047183241814,23.3740426412751,21.056940826200222,21.479727169382343,168
2015-09-01,21.778542742398162,23.48947585637639,21.41704204204204,23.48947585637639,288
2015-09-02,23.309396799343453,23.603997501561526,22.45260663507109,22.458333333333336,189
2015-09-03,22.491555732167694,22.500496524329694,21.438382296833268,22.12837172671786,91
2015-09-04,22.24425059476606,22.431403965551773,22.09964412811388,22.302487562189057,45
2015-09-07,22.819678796503354,23.379339188624005,22.819678796503354,23.379339188624005,14
2015-09-08,23.05950175005147,23.295194508009153,22.627545876184712,22.674630492002432,98
2015-09-09,22.597585513078467,23.259773013871378,22.49190938511327,23.213836477987417,107
2015-09-10,23.400338552687266,23.400338552687266,22.810511188667622,22.87803873094355,44
2015-09-11,22.752762996316005,23.24941823566744,22.714550318995677,22.714550318995677,68
2015-09-14,23.154264214046822,23.800730083744902,23.15381391450126,23.800730083744902,11
2015-09-16,22.807233867653103,22.807233867653103,22.62073146090119,22.62073146090119,25
2015-09-17,22.879656160458456,22.986986579910532,22.73300773300773,22.986986579910532,8
2015-09-18,22.954822954822955,23.6875,22.85771785067418,23.574538668878294,45
2015-09-21,23.847926267281107,23.847926267281107,23.32304526748971,23.32304526748971,12
2015-09-22,23.56238322607432,23.56238322607432,23.388205876224216,23.425,27
2015-09-23,22.843851132686087,23.656903765690377,22.65371520128179,23.656903765690377,32
2015-09-24,23.595342066957787,24.15042949926671,23.538078439510272,23.815435547279122,33
2015-09-25,23.645574855252274,23.679850900807622,23.518670496512105,23.61111111111111,49
2015-09-28,23.708831550241243,23.841784136334947,23.708831550241243,23.841784136334947,2
2015-09-29,23.89029535864979,23.98222598391875,23.213182286302782,23.400373211693967,2232
2015-09-30,23.457202505219204,23.48143512724239,22.7828933906282,23.067218200620474,769
2015-10-01,23.031805039239984,23.34451667016146,22.49647674652708,23.256105197244835,1162
2015-10-02,22.92450879007239,24.25590802639983,22.92450879007239,23.56669428334714,301
2015-10-04,23.69945810754481,23.69945810754481,23.69945810754481,23.69945810754481,1
2015-10-05,23.326484487363878,23.326484487363878,22.799839550742078,23.032205792991693,212
2015-10-06,23.007077856420626,23.060397243615725,22.184662932200116,22.4168947985921,41
2015-10-07,22.03533026113671,22.2885475403461,21.566037735849058,22.156673114119922,93
2015-10-08,22.026558891454965,22.162790697674417,21.415962441314555,21.439579026498777,124
2015-10-09,21.52969742248786,22.012554688986114,21.492453884851873,22.012554688986114,16
2015-10-12,21.934876717485412,23.13955803304798,21.91381257056831,23.13955803304798,34
2015-10-13,22.972597299444004,23.76120619396903,22.972597299444004,23.76120619396903,69
2015-10-14,23.99020807833537,24.14971521562246,23.98289554062309,24.14971521562246,99
2015-10-15,24.001216791725817,24.001216791725817,24.001216791725817,24.001216791725817,10
2015-10-16,23.309552120491478,23.871748336358134,23.309552120491478,23.368983957219253,235
2015-10-19,23.321428571428573,24.01437371663244,23.321428571428573,24.005337712995278,54
2015-10-20,24.232039636663913,24.331407346264957,24.232039636663913,24.240115321252055,17
2015-10-21,24.418798086920354,24.482976040353094,24.28393005828476,24.349186483103882,24
2015-10-22,24.162699234113017,24.404936205814682,24.07292954264524,24.404936205814682,45
2015-10-23,24.346561396218572,24.347007115948095,24.28720300125052,24.347007115948095,29
2015-10-26,24.22564529558701,24.600504625735912,24.172542513479883,24.4975774173162,120
2015-10-27,24.653968253968255,24.930391946883702,24.653968253968255,24.90909090909091,229
2015-10-28,24.94165075323573,25.01479915433404,24.040774719673806,24.040774719673806,89
2015-10-29,23.733879222108495,23.992135761589402,23.351614868982328,23.56731165088514,276
2015-10-30,23.52349681920788,23.63748712667353,22.966391628094186,23.07443365695793,223
2015-11-02,23.182003257328994,23.363449691991786,22.915740553647197,23.22812051649928,136
2015-11-03,22.710600564288598,22.737565709664374,21.999211356466876,22.119952494061756,128
2015-11-04,22.270829190693977,22.809150865622424,22.02521670606777,22.767618656256417,132
2015-11-05,22.79423868312757,22.946187409100354,22.660663119115842,22.946187409100354,75
2015-11-06,22.906760388670666,22.974456407008656,22.56330427563304,22.935470265710666,69
2015-11-09,22.707423580786024,23.08801696712619,22.707423580786024,23.08801696712619,3
2015-11-10,22.95430616971994,23.141216503615478,22.85684210526316,23.118096856414617,17
2015-11-11,23.110169491525422,23.671465968586382,22.914731954411145,23.662156263640334,10
2015-11-12,23.66804617730342,24.330337078651688,23.66804617730342,24.330337078651688,2
2015-11-13,24.336322869955158,24.336322869955158,24.336322869955158,24.336322869955158,2
2015-11-16,24.280631532132535,24.53847889866847,24.280631532132535,24.41792389101554,10
2015-11-17,24.47098976109215,24.47098976109215,24.30625285257873,24.424131627056674,6
2015-11-18,24.444698877948248,24.444698877948248,24.229204339963836,24.258210645526614,4
2015-11-19,24.436380131549104,24.536386306959873,24.436380131549104,24.490489130434785,10
2015-11-20,24.53330312641595,24.53330312641595,24.53330312641595,24.53330312641595,2
2015-11-23,24.230072463768117,24.230072463768117,23.376367614879648,23.388049901510175,48
2015-11-24,23.62835755173932,23.62835755173932,23.15891472868217,23.38046552099195,220
2015-11-25,23.624724061810156,23.729753716441092,23.456654991243433,23.477879982479195,55
2015-11-26,23.146747352496217,23.77693845812042,23.145387772737095,23.53704110793581,4404
2015-11-27,23.46701731317116,23.76365663322185,23.1490861043823,23.500222518914107,9199
2015-11-29,23.578595317725753,23.578595317725753,23.57190635451505,23.57190635451505,18
2015-11-30,23.523767016291004,23.968075539568346,23.125958378970427,23.886021987884224,1489
2015-12-01,23.885521885521886,24.222574796010882,23.77232142857143,24.15819209039548,659
2015-12-02,24.139177586985994,24.84455958549223,23.724168912848157,24.67401500938086,383
2015-12-03,24.63214620431115,24.63214620431115,23.821813285457807,24.130879345603272,494
2015-12-04,24.124602091859938,25.338626809901914,23.770968463430997,25.20630505331479,417
2015-12-06,25.163383545770568,25.269419174247727,25.163383545770568,25.269419174247727,6
2015-12-07,25.405847953216373,26.41926763332514,25.25285481239804,26.282208588957054,118
2015-12-08,26.136639922197908,26.842629482071715,25.95739530380053,26.68902136115251,105
2015-12-09,26.354064642507343,27.11800302571861,25.973462002412543,26.631108905978664,223
2015-12-10,26.463775258748154,27.044881492687846,26.463775258748154,27.044881492687846,63
2015-12-11,27.066700353713998,28.721985058697975,27.02122283981809,28.3311432325887,50
2015-12-13,28.41047341973023,28.41047341973023,28.31706673700871,28.31706673700871,10
2015-12-14,28.880475932936726,28.962340829043622,27.789665970772443,28.200105876124937,114
2015-12-15,27.353545734840694,27.885774168194917,27.131585645202343,27.136675998981932,21
2015-12-16,28.368267444945612,28.93959731543624,28.368267444945612,28.93959731543624,5
2015-12-17,28.546573875803,28.586572438162545,27.972325705162323,28.58423913043479,32
2015-12-18,28.341829889991946,29.044776119402982,28.341829889991946,28.951086956521745,122
2015-12-21,29.528275862068966,29.850539717686132,29.516129032258068,29.850539717686132,17
2015-12-22,29.648061589221886,29.745645562620957,29.55043859649123,29.59251101321586,15
2015-12-23,29.446575342465753,29.446575342465753,28.48017034868246,28.48017034868246,141
2015-12-24,28.763383297644538,28.849771566783122,28.339910549855304,28.604033970276006,15
2015-12-28,28.415763025654588,29.648553663152203,28.41227838052395,29.12642430819316,149
2015-12-30,28.845633955123006,29.041358531909065,28.638205890299922,29.041358531909065,19
2015-12-31,29.081940257604824,29.217846323326906,28.117553613979346,28.205059920106525,6
2016-01-03,27.76762402088773,27.76762402088773,27.76762402088773,27.76762402088773,4
2016-01-04,28.708813286900618,29.082020640956,27.820611667951685,28.962264150943394,90
2016-01-05,29.154929577464788,29.580592105263158,29.01291016675632,29.580592105263158,80
2016-01-06,30.296918767506998,31.827988338192423,30.25683975432719,31.76795580110497,38
2016-01-07,32.57997630331754,33.72271749154626,32.053959965187126,32.88849347568209,113
2016-01-08,32.02805376972531,33.61009732360097,31.972570761599066,32.85244922341697,85
2016-01-11,33.79247015610652,34.43399184697397,33.368740515933226,34.43085606773283,28
2016-01-12,35.59844307492702,35.654008438818565,33.81160324391765,35.29507133592737,65
2016-01-13,34.31558935361217,35.33031088082902,34.31558935361217,35.33031088082902,16
2016-01-14,35.869208018402894,35.880999342537805,34.58199356913183,34.58199356913183,17
2016-01-15,35.714285714285715,37.39487179487179,35.714285714285715,37.39487179487179,38
2016-01-18,37.876259993048315,37.876259993048315,37.876259993048315,37.876259993048315,1
2016-01-19,37.43414300376326,37.81097984711605,36.06715425531915,37.76274713839751,12
2016-01-20,39.18061987887424,40.711665443873805,39.126110124333934,40.711665443873805,13
2016-01-21,39.653304442036834,39.653304442036834,38.09258614688479,38.09258614688479,5
2016-01-22,35.02392344497608,35.08128785463819,34.96819338422392,35.08128785463819,4
2016-01-25,33.89762565525748,36.38486842105263,33.89762565525748,36.38486842105263,7
2016-01-26,36.37104662536681,36.37104662536681,36.01615508885299,36.062075654704174,170
2016-01-27,35.11781338360038,35.25434439178515,35.11781338360038,35.25434439178515,4
2016-01-28,34.49386503067485,34.49386503067485,31.13973676841221,32.3360417875798,13844
2016-01-29,32.641288433382144,32.86938534278959,31.766723842195546,32.231524249422634,824
2016-01-31,31.184026808154147,31.184026808154147,30.947106064801993,30.947106064801993,13
2016-02-01,31.473239436619718,33.253828032979975,31.165371809101,33.20882352941176,795
2016-02-02,33.35304553518628,35.058896466212026,33.26826382727003,34.65194725544312,554
2016-02-03,34.74738139248306,34.89480198019802,32.24414998590358,32.24414998590358,650
2016-02-04,32.320520067834934,33.68850072780204,32.039787055197536,33.63266492298751,365
2016-02-05,33.65463016889924,34.45096887844979,33.09414466130884,34.45096887844979,256
2016-02-07,34.474148061104586,34.474148061104586,34.294117647058826,34.294117647058826,6
2016-02-08,34.36470588235294,36.43031040779062,34.36470588235294,36.051515151515154,382
2016-02-09,35.792792792792795,39.28524590163934,35.43231961836614,38.77604166666667,347
2016-02-10,38.2139415354963,39.232795521896605,37.266141732283465,38.737864077669904,180
2016-02-11,39.493132766514066,41.87313184988376,39.19909208819715,39.827531140210795,640
2016-02-12,39.036220472440945,40.041989664082685,37.25,37.76592502285888,111
2016-02-14,37.75566442131047,37.75566442131047,37.75566442131047,37.75566442131047,2
2016-02-15,37.220030349013655,37.220030349013655,35.45294635004397,35.45294635004397,60
2016-02-16,35.04223711039907,37.71853688778673,33.88873199661113,37.375116351225564,78
2016-02-17,37.2634508348794,37.31662024141133,34.733352551167485,35.06674405107371,35
2016-02-18,34.834246180455466,36.66272189349113,33.95309409437694,36.571090747856935,146
2016-02-19,36.40805448623038,37.65352887259396,35.988217967599404,36.94344163658243,30
2016-02-21,37.01992753623188,37.19234275296263,37.01992753623188,37.19234275296263,3
2016-02-22,36.550898203592816,36.550898203592816,34.68714121699196,34.776978417266186,112
2016-02-23,35.19174898314933,36.78978978978979,34.89105504587156,36.74474474474474,180
2016-02-24,37.830882352941174,38.26621580079926,36.30962832894352,36.30962832894352,83
2016-02-25,36.39976449808655,36.824264049955396,36.195779601406805,36.42899061032864,28
2016-02-26,35.38065254722382,35.38065254722382,33.14664502164502,34.62800565770863,256
2016-02-29,34.8051948051948,34.8051948051948,34.08298755186722,34.22863485016648,27
2016-03-01,34.224114254325734,34.26991150442478,33.2117774176121,33.45558272208639,185
2016-03-02,33.4032126327253,34.24744545705606,33.20967741935484,33.52972972972973,58
2016-03-03,33.561940905394415,34.463942966822046,33.561940905394415,34.00269179004038,63
2016-03-04,34.05135135135136,34.44775311315647,32.39147187259183,32.39147187259183,221
2016-03-07,32.060991105463785,32.45960502692998,30.824363992172206,31.046568627450984,22
2016-03-08,31.591755649366775,31.850551654964892,31.16165321594522,31.698444555945812,34
2016-03-09,31.578815261044173,31.578815261044173,30.55609756097561,30.692778457772334,49
2016-03-10,30.706200787401578,31.883767535070138,30.308596620132256,31.652130575629204,79
2016-03-11,31.536753823384313,31.536753823384313,30.900147565174624,31.020812685827554,37
2016-03-14,31.695641219450746,32.06896551724138,31.186868686868685,31.186868686868685,50
2016-03-15,31.951282715729462,32.03896103896104,31.604209445585212,31.827595133316073,29
2016-03-16,30.630451034139046,31.39095876800795,30.630451034139046,31.375372393247268,33
2016-03-17,30.677966101694917,31.168639053254438,30.36723846339696,30.37941034316094,18
2016-03-18,30.41596130592503,30.512135922330092,29.619655090952044,30.512135922330092,30
2016-03-21,30.582595870206486,30.582595870206486,29.75627240143369,30.13533107781537,20
2016-03-22,29.992810927390366,30.002396931927134,29.86327656512353,29.86327656512353,4
2016-03-23,29.85745349118144,29.860328350894385,29.730445246690735,29.860328350894385,17
2016-03-24,30.241594022415942,30.241594022415942,30.241594022415942,30.241594022415942,1
2016-03-28,30.494011976047908,30.640220938990716,30.494011976047908,30.640220938990716,22
2016-03-29,30.921787709497206,30.921787709497206,30.921787709497206,30.921787709497206,20
2016-03-30,31.391700404858295,31.560812548212912,30.41892557910301,31.560812548212912,5904
2016-03-31,31.467725409836067,31.594054331112247,30.984962406015036,31.06629694983615,111
2016-04-01,30.669320726548893,31.577450219808632,30.595385760357228,31.508120649651975,1041
2016-04-03,31.58738366080662,31.868304154690353,31.58738366080662,31.868304154690353,12
2016-04-04,31.75013041210224,32.34902899707369,31.331787738279235,32.34902899707369,845
2016-04-05,32.42796157950907,33.04034197168047,32.1978021978022,32.1978021978022,207
2016-04-06,31.931965723188785,31.950520833333336,30.643948884991232,30.743718592964825,112
2016-04-07,30.62749003984064,31.934071594128252,30.62749003984064,31.14235500878735,176
2016-04-08,31.04589917231001,31.04589917231001,29.599427753934197,29.726815240833936,68
2016-04-11,29.472439082091313,30.216919739696312,29.25977653631285,29.261588632657816,134
2016-04-12,29.40529150081948,29.40529150081948,28.101831174631535,28.377767736104836,65
2016-04-13,28.441913439635535,28.501026694045176,27.918906810035843,28.334851936218683,87
2016-04-14,28.184312828721705,28.426837645981223,27.606394956090973,27.777526053466243,153
2016-04-15,28.314917127071826,28.928487690504102,28.314917127071826,28.471131639722863,56
2016-04-17,30.44761436301033,30.44761436301033,30.341188021600388,30.341188021600388,4
2016-04-18,30.158536585365855,30.24957181306582,28.56845031271716,28.583681038479366,38
2016-04-19,28.830409356725145,29.03083700440528,28.300948938093086,28.395369950068087,69
2016-04-20,29.01906090190609,29.122155132373432,27.369341788760114,27.428382547377698,119
2016-04-21,27.471088806458653,27.948028673835122,27.471088806458653,27.93959731543624,86
2016-04-22,27.97445664351333,27.989228007181328,27.166739991201055,27.285809165375248,73
2016-04-25,27.53849587145726,27.861323728050426,27.23016047482963,27.77752859385512,119
2016-04-26,27.423871971549232,27.511071744907003,27.012592270950933,27.012592270950933,40
2016-04-27,26.713735558408214,26.750160565189468,26.713735558408214,26.750160565189468,9
2016-04-28,26.548126064735946,26.72742687579483,26.373741610738254,26.61567476948868,34
2016-04-29,26.490066225165563,27.00627615062762,26.490066225165563,27.00627615062762,19
2016-05-02,27.56377551020408,28.221688850098193,27.562062380649266,28.16793893129771,133
2016-05-03,28.018173950670707,28.77797672336616,28.018173950670707,28.358669310420797,126
2016-05-04,28.54097268487675,28.803611738148987,28.016097454861868,28.52100089365505,59
2016-05-05,28.323022536456037,28.486341244961938,27.617615467239528,28.415178571428573,39
2016-05-06,28.403380031131867,29.19475231847998,28.15354501957373,28.498452012383904,261
2016-05-09,27.879904617385645,29.02455818223548,27.676636324230603,28.94519605595047,190
2016-05-10,28.278175313059034,28.278175313059034,27.842706502636204,27.842706502636204,11
2016-05-11,27.969298245614038,28.021905805038337,26.95762711864407,26.95762711864407,26
2016-05-12,26.450939457202505,27.04477611940299,26.386396828708534,26.386396828708534,67
2016-05-13,26.856419987349778,26.856419987349778,26.468743466443655,26.60121161479006,32
2016-05-15,26.627615062761507,26.627615062761507,26.627615062761507,26.627615062761507,1
2016-05-16,26.313089864587607,26.351544915080826,25.99755700325733,26.112134233681193,17
2016-05-17,25.97999183340139,25.990671263435406,25.944737911418123,25.944737911418123,15
2016-05-18,25.938009787928223,25.938009787928223,25.672999191592563,25.888042807161966,10
2016-05-19,26.066429914351367,26.20812395309883,25.71340713407134,25.71340713407134,25
2016-05-23,25.863495346432263,26.042144794491968,25.85593044918236,25.911728139245753,16
2016-05-24,25.667563651417925,25.667563651417925,25.196882690730106,25.196882690730106,16
2016-05-25,24.672197490894373,24.685031395584364,24.672197490894373,24.685031395584364,5
2016-05-27,24.689014539579965,25.032827246614687,24.439951475940152,24.487153550475423,14937
2016-05-29,24.35923309788093,24.35923309788093,24.35923309788093,24.35923309788093,1
2016-05-30,24.414323285454177,24.618843245452688,24.21285140562249,24.25553319919517,206
2016-05-31,24.405960531614983,24.585870889159562,24.268585131894486,24.47866344605475,214
2016-06-01,24.521405492730207,24.92304535193926,24.165497896213182,24.269122947537046,893
2016-06-02,24.38001605136436,24.74361593462717,24.106395696353857,24.26738825415915,99
2016-06-03,24.138617805218082,25.098158267557174,24.085850556438793,24.95280176742318,427
2016-06-06,24.816,24.816,24.476377952755907,24.64172604908947,256
2016-06-07,24.52446724546172,24.52446724546172,24.158860265417644,24.252873563218394,88
2016-06-08,24.251846094053633,24.364662385678145,23.98820844427539,23.98820844427539,117
2016-06-09,23.913949962092495,24.4923906761703,23.913949962092495,24.431621465666474,151
2016-06-10,24.644660194174758,25.314671431407582,24.640776699029125,25.275356576862126,83
2016-06-12,25.41384799044966,25.41384799044966,25.41384799044966,25.41384799044966,2
2016-06-13,25.478191276510607,25.901408450704224,25.31176006314128,25.642714570858285,75
2016-06-14,25.720313441832424,26.123070674248577,25.718574859887912,26.123070674248577,339
2016-06-15,26.218092709822344,26.51968826907301,25.92076005659996,26.42579324462641,105
2016-06-16,26.976504534212697,27.812103258569618,26.95167286245353,27.224819379515512,100
2016-06-17,26.847939761556155,26.85487243831033,26.439811976292663,26.442582754393133,47
2016-06-19,25.97171717171717,25.97171717171717,25.956715210355988,25.956715210355988,18
2016-06-20,26.030781692993116,26.030781692993116,25.534653465346533,25.534653465346533,102
2016-06-21,25.5327623979287,25.741375832156546,25.096096691103625,25.096096691103625,81
2016-06-22,24.891944990176817,25.62803889789303,24.78363031133738,25.373044524669073,23
2016-06-23,25.3111288392501,25.32389874426948,24.665489503629587,24.9723865877712,26
2016-06-24,25.67344473525267,28.419287211740038,25.36243492190629,27.01415965524318,431
2016-06-27,27.94753410283316,28.093121693121695,27.853699434080905,28.093121693121695,37
2016-06-28,27.47179272879231,27.517255804225055,27.47179272879231,27.517255804225055,2
2016-06-29,26.923391215526046,27.07837505129257,26.261645193260655,26.294234592445328,44
2016-06-30,26.321678321678323,26.707070707070706,26.217668125746123,26.707070707070706,14
2016-07-01,26.783496895653915,27.011936071211817,26.484884410195615,26.484884410195615,73
2016-07-04,26.585462467815407,26.98003992015968,26.585462467815407,26.98003992015968,11
2016-07-05,27.157001414427157,28.4325230511316,27.157001414427157,28.191644148825606,36
2016-07-06,28.336794019933556,29.058400338552687,27.94672131147541,28.01440329218107,97
2016-07-07,27.893877551020406,29.13966959879854,27.39350912778905,29.13966959879854,183
2016-07-08,28.991901108269392,29.34401385581295,28.538967933743894,29.147021003000432,168
2016-07-11,29.374460742018982,29.60357220649096,28.784013605442176,29.44504660741383,14
2016-07-12,29.345612134344528,29.345612134344528,27.5,27.648889811164146,236
2016-07-13,28.159109991603692,28.531483457844185,27.9954061390687,28.531483457844185,5
2016-07-14,28.588260497000856,28.615285530270505,28.10070108349267,28.212243168820166,10
2016-07-15,28.503852739726028,28.503852739726028,27.699874424445373,27.759882869692532,38
2016-07-18,27.9121110176619,28.651781880635465,27.9121110176619,28.389577103801795,45
2016-07-19,28.591035813853743,28.591035813853743,28.246808510638296,28.521850899742933,11
2016-07-20,28.53470437017995,28.560573165436384,27.960959049437722,27.979604843849586,15
2016-07-21,28.21634307659484,28.51168775466438,28.21634307659484,28.51168775466438,4
2016-07-22,28.94344585708023,28.94344585708023,28.94344585708023,28.94344585708023,1
2016-07-25,28.81322531202102,29.441590350681256,28.811403508771928,29.441590350681256,44
2016-07-26,29.87324581258488,29.87324581258488,29.446181330951315,29.457831325301203,35
2016-07-27,30.287802649611695,30.287802649611695,30.287802649611695,30.287802649611695,2
2016-07-28,30.712975699220543,31.363743240065837,30.639175257731964,31.363743240065837,5033
2016-07-29,31.261999531725593,32.10124164278892,31.261999531725593,31.813898704358067,307
2016-07-31,31.165048543689323,31.165048543689323,31.165048543689323,31.165048543689323,1
2016-08-01,31.03130755064457,32.18333333333334,30.709721588315837,32.0697012802276,614
2016-08-02,31.796930342384886,32.84682080924855,31.573945294390356,32.52086811352254,190
2016-08-03,32.47616777883699,32.74669867947179,31.232151082450482,31.232151082450482,106
2016-08-04,31.049977074736365,31.772122344151295,30.670277589708867,30.75531433740389,36
2016-08-05,30.888030888030887,31.020082154267456,30.090171325518483,30.090171325518483,424
2016-08-07,29.959432048681542,30.04742547425474,29.959432048681542,30.04742547425474,32
2016-08-08,30.042783156946637,30.042783156946637,29.372384937238493,29.372384937238493,104
2016-08-09,29.489909070747395,29.797552836484982,29.22536756638139,29.78642936596218,58
2016-08-10,29.97997775305895,30.307519640852977,29.684396380489957,29.684396380489957,33
2016-08-11,30.620721131903238,30.620721131903238,28.885047536732927,28.885047536732927,66
2016-08-12,28.901170351105332,29.22626788036411,28.420604512558537,28.45055413469736,45
2016-08-15,28.11908268462024,28.34605597964377,27.84794349813045,27.880174745163306,33
2016-08-16,27.95667569256405,27.95667569256405,27.42711518858308,27.42711518858308,13
2016-08-17,27.231798823767996,27.231798823767996,27.086199919061105,27.125025166096233,11
2016-08-18,27.11329851345922,27.119903595099416,26.974420463629095,26.974420463629095,5
2016-08-19,26.34213098729228,26.656088853629512,26.340743655321663,26.35629921259843,55
2016-08-22,26.51222907138596,27.194551738158165,26.51222907138596,27.194551738158165,11
2016-08-23,27.420081967213115,27.56578947368421,26.783356671334268,26.786143372046457,32
2016-08-24,27.07396149949341,27.0920245398773,26.61037394451146,27.0920245398773,40
2016-08-25,27.0093839249286,27.036657792340776,26.661283811061768,26.71789686552073,29
2016-08-26,26.918226200162735,26.918226200162735,26.607428115015974,26.696266397578203,56
2016-08-29,26.93561532192339,26.93561532192339,26.9027269027269,26.9027269027269,5
2016-08-30,26.693662684754,27.26123886471929,26.579850595598625,27.088581457774108,54
2016-09-01,27.666384061042812,28.777972795085567,27.666384061042812,28.776584082438063,96
2016-09-02,28.76345266857017,28.76345266857017,28.14822725331055,28.192873906550034,35
2016-09-05,27.66805845511482,27.927984838913453,26.887041168120053,27.927984838913453,6
2016-09-06,28.795596805525577,28.795596805525577,28.60494880546075,28.706584274451313,14
2016-09-07,28.32807570977918,28.551797040169134,28.32807570977918,28.336846543001688,10
2016-09-08,27.63763352506163,27.738735014468787,26.805137467389123,26.844114102049016,17
2016-09-09,27.11350691619203,27.40176918329562,27.063363119415108,27.29580348004094,21
2016-09-12,28.103193064072745,28.103193064072745,27.33195449844881,27.437123259197673,48
2016-09-13,27.78686805118523,28.029661016949152,27.78686805118523,27.997448979591837,16
2016-09-14,28.596453287197228,28.596453287197228,28.596453287197228,28.596453287197228,1
2016-09-15,28.56802941812676,28.56802941812676,28.09961522017956,28.09961522017956,32
2016-09-16,28.322538860103627,28.322538860103627,28.322538860103627,28.322538860103627,1
2016-09-21,28.303457106274006,28.344385026737967,28.260405549626466,28.260405549626466,9
2016-09-22,28.021770985974456,28.178947368421053,28.021770985974456,28.083945435466948,4
2016-09-26,28.959236773633997,28.959236773633997,28.158336833263338,28.164596926962744,11
2016-09-27,28.633031479085812,28.685233160621763,28.633031479085812,28.685233160621763,30
2016-09-29,27.032653061224487,27.425249169435215,26.46645239051828,26.91116544417278,566
2016-09-30,27.02266693894221,27.093807480073576,26.744754532491342,26.744754532491342,44
2016-10-03,26.00553687957287,26.188197767145134,25.78232631371777,25.798385508958457,73
2016-10-04,25.906479096492966,25.906479096492966,24.736431081608746,24.736431081608746,226
2016-10-05,24.695584516631005,24.695584516631005,24.27389882669744,24.417260643421308,60
2016-10-06,24.394523717701503,24.394523717701503,23.817766787140954,23.817766787140954,39
2016-10-07,23.87692893884549,24.27602248497771,23.72916666666667,24.102910001927153,144
2016-10-09,24.458041958041957,24.458041958041957,24.458041958041957,24.458041958041957,2
2016-10-10,23.58426966292135,23.58426966292135,23.49990676859966,23.570223138946186,17
2016-10-11,23.77415687760515,23.791271347248575,23.732021196063588,23.78753325731661,9
2016-10-12,24.082260234480106,24.151234567901234,24.082260234480106,24.151234567901234,4
2016-10-13,24.45134977665566,24.45134977665566,24.164742109314854,24.19938414164742,13
2016-10-14,24.045375889252067,24.218266253869967,24.045375889252067,24.218266253869967,4
2016-10-17,24.36795021392454,24.43708609271523,24.36795021392454,24.402099941668286,11
2016-10-18,24.292043922172994,24.403172760688722,24.292043922172994,24.403172760688722,5
2016-10-19,24.28899082568807,24.28899082568807,23.96073249008873,23.96073249008873,20
2016-10-20,24.612403100775193,24.612403100775193,24.558680892337538,24.558680892337538,4
2016-10-24,24.69260700389105,24.88761829652997,24.596491228070175,24.88761829652997,3
2016-10-25,24.671206225680933,25.174866627148784,24.671206225680933,25.174866627148784,25
2016-10-26,25.516064257028116,25.552430695058256,25.440705128205128,25.552430695058256,16
2016-10-27,25.096876235666272,25.096876235666272,25.096876235666272,25.096876235666272,12
2016-10-28,25.139442231075694,25.8836598666936,25.139442231075694,25.68209255533199,311
2016-10-31,25.822528363047,26.403235843186064,25.822528363047,26.403235843186064,4
2016-11-01,26.113492549499895,26.996444258523322,26.113492549499895,26.890002087246923,27
2016-11-02,27.21359630717583,28.013301866552244,27.21359630717583,27.487277353689567,24
2016-11-03,27.536108751062024,28.21358801823312,27.163958641063513,28.08189655172414,25
2016-11-04,27.931554024967713,27.931554024967713,27.931554024967713,27.931554024967713,1
2016-11-06,28.166557662960543,28.166557662960543,28.059117583134103,28.059117583134103,8
2016-11-07,27.89382448537378,28.13667325862448,27.69995676610463,27.69995676610463,8
2016-11-08,27.557415754453746,28.06093579978237,27.518764743727214,27.899343544857768,47
2016-11-09,27.51299826689775,29.465921787709494,27.26318045435062,27.490838542789394,85
2016-11-10,27.505353319057814,27.817269952027914,27.386215864759425,27.443231441048038,30
2016-11-11,27.83218339639439,27.907390917186106,27.27903334079212,27.383408071748878,554
2016-11-14,27.05016722408027,27.971246006389777,27.05016722408027,27.29959695476937,168
2016-11-15,26.731441048034934,26.776732998031928,26.215173596228034,26.215173596228034,16
2016-11-16,26.349581275499247,26.3859573551583,26.028911564625854,26.3859573551583,9
2016-11-17,26.18640444634459,26.18640444634459,25.909090909090907,25.96483704974271,563
2016-11-18,25.99227633555031,26.095979247730224,25.942526270641217,26.063875701337935,57
2016-11-22,24.492108458114124,24.731468245864814,24.492108458114124,24.731468245864814,12
2016-11-23,24.27317272356064,24.27317272356064,24.25418880261545,24.25418880261545,51
2016-11-25,24.618091492444627,24.88421052631579,24.580484773151024,24.881806669480795,12
2016-11-28,25.553882555388256,25.553882555388256,24.646924829157175,24.646924829157175,12
2016-11-29,24.779534109816975,25.76086956521739,24.767369079908196,25.550053821313238,4150
2016-11-30,25.394961571306574,25.437433155080214,23.228299643281805,23.228299643281805,205
2016-12-01,22.693126815101646,22.693126815101646,21.444321940463066,21.765688822874118,616
2016-12-02,21.791682138878574,22.070195195195197,21.56008820286659,21.590073529411764,511
2016-12-04,21.80225050728648,21.942952398592332,21.80225050728648,21.919659385412807,17
2016-12-05,21.803369746343268,21.803369746343268,20.99818511796733,21.573220213943195,256
2016-12-06,21.504587155963304,21.89880507841673,21.333941605839417,21.7056856187291,237
2016-12-07,21.644114921223355,22.141916054959534,21.644114921223355,22.094645550527904,53
2016-12-08,22.076358848974984,22.217186024551463,21.721448467966574,21.7295188556567,122
2016-12-09,21.648127549128663,21.648127549128663,21.304828603022486,21.30658814869341,84
2016-12-11,20.519043401240033,20.519043401240033,20.519043401240033,20.519043401240033,1
2016-12-12,20.400847607275296,20.959422903516682,20.35840395480226,20.959422903516682,64
2016-12-13,20.88119167264896,20.8982898289829,20.658693323812923,20.745062836624776,56
2016-12-14,21.060275962236748,21.354611245128964,21.031860970311367,21.30945719082261,60
2016-12-15,21.025356283546177,21.12460302634037,20.721630554535437,20.95035198221564,131
2016-12-16,20.986671603109958,21.095406360424025,20.510407239819006,20.510407239819006,73
2016-12-19,20.50575953923686,20.72869343994185,20.50575953923686,20.72869343994185,92
2016-12-20,20.384476534296027,20.466546112115733,20.235315250583795,20.466546112115733,30
2016-12-21,20.404385334291874,20.516618497109825,20.404385334291874,20.489573889392567,6
2016-12-22,20.76370997423629,20.76370997423629,20.538531278331824,20.59005645601894,11
2016-12-23,20.62180889861415,20.792716571638774,20.562715556362313,20.562715556362313,10
2016-12-27,20.465408805031448,20.465408805031448,20.325232308791996,20.325232308791996,50
2016-12-28,20.193399574166072,20.193399574166072,20.193399574166072,20.193399574166072,7
2016-12-29,20.316926345609065,20.64728958630528,20.306900833776833,20.64728958630528,148
2016-12-30,20.473581904930196,20.473581904930196,20.33916269210387,20.33916269210387,6
2017-01-03,19.719642242862058,20.922382671480143,19.70653852754419,20.922216206460927,42
2017-01-04,20.72222222222222,20.961642355483523,20.625775571707145,20.625775571707145,18
2017-01-05,20.60452076397407,21.05431878895815,20.60452076397407,20.75624340485403,23
2017-01-06,20.698451794510905,20.77577045696068,20.471533356618934,20.6229104346296,7
2017-01-09,20.619733146067414,21.5985401459854,20.619733146067414,21.591240875912412,47
2017-01-10,21.45137880986938,21.592807845986197,21.45137880986938,21.592807845986197,4
2017-01-11,21.93822822267431,21.93822822267431,21.532649757150566,21.612786051580095,13
2017-01-12,21.697024346257887,21.734343981230825,21.370205173951828,21.370205173951828,3
2017-01-13,21.487603305785125,21.487603305785125,21.231676796567754,21.257827876185363,9
2017-01-16,21.627655743608212,21.699476250677264,21.616561656165615,21.699476250677264,13
2017-01-17,21.748565279770446,21.748565279770446,21.43892522538448,21.616233535065863,31
2017-01-18,22.173992673992675,22.364205487018964,22.170415066739807,22.192109144542773,16
2017-01-19,22.088316467341304,22.226324533874838,21.9208211143695,22.10313075506446,18
2017-01-20,21.57488789237668,21.8018018018018,21.57488789237668,21.79394812680115,30
2017-01-23,22.02766654532217,22.02766654532217,21.999639054322326,21.999639054322326,3
2017-01-24,21.813117699910155,21.813117699910155,21.72779575692197,21.756440281030446,9
2017-01-25,21.821318322135465,21.830113014947138,21.59553394561498,21.71418195024514,35
2017-01-26,21.560641557037304,21.581605049594227,21.118222222222222,21.12615823235923,14
2017-01-29,21.51624548736462,21.588565225257824,21.51624548736462,21.588565225257824,50
2017-01-30,21.59370477568741,21.788248135346553,21.393133201509976,21.649746192893403,5348
2017-01-31,21.718636693255984,21.845849090581666,21.55098389982111,21.755204594400574,219
2017-02-01,21.76502338970853,21.812770562770563,21.27787610619469,21.39646017699115,468
2017-02-02,21.349164467897978,21.644491750931344,21.294035577258455,21.326656123704097,771
2017-02-03,21.336851363236587,21.583982990786676,21.23292469352014,21.441409691629953,404
2017-02-06,21.46919431279621,22.12685898584483,21.420066538259498,22.06150545324513,227
2017-02-07,22.08944543828265,22.528735632183906,22.043260636396138,22.378878606423516,390
2017-02-08,22.594971554413654,22.734260614934115,22.36347197106691,22.467391304347824,58
2017-02-09,22.311982727599855,22.332434860736747,22.13400395185917,22.195253505933117,438
2017-02-10,21.97592958505479,21.982402585742506,21.61051331804551,21.75723359209598,178
2017-02-13,21.711107187003353,22.086110610700775,21.711107187003353,22.086110610700775,102
2017-02-14,21.90620542082739,22.025000000000002,21.74942160526784,21.969967822667144,125
2017-02-15,21.992818671454216,22.085724533715926,21.79423282306871,22.059878092506274,63
2017-02-16,22.159253945480632,22.43580470162749,22.039907357919112,22.334897149043666,10
2017-02-17,22.454298642533935,22.454298642533935,22.16182274847506,22.16182274847506,212
2017-02-20,22.101020956475015,22.101020956475015,21.921234699308144,22.010327635327634,6
2017-02-21,21.594024604569423,21.705085342248815,21.50788091068301,21.6882889200561,41
2017-02-22,21.80052956751986,22.128535624776227,21.80052956751986,22.04724409448819,17
2017-02-23,21.86393126424689,22.106845922519017,21.86393126424689,22.106845922519017,48
2017-02-24,22.373062533404596,22.392659896668448,22.373062533404596,22.392659896668448,2
2017-02-27,22.32,22.48307801923762,22.103964757709253,22.361557699178277,72
2017-02-28,22.374486331963553,22.663180670753697,22.374486331963553,22.52660054102795,21
2017-03-01,21.928987811340754,22.176230236276425,21.78364116094987,22.176230236276425,79
2017-03-02,22.144886363636363,22.375590265165272,22.13257508441443,22.375590265165272,75
2017-03-03,22.214389009399856,22.21840535165431,21.97879223580158,22.112423916935196,110
2017-03-06,22.124305928712165,22.241659152389538,21.933642525865142,21.950259438182144,7
2017-03-07,21.691241783620537,21.83108715184187,21.521431101664895,21.83108715184187,44
2017-03-08,21.751300915126503,22.30655586334257,21.751300915126503,22.30655586334257,23
2017-03-09,22.484599589322382,23.229669692872317,22.484599589322382,23.14423076923077,36
2017-03-10,22.845683728036672,22.98716229162675,22.845683728036672,22.98716229162675,3
2017-03-12,23.635651322233105,23.644914756025866,23.635651322233105,23.644914756025866,7
2017-03-13,23.450896336710834,23.450896336710834,23.378667184767824,23.413779680809654,6
2017-03-14,23.808489634748273,23.83900316455696,23.44422700587084,23.44422700587084,13
2017-03-15,23.131274131274132,23.526898426879008,23.131274131274132,23.50106034316561,27
2017-03-16,23.422715954797933,23.730449893801893,23.422715954797933,23.66988416988417,39
2017-03-17,23.67802811476988,23.705701078582432,23.640730067243037,23.640730067243037,10
2017-03-19,23.77296461032682,23.77296461032682,23.77296461032682,23.77296461032682,3
2017-03-20,23.95606531881804,24.12421630094044,23.95606531881804,24.12421630094044,7
2017-03-21,24.02635148227088,24.454045561665357,24.02635148227088,24.454045561665357,8
2017-03-22,24.674170616113745,24.674170616113745,24.674170616113745,24.674170616113745,1
2017-03-23,24.73015873015873,24.73015873015873,24.63197467352592,24.65967550455085,9
2017-03-24,24.654286843145,24.665875840253065,24.51011191831926,24.51011191831926,3
2017-03-27,24.834817012858558,24.834817012858558,24.676244833694152,24.676244833694152,3
2017-03-29,24.03724323286619,24.03724323286619,24.02993667242372,24.02993667242372,41
2017-03-30,23.875643715430098,24.02267922352489,23.46719457013575,23.495934959349594,7648
2017-03-31,23.49924299772899,23.68701274006465,23.478179082016553,23.601134215500945,421
2017-04-02,23.276730733345772,23.32897196261682,23.276730733345772,23.32897196261682,7
2017-04-03,23.356433789099082,23.587038432554635,23.188675731048612,23.556099397590362,226
2017-04-04,23.607297348128643,23.874881516587678,23.132263420033205,23.148182321461526,305
2017-04-05,23.045237219566015,23.232136245834873,22.616448326055313,23.18366592756837,303
2017-04-06,23.058931860036832,23.099188790560472,22.74381368267831,22.751592356687897,45
2017-04-07,22.89675300985042,23.08869058459297,22.569593147751604,22.722987672226253,292
2017-04-09,22.67149321266968,22.67149321266968,22.67149321266968,22.67149321266968,2
2017-04-10,22.584715212689257,22.584715212689257,22.283774124374553,22.389633601429846,71
2017-04-11,22.38579586009993,22.86459269915483,22.38579586009993,22.66963490650045,238
2017-04-12,22.600674117438356,23.083692528735632,22.48277080756317,23.083692528735632,180
2017-04-13,23.0449579079348,23.12601114506561,22.909967845659164,23.068507890961264,40
2017-04-16,23.232069027503147,23.232069027503147,23.18059299191375,23.18059299191375,13
2017-04-17,23.24640287769784,23.276173285198556,23.03904011461318,23.276173285198556,15
2017-04-18,23.165402672444927,23.596635582373377,23.066378066378068,23.470984173185375,135
2017-04-19,23.401385344513304,24.32258064516129,23.121597096188747,24.11797964568413,82
2017-04-20,24.054969879518072,24.218986384266262,24.006001500375092,24.065147806439462,61
2017-04-21,24.09493313241665,24.926328034121756,24.09493313241665,24.784956605593056,23
2017-04-23,24.380879247456324,24.40645409143296,24.319356691556578,24.319356691556578,43
2017-04-24,24.34233199310741,24.745927075252133,24.229083285687057,24.745927075252133,25
2017-04-25,24.544399303540338,24.655775962660442,24.280222948299055,24.280222948299055,137
2017-04-26,24.346153846153847,24.346153846153847,24.15137614678899,24.25552353506244,25
2017-04-27,24.559766763848394,24.88958990536278,24.559766763848394,24.63471654003507,28
2017-04-28,24.471749226006192,24.598951252670417,24.471749226006192,24.598951252670417,2
2017-05-01,24.379829984544052,24.645362431800468,24.37136204889406,24.37136204889406,15
2017-05-02,24.097195543603533,24.389959136018682,24.097195543603533,24.389959136018682,10
2017-05-03,24.678754434371303,24.80899323517708,24.5126993502658,24.560677698975574,30
2017-05-04,24.386867088607595,25.398009950248756,24.386867088607595,25.37029375258585,39
2017-05-05,25.763350785340315,25.763350785340315,24.94916632777552,24.949207639171068,10
2017-05-07,24.782344604170884,24.782344604170884,24.782344604170884,24.782344604170884,1
2017-05-08,24.715316760224535,25.12140379514385,24.715316760224535,24.805668016194335,5
2017-05-09,24.761712439418417,25.021636101380587,24.663713250100685,24.89183673469388,22
2017-05-10,24.750507099391484,24.750507099391484,24.750507099391484,24.750507099391484,1
2017-05-12,24.130477500491256,24.229857819905213,24.0921568627451,24.2008681925809,10
2017-05-15,23.614942528735632,23.614942528735632,23.589104162670246,23.60737610449481,9
2017-05-16,23.84674773209805,23.936108422071637,23.84674773209805,23.936108422071637,9
2017-05-17,24.17640186915888,24.17640186915888,23.947722467807033,24.13885692366705,12
2017-05-18,24.061361457334613,24.444444444444446,23.679908762592664,23.79599618684461,34
2017-05-23,23.555389221556887,23.572899120344378,23.069544364508392,23.069544364508392,16
2017-05-24,22.993560257589696,23.28394147064271,22.993560257589696,23.28394147064271,4
2017-05-25,23.209602954755308,23.379862274334638,23.209602954755308,23.379862274334638,8
2017-05-28,24.223412394797247,24.26166794185157,24.180187058598968,24.22782874617737,355
2017-05-29,24.246653919694072,24.421742482652274,24.08555133079848,24.253974334418693,3073
2017-05-30,24.239234449760765,24.685546875,24.188801834511754,24.369325864400228,3660
2017-05-31,24.36219559335137,25.420429460164563,24.36219559335137,25.35750050070098,101
2017-06-01,24.756693375024426,25.1681592039801,24.578547790539226,25.108156380234174,333
2017-06-02,25.03370340999207,25.8497461928934,24.9880999603332,25.57,1012
2017-06-04,25.548232474535652,25.548232474535652,25.548232474535652,25.548232474535652,1
2017-06-05,25.236593059936908,26.043150824343577,25.236593059936908,25.836701697655624,87
2017-06-06,25.873913922004444,26.330349877949555,25.773916516876373,25.933052715975144,507
2017-06-07,25.806193806193807,26.76348547717842,25.799041150619257,26.693648816936488,328
2017-06-08,26.58324715615305,26.88469601677149,26.38589211618257,26.7007726038839,156
2017-06-09,26.65133779264214,26.671548117154813,26.20839363241679,26.36967808930426,102
2017-06-12,26.13369094285125,26.2626890408121,25.8377605230895,26.081136738056014,83
2017-06-13,26.010703993412925,26.306250000000002,25.945334977394165,26.0238732249434,56
2017-06-14,26.17926476662536,27.19369273385894,26.17926476662536,26.941954758856166,148
2017-06-15,26.925373134328357,26.925373134328357,26.595202717045215,26.750640478223737,170
2017-06-16,26.651776217825997,26.651776217825997,26.468103084072663,26.468103084072663,15
2017-06-19,26.467598475222363,26.524989320803076,26.121123218776194,26.524989320803076,58
2017-06-20,26.48096959387625,27.17696014016645,26.48096959387625,27.133187772925766,18
2017-06-21,26.93310165073849,27.052929644957526,26.93310165073849,27.052929644957526,16
2017-06-22,27.818545697131423,27.818545697131423,27.377875136911282,27.603798586572438,81
2017-06-23,27.700132684652807,28.059043842256003,27.50711315386299,27.65741963892558,175
2017-06-26,27.091027590701717,27.55698163310467,27.016742770167426,27.51658558160106,64
2017-06-27,26.89825768982577,27.066205106014714,26.707395498392287,26.923906014227203,46
2017-06-29,26.355396290050592,26.355396290050592,25.885917258671125,26.32091447925487,125
2017-06-30,25.989943431803898,26.0760823875578,25.989943431803898,26.0760823875578,6
2017-07-03,25.139938712972416,25.139938712972416,24.7347104090725,24.7347104090725,24
2017-07-04,24.726609963547993,24.726609963547993,24.703501315523173,24.703501315523173,4
2017-07-05,24.931450787804383,25.561374109761203,24.713763702801465,25.561374109761203,17
2017-07-06,25.221512466515556,25.509181969949918,25.211122554067973,25.509181969949918,3
2017-07-07,25.68631578947368,25.782571912013537,25.68631578947368,25.75796178343949,90
2017-07-10,26.012454369765944,26.012454369765944,25.63451776649746,25.763829787234044,27
2017-07-11,25.887770400514032,26.05042016806723,25.29987505206164,25.29987505206164,10
2017-07-12,25.296926910299003,25.36651395251978,25.16302104828725,25.33596837944664,7
2017-07-13,25.7314502529511,25.7314502529511,25.28580336728331,25.28580336728331,3
2017-07-14,25.080412371134024,25.136410256410258,24.900959771288548,25.136410256410258,13
2017-07-17,25.164252193429913,25.409971157807995,25.153123723968967,25.409971157807995,3
2017-07-18,25.3454619787408,25.40319279574294,25.3454619787408,25.40319279574294,2
2017-07-20,24.87127916331456,24.87127916331456,24.87127916331456,24.87127916331456,1
2017-07-21,25.562142273098935,25.75869878525839,25.50683255149908,25.753396459448332,14
2017-07-25,25.240781785210558,25.253827558420625,24.946107784431135,24.949091635056895,16
2017-07-26,24.61051799130091,24.829782998208245,24.61051799130091,24.829782998208245,6
2017-07-28,24.436469447138702,24.511292834890966,24.028858932978924,24.13655382274629,4985
2017-07-31,24.036018957345973,24.235181644359464,23.988636363636363,24.182894234440624,25
2017-08-01,24.03981042654028,24.8835388530045,23.95274102079395,24.59763428349816,480
2017-08-02,24.59611650485437,24.67666536813401,24.200381679389313,24.225028702640643,153
2017-08-03,24.199233716475096,24.483889639205096,23.981428842145156,24.43245326652534,274
2017-08-04,24.47104247104247,24.674441205053448,23.924966673014662,24.04857525339453,337
2017-08-06,24.022527682321495,24.022527682321495,24.022527682321495,24.022527682321495,4
2017-08-07,24.107382550335572,24.450923226433428,24.04588910133843,24.060107197549772,70
2017-08-08,24.14989457542649,24.31516085532653,23.88941849380362,24.31410380088752,129
2017-08-09,24.378846153846155,24.388461538461538,24.16714367487121,24.18340280409246,129
2017-08-10,24.229016331181164,24.82139409152346,23.970121381886088,24.82139409152346,411
2017-08-11,24.882865440464666,25.058388478007004,24.748270561106843,24.748367268536306,91
2017-08-14,24.72067575350355,25.22655634357762,24.537090281771132,25.22655634357762,238
2017-08-15,25.170443349753697,25.346653346653348,25.021627998427054,25.021627998427054,81
2017-08-16,24.823069403714566,25.49900596421471,24.778450126878784,25.45382323733863,43
2017-08-17,25.528455284552848,25.65356216324087,25.284280936454852,25.35355524916289,20
2017-08-18,25.29457819534155,25.533503635291808,24.36198409693298,24.36198409693298,154
2017-08-21,24.405395136778115,24.936219559335136,24.405395136778115,24.936219559335136,9
2017-08-22,24.795839753466872,24.795839753466872,24.68240260986375,24.68240260986375,4
2017-08-23,24.9255751014885,24.9255751014885,24.529019980970507,24.529019980970507,21
2017-08-24,24.49942900647126,24.864864864864867,24.463470319634702,24.864864864864867,61
2017-08-25,24.487814166031985,24.82705611068409,24.44253531882398,24.734725148438997,29
2017-08-28,24.78045055364643,25.261936980475546,24.733231707317074,25.244512899499423,42
2017-08-29,25.527890368654695,25.55319559760572,25.45489665829631,25.493612078977936,146
2017-08-30,25.17905275317674,25.428904882318616,25.17905275317674,25.268443414445734,58
2017-08-31,25.480862638430153,25.480862638430153,25.298866038823753,25.298866038823753,98
2017-09-01,25.06461421512733,25.234375,25.057797991282925,25.125142207053468,33
2017-09-03,25.411675223426506,25.411675223426506,25.411675223426506,25.411675223426506,1
2017-09-04,25.50229182582124,25.52666794112024,25.29032258064516,25.29032258064516,8
2017-09-05,25.515918680475643,25.515918680475643,24.962630792227202,24.988785046728974,36
2017-09-06,24.78268910671352,24.78268910671352,24.568584070796458,24.568584070796458,5
2017-09-07,24.738108458263927,24.88084241640495,24.703288627595075,24.75229357798165,20
2017-09-08,24.741458066873744,24.788990825688074,24.5816587504567,24.72863953061973,13
2017-09-11,24.804177545691907,24.804177545691907,24.759776536312845,24.759776536312845,2
2017-09-14,23.811151079136692,23.811151079136692,23.79744558373808,23.808667505844273,10
2017-09-15,23.764621198488392,23.783978397839785,23.739208633093526,23.783978397839785,15
2017-09-18,23.717182690566723,23.749772685942897,23.658051689860837,23.70464441219158,17
2017-09-19,23.750682438580526,23.750682438580526,23.750682438580526,23.750682438580526,1
2017-09-20,23.13122332859175,23.13634745461018,23.108540925266905,23.13634745461018,6
2017-09-21,23.09434635277332,23.119068934646375,22.928862870321094,22.94002838892832,28
2017-09-22,22.90716180371353,22.90716180371353,22.856890459363957,22.856890459363957,13
2017-09-25,22.447066990628258,22.447066990628258,22.133558748943365,22.133558748943365,15
2017-09-26,22.27249445108417,22.377670572019298,22.248167717743307,22.377670572019298,31
2017-09-28,22.24012474012474,22.583874934129632,21.899145299145296,22.389980866237607,323
2017-09-29,22.37093690248566,22.459874389392883,22.31383440374935,22.342687815931672,56
2017-10-02,22.484548825710753,22.950495049504955,22.468678313040407,22.772808586762075,94
2017-10-03,22.65429896539422,22.799570123589472,22.5714793109572,22.741589119541874,112
2017-10-04,22.881264594934432,22.957519268686145,22.691142398859384,22.838929789908423,76
2017-10-05,22.781244428596896,22.781244428596896,22.269852424455372,22.269852424455372,10
2017-10-06,22.245435393258425,23.027888446215137,22.245435393258425,22.83303411131059,38
2017-10-09,22.98705966930266,23.2,22.92464650080544,22.9484425349087,11
2017-10-10,23.01930639971398,23.01930639971398,22.728073265234237,22.728073265234237,8
2017-10-11,22.708333333333332,22.81637717121588,22.625835973248854,22.625835973248854,5
2017-10-12,22.9911190053286,23.030140895309433,22.876639489542715,22.975280099590968,10
2017-10-13,22.597970608817356,22.87196623285262,22.541340295909485,22.87196623285262,21
2017-10-16,22.52595155709343,22.548035312445904,22.44188048906492,22.461086129367,19
2017-10-17,22.195247933884296,22.348537604456826,22.042604363511423,22.103632294715094,6
2017-10-19,22.46986899563319,22.46986899563319,22.46986899563319,22.46986899563319,1
2017-10-20,22.28491814698711,22.28491814698711,22.234209152601355,22.234209152601355,2
2017-10-23,21.9937802349689,22.283025444405713,21.9937802349689,22.283025444405713,3
2017-10-24,22.094231768577863,22.115584866365847,21.935594971586017,21.935594971586017,10
2017-10-25,21.858544140423337,21.86952789699571,21.834846667808808,21.834846667808808,4
2017-10-26,21.825192802056556,21.90222069202961,21.350986675662003,21.350986675662003,21
2017-10-27,21.195652173913043,21.195652173913043,21.013266998341624,21.02670426273014,9
2017-10-29,20.94641384995878,20.94641384995878,20.94641384995878,20.94641384995878,5
2017-10-30,20.933531255154215,21.10318513603185,20.855079599540456,20.902971597438846,51
2017-10-31,20.845648604269293,20.845648604269293,20.685714285714287,20.685714285714287,3
2017-11-01,20.672091131000812,21.09840954274354,20.672091131000812,21.09582228116711,12
2017-11-03,20.752829260291946,20.752829260291946,20.39903459372486,20.39903459372486,3
2017-11-06,20.336538461538463,20.37548138639281,19.96567862714509,19.96567862714509,20
2017-11-07,19.940354732381103,19.940354732381103,19.921666927776908,19.921666927776908,2
2017-11-08,20.037635251685742,20.284629981024665,20.037635251685742,20.18378887841659,4
2017-11-09,20.236705065488405,20.236705065488405,20.062451209992194,20.14558547276143,9
2017-11-10,19.971936389148738,20.03615783681811,19.971936389148738,20.03615783681811,6
2017-11-13,20.23451117097132,20.23451117097132,20.23451117097132,20.23451117097132,1
2017-11-14,20.466420900785383,20.75836310490419,20.466420900785383,20.657299741602063,4
2017-11-15,20.906427990235965,20.906427990235965,20.609972567371308,20.648657392429634,8
2017-11-16,20.762229806598405,20.76560468140442,20.762229806598405,20.76560468140442,2
2017-11-17,20.62600064040986,20.62600064040986,20.62600064040986,20.62600064040986,1
2017-11-22,20.298625375256755,20.32155868842072,20.298625375256755,20.32155868842072,2
2017-11-29,20.418377012946003,20.572155117609665,20.065584009993753,20.25887924230466,5285
2017-11-30,20.144676835980498,20.152779965348874,19.898706560698148,20.091497081558604,243
2017-12-01,20.33184428844927,20.34779834077856,19.803677157993143,20.122602955045586,378
2017-12-03,20.044108380592316,20.044108380592316,20.001572079861656,20.001572079861656,17
2017-12-04,20.072440944881887,20.437570123417213,20.036277602523658,20.437219730941703,191
2017-12-05,20.488745980707396,20.488745980707396,20.00633813975598,20.18831790616023,365
2017-12-06,20.215620507906085,20.618775510204085,20.16549968173138,20.618775510204085,231
2017-12-07,20.526315789473685,20.5360352998856,20.04990341274952,20.07572096020622,144
2017-12-08,20.08863819500403,20.08863819500403,19.67200126762795,19.67624763108023,90
2017-12-11,19.74703557312253,19.74703557312253,19.183641975308642,19.206250967043168,44
2017-12-12,18.93390191897655,19.597092747669457,18.909700015227653,19.534664360949535,64
2017-12-13,19.301276065981945,20.076849183477425,19.301276065981945,20.07521203392543,34
2017-12-14,20.020694046482014,20.173801094303183,19.825645902678712,19.95699952221691,42
2017-12-15,19.75778546712803,19.859754175858807,19.75778546712803,19.854545454545455,52
2017-12-18,19.782677165354333,19.979407571677488,19.6759549154665,19.911560328490207,35
2017-12-19,19.906822488945043,19.906822488945043,19.772584692597242,19.772584692597242,136
2017-12-20,19.780907668231613,19.780907668231613,19.67376106882088,19.67376106882088,15
2017-12-21,19.615444254923247,19.68895800933126,19.579012536759016,19.595975232198146,30
2017-12-22,19.6326593610125,19.63378981381751,19.572151510504526,19.61408364083641,15
2017-12-26,19.560707748627213,19.591992665036674,19.243218942005093,19.243218942005093,22
2017-12-27,19.31930879038317,19.31930879038317,19.27136431784108,19.27136431784108,2
2017-12-28,19.385978081369164,19.475429605064818,19.385978081369164,19.456489009334536,5
2017-12-29,19.504741833508955,19.61405095733454,19.493273542600893,19.510185739964047,19
2018-01-01,19.53352332383381,19.53352332383381,19.53352332383381,19.53352332383381,1
2018-01-02,19.46859184281036,19.788774894387444,19.46859184281036,19.777744406066976,29
2018-01-03,19.747671973565634,19.747671973565634,19.36393152302243,19.388356669123066,17
2018-01-04,19.462603062426385,19.462603062426385,19.462603062426385,19.462603062426385,1
2018-01-08,19.44994824781902,19.52500739863865,19.423758865248224,19.47337278106509,32
2018-01-09,19.098731223567157,19.098731223567157,19.098731223567157,19.098731223567157,1
2018-01-10,19.09143686502177,19.09143686502177,19.09143686502177,19.09143686502177,8
2018-01-11,19.035430224150396,19.04513888888889,18.972622478386167,18.972622478386167,4
2018-01-12,19.223427331887198,19.226766873825696,19.174666857716005,19.174666857716005,3
2018-01-16,19.153835084184777,19.1588785046729,19.153835084184777,19.1588785046729,12
2018-01-17,19.353154459753444,19.353154459753444,19.256747005339875,19.256747005339875,3
2018-01-18,19.29297328687573,19.29297328687573,19.15391279237655,19.169555170421724,5
2018-01-19,19.39084814922763,19.428654715056116,19.39084814922763,19.428654715056116,4
2018-01-23,19.283961310812764,19.296547739419328,19.283961310812764,19.296547739419328,3
2018-01-25,19.14596273291925,19.14596273291925,19.109608340377573,19.109608340377573,3
2018-01-26,19.235369500213583,19.235369500213583,19.235369500213583,19.235369500213583,1
2018-01-30,19.294982698961938,19.60853052877593,19.26519416774939,19.546584759397398,4725
2018-01-31,19.574157794954065,19.577136191309418,19.31643736422882,19.31643736422882,256
2018-02-01,19.51297289462241,19.522634939059778,19.23308918569582,19.335243553008596,464
2018-02-02,19.289085967672722,19.553335292389068,19.289085967672722,19.44720678560983,549
2018-02-04,19.537580739870815,19.54345273047563,19.537580739870815,19.54345273047563,6
2018-02-05,19.535976505139505,19.961246087345355,19.526038619075482,19.95826501714115,181
2018-02-06,19.952267303102623,20.13365370175702,19.702852023294014,19.73134328358209,158
2018-02-07,19.719667754375557,20.147307043117998,19.617664493183163,20.067165318272018,232
2018-02-08,20.136335784313726,20.55061612852909,20.003049710277523,20.540919719407636,189
2018-02-09,20.456805469235547,21.151992287917736,20.411235257603973,20.914876690533013,91
2018-02-12,20.825977301387137,21.059497295577472,20.64506027869109,21.059497295577472,51
2018-02-13,21.06757614213198,21.334837981621796,21.06757614213198,21.32357671276938,12
2018-02-14,21.265660134918086,21.581141757536884,20.995812005583993,21.021296440230063,330
2018-02-15,20.915841584158414,21.397373002057286,20.915841584158414,20.970091430342478,58
2018-02-16,20.94811612106238,21.07370054305663,20.76899368161504,20.76899368161504,69
2018-02-20,20.452391869173162,20.606807330971815,20.271300106691054,20.431643625192013,37
2018-02-21,20.521042084168336,20.521042084168336,20.355610055180872,20.390889504462912,29
2018-02-22,20.279261406989168,20.279261406989168,20.052782385763837,20.052782385763837,7
2018-02-23,20.07401812688822,20.18526955201215,19.762223212958833,19.762223212958833,184
2018-02-27,19.758303677342823,19.772828507795104,19.61395140855567,19.732652448182638,102
2018-02-28,19.81935872346831,19.928938615058964,19.751794258373206,19.928938615058964,14
2018-03-01,20.18173417526567,20.58397607429561,20.18173417526567,20.524758642167548,36
2018-03-02,20.59652418976045,20.83779527559055,20.521806853582554,20.556421446384043,60
2018-03-05,20.440949737897007,20.473098330241186,20.085313833028643,20.125076266015864,10
2018-03-06,20.12180267965895,20.316928234039313,20.12180267965895,20.316928234039313,13
2018-03-07,20.48622865056163,20.48622865056163,20.305203723485423,20.305203723485423,23
2018-03-08,20.62822315986873,20.79829948039679,20.62822315986873,20.79829948039679,4
2018-03-09,20.64399874647446,20.64399874647446,20.371517027863778,20.478847047884706,40
2018-03-14,20.432699737289447,20.503563681437864,20.403822441430332,20.436795801821265,12
2018-03-16,20.155384615384612,20.155384615384612,20.155384615384612,20.155384615384612,1
2018-03-19,19.88156696021865,19.89876095497129,19.86941998177953,19.89876095497129,3
2018-03-21,19.078248384781045,19.078248384781045,19.078248384781045,19.078248384781045,15
2018-03-23,19.276693455797933,19.278158947970272,19.276693455797933,19.278158947970272,4
2018-03-26,19.210225649814337,19.267597606155597,19.210225649814337,19.267597606155597,2
2018-03-27,19.102564102564102,19.102564102564102,19.102564102564102,19.102564102564102,2
2018-03-28,19.294218906900017,19.298850574712645,18.934321128365866,18.961318051575933,6620
2018-03-29,18.97619730427302,19.18269926225951,18.780349282976005,18.780349282976005,259
2018-04-01,19.097062211981566,19.097062211981566,19.072075960293482,19.072075960293482,72
2018-04-02,19.063262085783965,19.851873796474596,19.060527825588068,19.851873796474596,178
2018-04-03,19.740412979351035,19.766755240625923,19.485638921453695,19.556859867938368,132
2018-04-04,19.799084059683853,20.16167664670659,19.539521924035785,19.539521924035785,357
2018-04-05,19.425304207594195,19.5813679245283,19.324698006112648,19.3642209880152,104
2018-04-06,19.55594765475665,19.868637110016422,19.414188990285545,19.868637110016422,210
2018-04-09,19.755229194481533,19.755229194481533,19.429901105293773,19.429901105293773,17
2018-04-10,19.203107019562715,19.206851878508708,18.913963328631873,18.913963328631873,11
2018-04-11,18.997033479304985,18.997033479304985,18.60254829428689,18.754517653600224,92
2018-04-12,18.762843654540404,18.80039331366765,18.507835251698793,18.507835251698793,22
2018-04-13,18.546310397341824,18.557213930348258,18.482891301360453,18.492642002475588,44
2018-04-15,18.565692925377267,18.565692925377267,18.565692925377267,18.565692925377267,1
2018-04-16,18.757651641624932,18.819910514541387,18.757651641624932,18.819910514541387,12
2018-04-17,18.778211200891615,18.880628419133117,18.778211200891615,18.836104513064132,53
2018-04-18,18.666759156492787,18.666759156492787,18.49828884325804,18.49828884325804,30
2018-04-19,18.31529093369418,18.33446083074009,18.00590049617809,18.29056347589952,270
2018-04-20,18.253298870901915,18.34522502744237,18.033715441672285,18.13764083073164,241
2018-04-23,18.062670299727518,18.062670299727518,17.656312491667776,17.656312491667776,35
2018-04-24,17.704217832354512,17.871426654140382,17.67676767676768,17.871426654140382,12
2018-04-25,17.90100081146876,18.023176550783916,17.90100081146876,18.023176550783916,261
2018-04-26,17.694997310381925,17.694997310381925,17.694997310381925,17.694997310381925,3
2018-04-27,17.637362637362635,17.725258493353028,17.606084867894317,17.699731903485258,198
2018-04-30,17.714053834708505,17.714053834708505,17.53040224508887,17.53040224508887,2
2018-05-01,17.674702058504874,17.754185381788485,17.674702058504874,17.70097772949484,17
2018-05-02,17.80909586056645,17.975485470320894,17.80909586056645,17.856751574910984,16
2018-05-07,17.360412807621064,17.36514247846256,17.30845311881841,17.30845311881841,3
2018-05-08,17.34904661016949,17.34904661016949,17.28990486257928,17.28990486257928,10
2018-05-10,16.877170418006433,17.109841599584524,16.877170418006433,17.088903309539262,5
2018-05-14,17.235570645077047,17.235570645077047,17.051364989002458,17.051364989002458,2
2018-05-15,16.52647580440841,16.55504234026174,16.52355623100304,16.55504234026174,4
2018-05-16,16.568501920614597,16.590879897238278,16.468182979810884,16.468182979810884,6
2018-05-18,16.311662028838853,16.311662028838853,16.311662028838853,16.311662028838853,1
2018-05-21,16.42091836734694,16.42091836734694,16.292319353208693,16.292319353208693,3
2018-05-30,17.262599469496017,17.36954490858134,16.750739930510875,16.763720690543675,4938
2018-05-31,16.86868686868687,16.90605590062112,16.56758130081301,16.753865979381445,152
2018-06-01,16.746226293381497,16.947602247484646,16.643976367839713,16.866684059483433,351
2018-06-03,16.91372549019608,16.91372549019608,16.91372549019608,16.91372549019608,1
2018-06-04,16.868634108122226,17.177001726198377,16.820846905537458,17.139824887237996,88
2018-06-05,17.102890479978786,17.464140730717183,17.08526107072042,17.249866950505588,104
2018-06-06,17.226946585171405,17.368350708366748,17.057586116224034,17.172587486744433,109
2018-06-07,16.9854769069737,17.090120861797164,16.774443869632698,16.774443869632698,58
2018-06-08,16.842652795838752,16.998168018843234,16.842652795838752,16.992540243423637,183
2018-06-11,16.983006535947712,17.148329150706644,16.928189756288283,16.96787673021677,15
2018-06-12,16.936936936936938,17.094772967265044,16.936936936936938,17.094772967265044,48
2018-06-13,17.125264830508474,17.125264830508474,16.846905537459282,16.864639081059913,55
2018-06-14,16.94800104520512,17.191410881306812,16.94800104520512,17.137590520078998,38
2018-06-15,17.307897545357527,17.48188653451811,17.120990283508586,17.48188653451811,197
2018-06-18,17.602588818507297,17.602588818507297,17.035752401280686,17.035752401280686,15
2018-06-19,17.16619793759207,17.16619793759207,16.9365164043745,16.97519338490264,20
2018-06-20,16.9468085106383,17.149986512004315,16.85812599258867,17.149986512004315,5
2018-06-21,17.063513513513513,17.21709633649932,17.063513513513513,17.212647577690326,27
2018-06-22,17.170348285675566,17.170348285675566,16.963091735758223,16.969939879759522,49
2018-06-25,16.94967294086237,17.087601078167115,16.94967294086237,17.021505376344084,8
2018-06-26,16.768187258944007,16.780721608307818,16.768187258944007,16.780721608307818,11
2018-06-27,16.271384136858476,16.271384136858476,16.07573812580231,16.07573812580231,2
2018-06-28,16.132075471698112,16.144516129032258,15.943360122464599,16.052563772223653,86
2018-06-29,15.968813905930473,15.968813905930473,15.968813905930473,15.968813905930473,3
2018-07-02,15.9956488354236,16.043472635528527,15.821709358356582,16.043472635528527,23
2018-07-03,15.924115755627009,16.23316062176166,15.885597024496601,16.23316062176166,20
2018-07-04,16.140148603638227,16.140148603638227,16.140148603638227,16.140148603638227,1
2018-07-05,16.201730595376468,16.201730595376468,16.201730595376468,16.201730595376468,1
2018-07-06,16.277712952158694,16.277712952158694,16.277712952158694,16.277712952158694,1
2018-07-09,16.23902942694889,16.294049309410095,16.07923322683706,16.07923322683706,17
2018-07-10,15.997199949089985,15.997199949089985,15.778001763890638,15.916243654822336,65
2018-07-11,15.982655273562047,16.217024041585447,15.96397087006516,16.20859851928822,30
2018-07-12,16.669801182160132,17.0199399071292,16.644780919201395,16.978074356530026,6
2018-07-13,16.839972991222147,16.839972991222147,16.839972991222147,16.839972991222147,1
2018-07-16,16.617234468937877,16.617234468937877,16.617234468937877,16.617234468937877,1
2018-07-18,17.07544543429844,17.086416306017036,17.04840284558516,17.086416306017036,17
2018-07-19,16.820555097554273,16.951960242959693,16.561307901907355,16.914672935970128,31
2018-07-23,16.783408872407637,16.783408872407637,16.783408872407637,16.783408872407637,1
2018-07-26,16.62559241706161,16.62559241706161,16.62559241706161,16.62559241706161,1
2018-07-29,16.43981170141224,16.451439332795264,16.43981170141224,16.451439332795264,82
2018-07-30,16.419836043542535,16.47875927174646,16.240201939683807,16.310303354269678,3777
2018-07-31,16.28971962616822,16.440792132560958,16.23169107856192,16.423092450545013,97
2018-08-01,16.506969820002706,16.898988499376472,16.463678098838777,16.73601543124828,199
2018-08-02,16.741851189657545,16.898611111111112,16.452445652173914,16.460513796384397,105
2018-08-03,16.45412342981977,16.612484633246826,16.402936378466556,16.545231273024967,51
2018-08-06,16.565146134935812,16.566470829348273,16.28617579755014,16.382892057026474,57
2018-08-07,16.341693635382956,16.341693635382956,16.190922479582273,16.195899772209568,145
2018-08-08,16.248826920498725,16.442268461852304,16.248826920498725,16.442268461852304,18
2018-08-09,16.755825175789326,16.838521400778212,16.720859740975474,16.838521400778212,15
2018-08-10,16.77267046243577,16.866610738255034,16.609100877192983,16.62821041065788,34
2018-08-13,16.587214108569857,16.757856341189676,16.442096597145994,16.57079338613311,65
2018-08-14,16.38911788953009,16.431718061674008,16.21185406211854,16.431718061674008,43
2018-08-15,16.446876298656324,16.729131175468485,16.446876298656324,16.61631846414455,45
2018-08-16,16.577086280056577,16.68883543229093,16.436394271272114,16.6600790513834,40
2018-08-17,16.43206256109482,16.451838389486927,16.27951940339732,16.451838389486927,13
2018-08-20,16.48768952566421,16.48798777947507,16.348461856807834,16.412983425414364,40
2018-08-21,16.356887544679683,16.356887544679683,16.355268580849017,16.355268580849017,2
2018-08-23,15.923149015932522,15.95787496646096,15.899732620320856,15.94235924932976,30
2018-08-24,15.856636471051594,15.86238652808841,15.856636471051594,15.86238652808841,4
2018-08-26,15.937871777924652,15.937871777924652,15.933368588048651,15.933368588048651,2
2018-08-27,15.889078722565383,15.889078722565383,15.889078722565383,15.889078722565383,1
2018-08-28,15.817376579392992,15.943060498220639,15.817376579392992,15.825983941029353,34
2018-08-29,15.732042391730996,15.732042391730996,15.732042391730996,15.732042391730996,1
2018-08-30,15.47542252612566,15.481912144702841,15.425189759423645,15.459354838709677,50
2018-08-31,15.503034999354256,15.503034999354256,15.503034999354256,15.503034999354256,1
2018-09-03,15.336317135549871,15.359518935516888,15.336317135549871,15.359518935516888,2
2018-09-04,15.258179959100206,15.332647020975422,15.025239777889954,15.332647020975422,10
2018-09-05,15.300230946882218,15.400463559103786,15.298191612158522,15.400463559103786,3
2018-09-06,15.54578375581997,15.727785798661241,15.54578375581997,15.727785798661241,2
2018-09-07,15.633398564905413,15.728537673930164,15.610362423132276,15.728537673930164,4
2018-09-11,15.205007025162857,15.216002044989777,15.137289636846766,15.137289636846766,12
2018-09-12,15.100250626566417,15.100250626566417,15.092685370741483,15.092685370741483,2
2018-09-13,15.329936305732485,15.374759769378604,15.329936305732485,15.374759769378604,6
2018-09-18,15.202282815472417,15.202282815472417,15.188332276474318,15.188332276474318,2
2018-09-25,14.668862056348337,14.668862056348337,14.666504084867698,14.666910688140556,7
2018-09-27,14.587603709126403,14.616795012834617,14.446480938416421,14.491120636864666,906
2018-09-28,14.37598736176935,14.38751972805633,14.37537865018781,14.383313180169287,11
2018-09-30,14.391304347826086,14.391304347826086,14.391304347826086,14.391304347826086,1
2018-10-01,14.346987951807229,14.346987951807229,14.049704142011835,14.049704142011835,13
2018-10-02,14.045208382387568,14.238488783943328,14.045208382387568,14.18475696083058,18
2018-10-03,14.220172638051318,14.22185430463576,13.901137154792295,13.901137154792295,8
2018-10-04,14.006290773532152,14.08182459440395,14.006290773532152,14.08182459440395,6
2018-10-05,14.088664158043272,14.271637183901221,14.088664158043272,14.194043961238476,7
2018-10-08,14.42989306740358,14.42989306740358,14.285198121161025,14.295528504278654,25
2018-10-09,14.009216589861751,14.027368172702607,13.977633902295468,14.027368172702607,6
2018-10-10,14.366859623733719,14.403093281778636,14.366859623733719,14.403093281778636,2
2018-10-11,14.5931790499391,15.219396659187236,14.553527980535279,15.206776283009466,19
2018-10-12,14.967996061053668,15.159006211180124,14.967996061053668,15.147826086956522,6
2018-10-15,15.168636139832595,15.31827259111333,15.168636139832595,15.31827259111333,5
2018-10-16,15.332751744765703,15.337155677427395,15.243584975827446,15.28264380668406,26
2018-10-17,15.21156471026182,15.21156471026182,15.21156471026182,15.21156471026182,1
2018-10-22,15.269983788502307,15.378511147499687,15.269983788502307,15.300751879699249,4
2018-10-23,15.417925478348439,16.073619631901842,15.417925478348439,16.073619631901842,15
2018-10-24,16.066579634464755,16.066579634464755,15.96388672382437,15.975292587776332,28
2018-10-25,16.333904787023606,16.333904787023606,16.035472091810117,16.035472091810117,5
2018-10-26,16.163110354758476,16.167343197590675,15.91952540624194,15.91952540624194,14
2018-10-30,15.860549507516849,16.23607427055703,15.860549507516849,16.191359660747416,22
2018-10-31,15.84158415841584,16.033482731347217,15.84158415841584,16.033482731347217,4
2018-11-01,16.244319700614813,16.547091226655915,16.244319700614813,16.547091226655915,11
2018-11-02,16.902412280701757,16.991724137931037,16.891873372618882,16.94455908653185,10
2018-11-05,16.91958762886598,16.963350785340314,16.682986536107713,16.73963290278722,6
2018-11-06,16.97905181918412,16.97905181918412,16.93152188829422,16.93152188829422,2
2018-11-09,17.223727363467848,17.312213302752294,17.223727363467848,17.312213302752294,4
2018-11-12,16.874034545709872,16.874034545709872,16.874034545709872,16.874034545709872,1
2018-11-13,17.482098494812213,17.482098494812213,17.323334294779347,17.3679641151787,5
2018-11-16,17.87950036737693,17.999705839093984,17.874926772114822,17.970267883426555,5
2018-11-20,18.42279356487746,19.286953778198452,18.42279356487746,19.286953778198452,12
2018-11-23,19.726203897568045,19.726203897568045,19.726203897568045,19.726203897568045,1
2018-11-26,20.05251066622908,20.05251066622908,20.05251066622908,20.05251066622908,1
2018-11-28,20.421159029649598,20.421159029649598,20.421159029649598,20.421159029649598,1
2018-11-29,20.698186748008816,21.29867872044506,20.286946425609553,20.66182677697113,8268
2018-11-30,20.58704793944491,20.877253218884118,20.482008368200837,20.776302349336056,69
2018-12-02,20.171617161716174,20.194880264244425,20.123456790123456,20.13175230566535,7
2018-12-03,20.021311475409835,20.322846318563663,19.563549160671464,19.89977368250889,314
2018-12-04,19.869228285437522,20.189048239895698,19.663598857505555,20.189048239895698,59
2018-12-05,20.1089962583374,20.181165333768565,19.631862900666455,20.024271844660195,37
2018-12-06,20.296429741238125,21.055753262158955,19.95799676898223,20.565253532834582,221
2018-12-07,20.5458768873403,20.82085786375105,19.62186859933827,20.25944543538187,126
2018-12-09,20.312093628088423,20.312093628088423,20.21844660194175,20.21844660194175,2
2018-12-10,20.12413348379816,20.828868050904223,20.103259115843823,20.769359145527368,45
2018-12-11,20.627691288506128,20.89722129226649,20.569119102606404,20.650365934797072,22
2018-12-12,20.329688265056305,20.732722731057454,20.329688265056305,20.732722731057454,4
2018-12-13,20.492073976221928,20.546357615894042,20.095407503234153,20.095407503234153,123
2018-12-14,20.347940259313965,20.6187624750499,20.09443178117877,20.573280159521435,21
2018-12-17,20.383223684210527,20.84490547097206,20.383223684210527,20.84490547097206,7
2018-12-18,21.213460231135283,22.194775191043185,21.187276747746214,22.194775191043185,19
2018-12-19,21.771844660194173,21.809656130600903,21.771844660194173,21.809656130600903,2
2018-12-20,22.553038475368574,22.66606498194946,22.53543872241163,22.53543872241163,38
2018-12-21,22.971397340134818,23.63072877535687,22.971397340134818,23.245045378773845,70
2018-12-24,23.508673754896474,24.17111280487805,23.40252038547072,24.17111280487805,26
2018-12-26,25.019669551534225,25.019669551534225,24.62490332559938,24.698375870069608,57
2018-12-27,24.15247824441922,24.15247824441922,24.15247824441922,24.15247824441922,2
2018-12-28,23.949642991356633,24.49769938650307,23.949642991356633,24.49769938650307,17
2019-01-02,24.135987978963186,24.1767143933685,22.952636282394995,23.365489625045505,46
2019-01-03,23.598019438841003,23.598019438841003,23.1209735146743,23.1209735146743,10
2019-01-04,22.83996463306808,22.83996463306808,21.946308724832214,22.489917587234785,28
2019-01-08,22.281190186184098,22.300191537523943,21.971903375021416,22.080606269376506,11
2019-01-09,21.376775271512116,21.376775271512116,21.318370739817123,21.342492964740938,9
2019-01-11,20.792270531400966,21.122599704579024,20.743894601542415,21.112932306179314,6
2019-01-14,21.684563758389263,21.684563758389263,21.463739188290088,21.463739188290088,4
2019-01-15,21.61695710455764,21.61695710455764,21.452523240371846,21.462726216171344,3
2019-01-17,21.177242170847677,21.464671654197836,21.177242170847677,21.22942725477288,10
2019-01-18,20.702859912748423,20.702859912748423,20.702859912748423,20.702859912748423,1
2019-01-22,20.914276401564535,20.914276401564535,20.91264667535854,20.91264667535854,2
2019-01-23,20.895011411803065,21.057644933486614,20.81045963943479,21.036065573770493,11
2019-01-28,21.356099162699063,21.787681522283425,21.356099162699063,21.71395193591455,37
2019-01-30,21.370757180156655,21.49590834697218,20.92273307790549,21.37137299400227,3905
2019-01-31,21.24939545381267,21.349347090117686,21.187339331619537,21.301469400936544,85
2019-02-01,21.640394088669954,21.725160652496292,20.96496815286624,20.97867600254615,216
2019-02-03,20.955484896661368,20.955484896661368,20.955484896661368,20.955484896661368,3
2019-02-04,21.010230179028135,21.31155533885909,20.61674008810573,20.900398406374503,321
2019-02-05,20.961968680089484,21.228410008071023,20.832538925961234,21.19516129032258,67
2019-02-06,21.195476575121162,21.321091972700682,20.851301708992175,20.851301708992175,59
2019-02-07,20.84,21.57392163319065,20.84,21.21050072921731,56
2019-02-08,21.372773328975324,21.376041836901454,21.093273398619363,21.168600902643455,29
2019-02-11,21.057971014492754,21.346185263845776,20.966912945711535,21.209808379343944,26
2019-02-12,21.173428155810573,21.185783521809373,20.788553259141494,20.987179487179485,38
2019-02-13,20.72037914691943,20.72037914691943,20.56761006289308,20.56761006289308,4
2019-02-14,20.201238390092882,20.64124783362218,20.201238390092882,20.385392385392386,15
2019-02-15,20.299799103693402,20.299799103693402,20.018287107589146,20.018287107589146,12
2019-02-17,19.938113207547172,19.938113207547172,19.938113207547172,19.938113207547172,2
2019-02-18,19.98036846874056,19.98036846874056,19.791666666666668,19.974378296910324,60
2019-02-19,19.996979764421624,20.278450363196125,19.923250564334086,20.170334639734698,133
2019-02-20,20.338134950720242,20.40468583599574,19.937416182387125,19.959737548464062,100
2019-02-21,19.90880550156974,19.96857698638336,19.735544598834604,19.735544598834604,61
2019-02-22,19.70242523434013,19.822811197141156,19.62852897473997,19.79594876377718,26
2019-02-25,19.818100492023262,20.50703354459731,19.818100492023262,20.50703354459731,51
2019-02-26,20.490560198081088,20.490560198081088,20.389170896785107,20.45061728395062,6
2019-02-27,20.213414634146343,20.235042735042736,19.788447111777945,19.855247285886612,108
2019-02-28,19.90909090909091,19.918082524271846,19.842686431704735,19.918082524271846,20
2019-03-01,19.560011972463336,20.004609002919032,19.560011972463336,19.88783036263061,29
2019-03-04,19.56025562994522,19.718094070782904,19.35819993959529,19.7148114075437,14
2019-03-05,19.696969696969695,19.696969696969695,19.469294920394237,19.469294920394237,5
2019-03-06,19.718094070782904,19.718094070782904,19.536938309215532,19.572037770332013,12
2019-03-07,19.33293087835798,19.47360436893204,19.305680793507662,19.47360436893204,4
2019-03-08,19.714678059200484,20.155351871990057,19.714678059200484,20.120986505351325,6
2019-03-11,19.4544906570223,19.4544906570223,19.45215816480531,19.45215816480531,2
2019-03-12,19.36724008975318,19.36724008975318,19.36724008975318,19.36724008975318,1
2019-03-15,19.38170441001192,19.681701614119774,19.348602022605593,19.413345275414244,16
2019-03-18,19.300429820661037,19.300429820661037,19.281055440260896,19.297048791339165,5
2019-03-19,19.304283604135893,19.372496662216292,19.304283604135893,19.33037037037037,6
2019-03-20,19.18719575158578,19.18719575158578,19.18719575158578,19.18719575158578,1
2019-03-25,19.70605789316622,19.70605789316622,19.656760772659734,19.656760772659734,2
2019-03-26,19.31297709923664,19.31297709923664,19.31297709923664,19.31297709923664,1
2019-03-28,19.341113901610285,19.597416253567673,18.955882352941178,18.98881365911098,7842
2019-03-29,18.95254884677538,18.985231759029098,18.816,18.904810644831116,255
2019-03-31,19.05618640318537,19.05618640318537,19.042004421518055,19.042004421518055,4
2019-04-01,18.992202442253937,18.992202442253937,18.587113550996822,18.587113550996822,136
2019-04-02,18.533986175115206,18.702090592334496,18.533986175115206,18.595707907244705,117
2019-04-03,18.506521427547657,18.65701881331404,18.46473029045643,18.58233683907218,55
2019-04-04,18.619246861924687,18.730043541364296,18.38718942984346,18.67698091382302,132
2019-04-05,18.591447558509103,18.63083164300203,18.327179778472022,18.328837143262813,75
2019-04-08,18.35573793688977,18.453798185941043,18.243072162048108,18.243072162048108,31
2019-04-09,18.382912730861413,18.490004253509145,18.382912730861413,18.42857142857143,12
2019-04-10,18.40864162665914,18.40864162665914,18.36553377520801,18.40225829216655,14
2019-04-11,18.242373355723483,18.26503309393043,18.156048273926466,18.221500211894334,7
2019-04-12,18.066769101829866,18.066769101829866,18.002232142857142,18.03076923076923,11
2019-04-15,17.99831909230985,18.130999435347263,17.99831909230985,18.04573512906846,32
2019-04-16,18.04802696250527,18.094230497954577,17.841625788367207,17.841625788367207,58
2019-04-17,17.754077791718945,17.77917540181691,17.689098998887655,17.77917540181691,17
2019-04-18,17.7958269149979,17.820117680022417,17.689314992357925,17.689314992357925,21
2019-04-23,17.039827771797636,17.069661108122645,16.98644841003623,17.04429530201342,13
2019-04-24,17.08743095783376,17.099328859060403,17.053140096618357,17.099328859060403,9
2019-04-25,17.087391594396266,17.19229733369243,17.062433297758805,17.19229733369243,68
2019-04-29,17.863402420364448,17.98961111891057,17.699764575543554,17.760344348792003,52
2019-04-30,17.497267759562842,17.625721352019784,17.497267759562842,17.61394838001098,5
2019-05-01,17.83493656768437,17.83493656768437,17.781319290465632,17.781319290465632,3
2019-05-02,17.853425235616825,18.20553246380966,17.853425235616825,18.001417434443656,12
2019-05-03,18.06219081272085,18.06219081272085,18.06219081272085,18.06219081272085,5
2019-05-06,18.596084118926758,18.596084118926758,18.004213483146067,18.004213483146067,7
2019-05-07,18.326892800915985,18.35985663082437,18.223768280562258,18.223768280562258,6
2019-05-09,18.35246842709529,18.404468633629335,18.29459575074861,18.297933000712757,23
2019-05-10,18.152803276373394,18.196605374823196,18.13992932862191,18.196605374823196,6
2019-05-13,18.125441446531994,18.125441446531994,17.916609139859172,17.93227366966137,13
2019-05-14,18.479282357966678,18.479282357966678,18.324148650558147,18.324148650558147,6
2019-05-15,18.325561678677406,18.325561678677406,18.040089086859687,18.042873051224944,52
2019-05-16,17.634467618002198,17.642053252813618,17.634467618002198,17.642053252813618,3
2019-05-17,17.621145374449338,17.621145374449338,17.621145374449338,17.621145374449338,1
2019-05-30,18.375000000000004,19.38873833182776,18.229911352587933,19.322338830584705,3701
2019-05-31,19.46447427968019,20.25601241272304,19.46447427968019,20.190373007274417,198
2019-06-02,21.329960835509137,21.57043879907621,21.329960835509137,21.540362438220757,21
2019-06-03,21.338223308883453,21.875721114224493,20.958751393534,21.819828722002637,661
2019-06-04,21.750041003772346,21.973836727935087,21.34453781512605,21.380199935504674,191
2019-06-05,21.597335066623334,22.142619680851062,21.54604200323102,22.138228941684666,374
2019-06-06,21.913244268513935,22.133752689951994,21.37908915971777,21.379752927964063,99
2019-06-07,21.414790996784564,21.625481386392813,21.139880012630247,21.152328334648775,199
2019-06-09,20.964195979899497,20.964195979899497,20.810051506165134,20.899263669121105,22
2019-06-10,20.949317432920132,21.318028576015415,20.813697769399937,21.315028901734102,154
2019-06-11,21.147044766608253,21.36466044415835,21.0597609561753,21.282504012841095,141
2019-06-12,21.561585960350993,22.26923076923077,21.561585960350993,22.26923076923077,104
2019-06-13,22.108583762244727,22.108583762244727,21.410708560436035,21.856560717196416,35
2019-06-14,21.858766233766232,22.150449713818478,21.487245307235682,21.604062550378845,145
2019-06-17,21.52733118971061,21.806640625,21.52733118971061,21.806640625,15
2019-06-18,22.239986813911322,22.239986813911322,21.709360399548896,21.709360399548896,3
2019-06-19,21.853658536585368,21.853658536585368,21.853658536585368,21.853658536585368,3
2019-06-20,21.860759493670884,21.860759493670884,21.473912370335963,21.473912370335963,56
2019-06-21,21.667437201417783,21.667437201417783,21.24714481498401,21.415671870217324,34
2019-06-23,21.49847094801223,21.49847094801223,21.49847094801223,21.49847094801223,20
2019-06-24,21.671022290545736,21.954665424623506,21.671022290545736,21.891975308641975,27
2019-06-25,22.060185185185187,22.15072104202202,21.754090839577916,21.754090839577916,65
2019-06-26,21.314753105119664,21.37862897096823,21.222826086956523,21.230283911671926,48
2019-06-27,21.261710486551824,21.30632680928539,21.111111111111114,21.111111111111114,64
2019-06-28,21.180263947210555,21.19909842223892,21.180263947210555,21.19909842223892,2
2019-07-01,21.129986349158195,21.508613999689583,20.812763395544852,21.241368727942305,47
2019-07-02,21.398246423627132,22.76991572587057,21.398246423627132,22.76991572587057,14
2019-07-03,22.823491962438325,22.86261369076113,22.362715619560056,22.37771093873674,17
2019-07-05,22.239747634069403,22.239747634069403,21.721875,21.73743972624047,13
2019-07-08,21.611704598235022,21.644430654669566,21.593933766635715,21.61395348837209,5
2019-07-09,21.690889201437724,21.690889201437724,21.518162061471592,21.630367143746113,44
2019-07-10,21.13476240443712,21.13476240443712,21.13476240443712,21.13476240443712,1
2019-07-11,21.158989598811292,21.158989598811292,21.095032075190215,21.109778044391117,5
2019-07-12,21.04066985645933,21.04066985645933,20.98363095238095,20.98363095238095,3
2019-07-15,21.225379642159073,21.225379642159073,21.065512610058196,21.065512610058196,3
2019-07-16,21.25394677492106,21.25394677492106,21.126146444143735,21.17062894974421,13
2019-07-18,22.38455476753349,23.277256551277905,22.340258105130626,23.277256551277905,12
2019-07-19,22.84537389100127,23.02388969055636,22.84537389100127,23.00865107337392,15
2019-07-23,22.310964083175804,22.599777389092065,22.310964083175804,22.535278262248294,3
2019-07-26,22.43064312736444,22.43064312736444,22.43064312736444,22.43064312736444,5
2019-07-30,22.267396403440188,22.353677621283257,22.023076923076925,22.072474942174253,6086
2019-07-31,21.969580580734366,22.02708942588887,21.795974804117375,21.935781225994774,165
2019-08-01,22.050601280649698,23.834411813505888,21.81818181818182,23.543371522094926,1222
2019-08-02,23.558794628234523,23.558794628234523,22.90584674207424,23.53085210577865,244
2019-08-04,23.53210259761477,23.55624591236102,23.53210259761477,23.55624591236102,2
2019-08-05,23.602941176470587,24.864910503208375,23.534959349593496,24.85482781904119,365
2019-08-06,24.866734143049932,25.127899045020463,24.130110908789938,25.12706805389732,239
2019-08-07,25.134262406526172,26.866868650864372,24.993224932249323,26.165911467410247,210
2019-08-08,26.00762432853925,26.375791695988738,25.85340495581355,26.036722674519314,168
2019-08-09,26.14462019815748,26.14462019815748,25.39219015280136,25.563332195288496,33
2019-08-12,25.564695801199658,25.895726495726496,25.424568597300528,25.85399213540776,38
2019-08-13,25.916866233321926,26.214126138511773,24.40735916639531,24.538775510204083,372
2019-08-14,24.703557312252965,25.99145299145299,24.60956764754233,25.583122362869197,80
2019-08-15,25.479521321422553,26.14511691884457,25.479521321422553,26.117021276595743,11
2019-08-16,26.0,26.0,25.48305513404148,25.7352439440464,18
2019-08-19,25.472367753929355,25.472367753929355,24.97073089145342,24.97073089145342,29
2019-08-20,25.14223560910308,25.448544346648614,25.009966777408636,25.06324900133156,35
2019-08-21,24.86911862160371,24.86911862160371,24.570773263433814,24.855347991403537,15
2019-08-22,24.634146341463413,24.634146341463413,24.544857048964836,24.544857048964836,3
2019-08-23,24.84788029925187,26.01910284837114,24.84788029925187,25.845320697241494,188
2019-08-26,26.329977819484732,26.329977819484732,25.485704731650223,25.96023113528212,99
2019-08-27,25.911246612466126,26.239578015994553,25.871699390656737,25.93340060544904,113
2019-08-28,25.418939018344076,25.418939018344076,25.418939018344076,25.418939018344076,1
2019-08-29,25.52347768375643,25.74111000332336,24.886996396986568,24.886996396986568,74
2019-08-30,25.294604435617345,25.294604435617345,25.294604435617345,25.294604435617345,2
2019-09-02,25.892857142857142,25.892857142857142,25.892857142857142,25.892857142857142,1
2019-09-03,25.992151509981234,26.934892651422587,25.992151509981234,26.66551902220692,60
2019-09-04,26.481989708404807,26.481989708404807,25.520867564903057,25.520867564903057,26
2019-09-05,25.349104649252507,25.537927615270203,24.463331714424474,24.934253780407627,53
2019-09-06,24.93013315798126,25.53173672751633,24.471544715447155,24.471544715447155,31
2019-09-09,24.492777146567114,24.492777146567114,23.87271280827367,23.931760204081634,14
2019-09-10,23.738495715645826,23.773314203730273,23.575613618368962,23.773314203730273,10
2019-09-11,23.8252675291487,24.54649827784156,23.8252675291487,24.54649827784156,2
2019-09-12,24.569883663771915,25.540175557056042,24.569883663771915,25.03919933277731,18
2019-09-15,22.05503512880562,22.05503512880562,22.05503512880562,22.05503512880562,3
2019-09-16,22.69039360579098,22.963755925982564,21.698523023457863,21.83326058489742,18
2019-09-17,23.20098872238529,23.20098872238529,23.20098872238529,23.20098872238529,1
2019-09-18,23.654599592540354,23.654599592540354,23.43877872206484,23.449740443605474,7
2019-09-19,22.932250153280197,23.307477505429727,22.932250153280197,23.12663890174302,10
2019-09-20,23.15870570107858,23.15870570107858,23.15870570107858,23.15870570107858,2
2019-09-23,23.437741089338065,23.632412294318534,23.437741089338065,23.526397515527947,5
2019-09-24,23.716690042075736,24.36814496900334,23.695686030213366,24.273029966703664,20
2019-09-25,24.890843923101986,24.890843923101986,24.303614457831326,24.303614457831326,19
2019-09-27,24.13710065821159,24.612473259832154,23.77770690479987,24.215638659543465,407
2019-09-30,24.340920255444573,24.340920255444573,24.129614438063985,24.14886625041078,16
2019-10-01,24.713107857984184,25.30664395229983,24.40593234460923,25.09164969450102,141
2019-10-02,24.83170649612925,26.164837079630598,24.83170649612925,26.05876216968011,38
2019-10-03,26.023635731664932,26.9950213371266,25.900363258951735,26.183936022253125,62
2019-10-04,26.053540587219345,26.053540587219345,25.473881231921045,25.85922746781116,30
2019-10-07,25.680574555403556,25.700838610302927,25.26662166722916,25.497776257269926,80
2019-10-08,25.32041475437702,26.118729387259158,25.32041475437702,25.82112700327417,23
2019-10-09,25.941156228492776,25.941156228492776,25.404083009954444,25.795960287572747,77
2019-10-10,26.03692201518288,26.03692201518288,25.168690958164643,25.168690958164643,52
2019-10-11,25.146366083445493,25.154934321320308,24.52507472600465,24.734646194926565,19
2019-10-13,24.477118784074012,24.477118784074012,24.477118784074012,24.477118784074012,12
2019-10-14,24.851981936778728,25.24936601859679,24.851981936778728,25.215772550346927,10
2019-10-15,25.25699745547074,25.63249914295509,24.8335015136226,24.92839090143218,41
2019-10-16,25.21265736645117,25.33242180823791,25.01176866173504,25.169204737732656,10
2019-10-17,25.16254656281747,25.43178334184977,25.034390202986074,25.034390202986074,52
2019-10-18,24.691132514114916,24.89454301975226,24.691132514114916,24.89454301975226,13
2019-10-21,25.114787305874408,25.29522184300341,25.096153846153847,25.12720488466757,21
2019-10-22,24.86423064029501,24.962975429148432,24.86423064029501,24.962975429148432,6
2019-10-23,24.36324995913029,24.36324995913029,24.36324995913029,24.36324995913029,1
2019-10-24,24.339066339066342,24.45650386449597,24.33437039462911,24.401626016260163,10
2019-10-25,24.54943984413054,24.667318982387474,24.310736295815765,24.363253402462735,88
2019-10-28,24.316232400064735,24.316232400064735,23.98296915167095,24.269662921348317,26
2019-10-29,24.35103244837758,24.35103244837758,24.35103244837758,24.35103244837758,1
2019-10-30,24.224067741410195,24.695192466545514,24.212835093419983,24.680429397192405,96
2019-10-31,24.61095574930087,25.161397670549086,24.61095574930087,25.103872361642015,13
2019-11-01,25.217391304347828,25.217391304347828,24.397151642660624,24.511107507702285,78
2019-11-04,24.61488356945123,24.61488356945123,24.062549864368915,24.062549864368915,81
2019-11-05,23.90861327814042,23.971291866028707,23.53677869372226,23.53677869372226,15
2019-11-06,23.718440396292745,24.151677199805544,23.642879898056705,24.103186155587903,31
2019-11-07,23.94940380277151,23.94940380277151,23.579234972677593,23.685479980704294,322
2019-11-08,23.40217739353186,23.435946769280104,23.40217739353186,23.435946769280104,10
2019-11-11,23.537941034316095,23.537941034316095,23.133280127693535,23.367052023121385,19
2019-11-12,23.14303938765747,23.373552123552127,23.098164405426974,23.373552123552127,5
2019-11-13,23.732748822860852,23.742291463810453,23.387742038726195,23.387742038726195,50
2019-11-14,23.280977312390927,23.349244232299124,23.25765994602318,23.26352530541012,21
2019-11-18,23.654186083882372,23.691166989039328,23.622932391199612,23.645866838211642,141
2019-11-19,23.710823909531502,24.26736911425749,23.710823909531502,24.26736911425749,17
2019-11-20,23.91678855842678,23.91678855842678,23.40510366826156,23.474928137975088,19
2019-11-22,23.02963776070252,23.02963776070252,22.885486642712078,22.92213883677298,3
2019-11-25,23.015321434212602,23.015321434212602,22.84010670014122,22.84010670014122,11
2019-11-27,22.794691647150664,22.905713835983,22.53759107115176,22.70143660212367,19812
2019-11-28,22.836757095813077,23.005058488776477,22.755277560594212,22.756841282251756,524
2019-11-29,22.919754059593252,23.43314651721377,22.919754059593252,23.410691421254803,35
2019-12-01,24.01150369761709,24.01150369761709,23.920091698051415,23.958674975401774,25
2019-12-02,23.840496813204773,24.084924292297565,23.47510874818753,23.976042008532982,636
2019-12-03,23.889707085583375,24.5163961576681,23.889707085583375,24.20517862995739,344
2019-12-04,24.132811225322236,24.184755998041453,23.225094577553595,23.321196770618965,89
2019-12-05,23.44356120826709,23.44356120826709,23.119711689125666,23.296477649660403,84
2019-12-06,23.322789814961254,23.45463213093914,22.55102040816326,22.707036114570364,419
2019-12-09,22.876605073598498,22.957613814756673,22.66376901583359,22.67402113113735,137
2019-12-10,22.758137361781657,22.947714464621164,22.683304913966825,22.71104903786468,139
2019-12-11,22.877888819487815,23.263657957244654,22.85580670303975,23.08945636847877,147
2019-12-12,22.987377279102382,23.21182728410513,22.615883807169347,22.67699457784663,544
2019-12-13,22.679012345679013,22.749342817380548,22.39223479058392,22.66083218179027,187
2019-12-16,22.565829761175753,22.570379436964505,22.565829761175753,22.56845647850696,3
2019-12-17,22.508763907940864,22.508763907940864,22.280834340991536,22.280834340991536,23
2019-12-19,22.219376224197678,22.29273439855291,22.164190304667567,22.183320811419986,31
2019-12-20,22.139534883720927,22.364956876985925,22.139534883720927,22.3530303030303,11
2019-12-23,22.414940269166795,22.436325045482114,22.283180520066136,22.283180520066136,46
2019-12-24,22.386466165413534,22.386466165413534,22.238649940262846,22.353818615751788,21
2019-12-26,22.350059382422803,22.40559024680345,22.262396694214875,22.272459499263622,43
2019-12-30,22.202669013051768,22.202669013051768,22.007272727272728,22.142961555328167,18
2019-12-31,22.84705528846154,23.130038022813686,22.76414247231368,22.92734398552909,80
2020-01-02,22.9216367205194,23.165631156235797,22.89116671691287,23.064954682779458,31
2020-01-03,23.033268101761248,23.033268101761248,22.370445637973578,22.56851311953353,80
2020-01-05,22.690924780670215,22.69258459323254,22.542762685065405,22.542762685065405,12
2020-01-06,22.473210458636952,22.810724173102145,22.390624999999996,22.810724173102145,251
2020-01-07,22.883570694464836,23.106796116504853,22.673140082821647,22.673140082821647,31
2020-01-08,22.47647141452451,23.757269666360575,22.339507032446733,23.757269666360575,128
2020-01-09,23.650045606567346,23.969701654042357,23.465572275421795,23.667481662591687,32
2020-01-10,23.717004297114798,24.0,23.711877394636016,24.0,14
2020-01-13,23.960578995996304,24.11114570361146,23.86555914474696,24.11114570361146,32
2020-01-14,24.00840597758406,24.033535165346997,23.78411719352352,24.033535165346997,11
2020-01-15,23.995653523750388,24.296482412060303,23.995653523750388,24.213071283731086,8
2020-01-16,24.168738346799255,24.26454531274372,23.900293255131963,23.900293255131963,56
2020-01-17,23.953129818069687,24.065492740191537,23.953129818069687,24.065492740191537,51
2020-01-20,23.784319707138497,23.806904980140548,23.784319707138497,23.806904980140548,3
2020-01-21,24.222256616622815,24.222256616622815,23.90935717589024,24.00679117147708,26
2020-01-22,24.26367461430575,24.667194928684626,24.22059738643435,24.667194928684626,28
2020-01-23,24.863912904258726,25.48539729156469,24.863912904258726,25.26256261108418,14
2020-01-24,25.016878315383376,25.949429846306398,25.016878315383376,25.949429846306398,9
2020-01-26,26.76634566649772,26.76634566649772,26.711681296421336,26.711681296421336,9
2020-01-27,27.026104760279814,27.026104760279814,26.4709828916471,26.4709828916471,3
2020-01-28,26.75946358852487,26.75946358852487,26.75946358852487,26.75946358852487,3
2020-01-30,26.482133870156012,27.42941278364802,26.479275046148683,26.678517013712547,9522
2020-01-31,26.38837560893667,27.245653296608708,26.38837560893667,27.245653296608708,19
2020-02-02,28.413521731353963,28.413521731353963,28.413521731353963,28.413521731353963,41
2020-02-03,28.375134360444285,29.12770282757346,27.871059156925256,29.12770282757346,614
2020-02-04,29.198296611738566,29.198296611738566,28.104998202085582,28.816864784546805,300
2020-02-05,28.734739178690344,28.779048321652528,27.598439162823695,28.00900090009001,191
2020-02-06,27.630736392742797,28.78264067671938,27.51551693562688,28.2779183230936,76
2020-02-07,28.39007605939877,28.948434622467776,28.39007605939877,28.79677182685253,191
2020-02-09,29.028856825749166,29.193608324043108,29.028856825749166,29.193608324043108,6
2020-02-10,29.20363838871357,29.580827067669173,28.814026069395997,29.580827067669173,81
2020-02-11,29.020551749675988,29.201117318435752,28.648450394278377,28.882949308755762,148
2020-02-12,28.37357052096569,28.44,27.927090779127948,28.178552182504042,21
2020-02-13,28.15997130559541,28.493299529156104,27.94561933534743,27.94561933534743,20
2020-02-14,27.631071365947747,27.723206455007894,27.454672245467226,27.6450034940601,34
2020-02-17,27.49260483730642,27.63236065000874,27.49260483730642,27.63236065000874,20
2020-02-18,27.940140845070424,28.279474431818183,27.76911076443058,27.76911076443058,73
2020-02-19,27.548918640576726,27.680785123966945,27.093670886075948,27.24488069047216,33
2020-02-20,27.040902205015993,27.40308109023193,27.017691659646164,27.40308109023193,30
2020-02-21,27.819638595294922,28.387822176094097,27.819638595294922,28.130889155388044,33
2020-02-23,28.76736111111111,29.21279212792128,28.76736111111111,29.21279212792128,15
2020-02-24,29.276768389486683,30.140794223826713,29.1135248773651,29.651847884306374,293
2020-02-25,29.15293283714336,30.158962177964554,28.850696280627535,29.72,172
2020-02-26,30.40842727776751,30.443869058627705,29.79606700655499,29.79606700655499,139
2020-02-27,31.050141911069062,32.36121970289289,31.050141911069062,31.332569683085147,132
2020-03-01,32.285889070146816,32.285889070146816,32.075892857142854,32.075892857142854,9
2020-03-02,31.399881866509155,31.942403177755708,30.148260786922638,30.148260786922638,376
2020-03-03,29.725950782997764,31.976246105919003,29.725950782997764,31.787925696594428,175
2020-03-04,31.530201342281877,31.99375731564573,31.089913109180205,31.99375731564573,37
2020-03-05,31.547206165703276,33.55194544725231,31.547206165703276,33.366,52
2020-03-06,33.316742982281504,37.21669980119284,33.316742982281504,36.84500220167327,151
2020-03-08,49.37700145560407,49.37700145560407,46.730343300110746,47.63239002521715,19
2020-03-09,47.72842282822604,52.82237673830594,44.76459510357815,47.218130311614736,141
2020-03-10,46.34315906562848,46.34315906562848,43.53471118177,43.53471118177,38
2020-03-11,42.950479647394346,46.39431121026213,42.950479647394346,45.108845411959216,52
2020-03-12,45.3335170893054,48.997539975399754,45.308539944903586,47.76766757658478,177
2020-03-13,48.31640504770698,48.31640504770698,44.27365356622998,44.40608543007607,63
2020-03-15,45.5950991831972,48.35676351140269,45.5950991831972,48.31055900621117,17
2020-03-16,48.172541743970314,50.57181298351833,46.716692189892804,50.35246727089628,160
2020-03-17,49.43808882907133,54.18130709768096,49.12854757929883,54.18130709768096,122
2020-03-18,53.372175141242934,60.186385737439224,52.897526501766784,56.823214967544864,175
2020-03-19,56.961685823754785,58.72756282409254,52.07407407407407,52.116402116402114,36
2020-03-20,53.21018651362984,53.21018651362984,53.21018651362984,53.21018651362984,1
2020-03-22,58.86976926085256,60.39983844911146,58.78633150039277,60.39983844911146,18
2020-03-23,58.702469619756954,60.95836606441477,57.743648084945015,59.49923547400611,23
2020-03-24,58.41915736406194,60.26334776334777,58.41915736406194,60.12399708242158,87
2020-03-25,59.89258861439313,62.6778882938026,58.967997123336936,59.58105646630237,32
2020-03-26,61.09271523178808,61.09271523178808,61.09271523178808,61.09271523178808,3
2020-03-29,68.24437030859049,71.37110726643598,67.47216494845361,69.8808510638298,183
2020-03-30,69.85538068906847,74.70073664825047,68.32699619771863,71.36123348017622,2483
2020-03-31,69.14346895074947,71.13806793118658,68.31704207394814,70.13686534216336,68
2020-04-01,60.64900153609831,64.44624746450305,60.53297546012271,61.98907956318253,1034
2020-04-02,61.81641384675223,62.188099808061416,52.484612892776155,54.80243161094225,302
2020-04-03,49.363193174893354,49.78553921568627,46.66952544311035,46.66952544311035,280
2020-04-05,51.014084507042256,51.25157232704402,50.58677429369761,51.13856740694401,53
2020-04-06,51.31826741996234,51.859670909655385,47.6133372331091,50.609828300769685,519
2020-04-07,50.785185185185185,50.95208845208845,49.42187963237475,50.92137592137592,145
2020-04-08,52.24030037546933,52.4709210939956,49.43553178847297,49.44973230220108,246
2020-04-09,49.480712166172104,54.10652379451623,49.379754242246925,53.67647058823529,259
2020-04-13,53.0335694487219,55.123941010354564,51.856323573800175,54.65834633385336,16
2020-04-14,55.33375314861461,58.70160213618158,55.33375314861461,57.10526315789474,26
2020-04-15,58.08588548601865,63.177842565597665,58.026666666666664,62.41900647948164,305
2020-04-16,62.97365571995669,63.5469774217043,59.36678200692042,59.36678200692042,92
2020-04-17,59.8750433877126,61.322789360172536,59.4320987654321,59.614704842700604,16
2020-04-20,60.47345767575323,64.79846449136276,60.47345767575323,64.04743975903614,65
2020-04-21,66.83733753446239,90.90711569799022,66.71782762691853,90.90711569799022,508
2020-04-22,86.35437881873727,101.3108839446783,79.11141804788214,83.19189971070396,145
2020-04-23,79.4324942791762,79.4324942791762,77.50778816199377,78.12471960520413,16
2020-04-24,79.74394147233653,79.74394147233653,77.89803220035778,79.59610027855153,10
2020-04-27,83.90988372093024,88.13012295081967,82.6689027311931,85.40796019900498,22
2020-04-28,84.77037037037037,84.77037037037037,82.1906596051998,83.98330058939096,4
2020-04-29,82.10349784379491,82.10349784379491,75.11453744493392,75.11453744493392,42
2020-04-30,66.81854199683043,66.81854199683043,66.67457493080269,66.67457493080269,21
2020-05-01,63.21589205397301,65.45419553502694,62.32765011119347,64.83969465648855,227
2020-05-03,66.24902723735408,66.24902723735408,66.24902723735408,66.24902723735408,1
2020-05-04,64.93728620296466,66.4488525865422,61.075268817204304,61.075268817204304,39
2020-05-05,58.02115319003753,58.02115319003753,55.704478587773785,55.704478587773785,11
2020-05-06,54.63289515870471,56.54988321654989,53.67044738500315,56.54988321654989,6
2020-05-07,57.30050933786078,57.30050933786078,53.36589977938859,56.81518151815182,198
2020-05-08,56.732412886259034,57.993265993266,55.21710952689566,55.264352903016544,183
2020-05-11,56.349206349206355,56.349206349206355,56.059701492537314,56.059701492537314,3
2020-05-12,57.17698519515478,57.34338358458962,56.19834710743802,57.01407506702413,37
2020-05-13,57.438407019912255,58.77007174581483,56.938911022576356,58.77007174581483,96
2020-05-14,58.80968622100955,58.80968622100955,57.423941798941804,57.423941798941804,524
2020-05-15,54.336973478939164,55.137007874015744,53.28362751065125,53.28362751065125,337
2020-05-18,52.789583956899136,52.789583956899136,49.4327251995439,49.4327251995439,98
2020-05-19,50.51400519780537,50.51400519780537,50.403341976375685,50.403341976375685,2
2020-05-20,48.58807212205271,49.56608054452638,48.58807212205271,49.00979020979021,6
2020-05-21,47.5551876379691,47.5551876379691,47.5551876379691,47.5551876379691,2
2020-05-22,49.8009806749351,49.8009806749351,49.8009806749351,49.8009806749351,3
2020-05-25,49.00369003690037,49.00369003690037,49.00369003690037,49.00369003690037,1
2020-05-26,47.574503311258276,48.136453340851425,47.574503311258276,48.136453340851425,3
2020-05-27,47.66968325791855,48.64367816091954,47.66968325791855,48.64367816091954,6
2020-05-28,50.22346368715084,51.11771700356718,47.780569514237854,49.11327231121281,4008
2020-05-29,49.13428571428572,50.29078220412911,48.97435897435897,49.784296807592746,47
2020-05-31,46.46022423918847,46.592731159807585,45.55991627420199,46.197930485539935,8
2020-06-01,46.43009605122732,46.52463382157124,45.389048991354464,45.517422059208805,345
2020-06-02,45.1907604464054,45.1907604464054,43.51249053747161,43.51249053747161,172
2020-06-03,42.74173502361422,44.25635756486001,42.421052631578945,42.898000506200965,1644
2020-06-04,43.04744988581579,43.58068614993647,42.85035035035035,42.85035035035035,182
2020-06-05,42.80570142535633,42.80570142535633,39.58728652751424,39.95955270045206,849
2020-06-07,39.45253759398496,39.45253759398496,38.668666359021685,38.668666359021685,11
2020-06-08,38.73903002309469,41.648270787343634,38.73903002309469,41.60911094783248,70
2020-06-09,41.37931034482759,42.78843757787191,41.37931034482759,41.5030303030303,485
2020-06-10,41.95843520782396,42.788557213930346,41.22062350119904,42.3767691556857,414
2020-06-11,42.355240654776445,45.28675703858186,42.355240654776445,45.28675703858186,80
2020-06-12,45.23734592184631,45.7286432160804,44.306049822064054,44.57614017005926,94
2020-06-15,45.89033803566675,46.004284949116226,43.72997711670481,43.72997711670481,44
2020-06-16,42.051656920077974,42.051656920077974,41.80582524271845,41.80582524271845,3
2020-06-17,41.95205479452054,41.95205479452054,41.95205479452054,41.95205479452054,3
2020-06-18,43.163138231631386,43.163138231631386,41.0650464617584,41.0650464617584,31
2020-06-19,41.45467660495311,41.59914204003813,40.59482155353394,41.59914204003813,706
2020-06-21,41.83595612780162,41.83595612780162,41.56486742424242,41.56486742424242,27
2020-06-22,41.4605418138987,41.919961886612676,40.382136279926335,40.382136279926335,913
2020-06-23,40.25131368517249,41.821824181004004,40.13898382319435,41.79420767600659,341
2020-06-24,42.199810156620785,43.993064156551895,41.93227563343595,43.785324739712436,375
2020-06-25,44.091591591591595,44.091591591591595,42.462093862815884,42.462093862815884,19
2020-06-26,42.31783317353787,42.92629530527852,42.31783317353787,42.92629530527852,30
2020-06-29,44.17536015896672,44.17536015896672,42.45752572385738,42.52994729276473,11
2020-07-01,43.07396733909702,43.07396733909702,42.09175184216782,42.153553601140956,141
2020-07-02,42.08184630026172,42.25332068311196,41.64904862579281,41.80623973727422,48
2020-07-06,41.188392445877476,41.38561184362711,41.188392445877476,41.38561184362711,4
2020-07-07,41.87207122774133,41.873259052924794,41.5187831297534,41.873259052924794,375
2020-07-08,41.8432007400555,42.226353706716246,41.8432007400555,42.13274541656997,8
2020-07-09,41.932579081043635,42.77554873731414,41.708160442600274,42.77554873731414,82
2020-07-10,43.30774766130967,43.30774766130967,41.47798017062486,41.72077922077922,4
2020-07-13,42.182752979668145,42.182752979668145,42.182752979668145,42.182752979668145,1
2020-07-14,42.220650636492216,42.93865905848787,41.93100254688586,42.05759405480725,185
2020-07-15,42.25783809078146,42.25783809078146,41.869223659889094,41.93063583815029,60
2020-07-16,41.5448275862069,41.5448275862069,41.42428439519852,41.462231462231465,14
2020-07-17,41.57420249653259,41.97820037105751,41.57420249653259,41.97820037105751,3
2020-07-20,42.25542843801074,42.49882903981265,42.25542843801074,42.49882903981265,77
2020-07-21,41.89195402298851,41.89195402298851,41.091722595078295,41.091722595078295,112
2020-07-22,42.10848842487517,42.321184510250575,42.09571331367657,42.258940697148034,40
2020-07-23,42.834806254248804,43.454167628723155,42.834806254248804,43.38560885608856,32
2020-07-26,43.939463955637706,44.18696358153561,43.939463955637706,44.18696358153561,2
2020-07-27,44.664049873008544,44.78592918305948,44.3762922122674,44.41250862267188,52
2020-07-28,44.51985226223453,44.51985226223453,44.51985226223453,44.51985226223453,1
2020-07-30,44.72831050228311,46.73007464483506,44.67915049097968,45.03818560518398,6570
2020-07-31,45.620505683136166,45.67586366798052,45.181335181335186,45.44236544236544,104
2020-08-02,45.39693433996797,45.63493892601982,45.39693433996797,45.63493892601982,2
2020-08-03,45.56095304186908,45.74147133905778,44.28828828828829,44.877049180327866,289
2020-08-04,45.02737226277372,45.507146150299675,44.70758928571429,45.41600901916573,1336
2020-08-05,45.70331903364191,45.70331903364191,44.11253530306322,45.01880947112193,314
2020-08-06,44.871456822676336,45.632490013315575,44.871456822676336,45.55235775957494,105
2020-08-07,45.62611012433393,45.978456014362656,45.274527452745275,45.408917768317274,265
2020-08-09,45.48597081930416,45.48597081930416,45.48597081930416,45.48597081930416,5
2020-08-10,45.41648007165249,45.41648007165249,44.747899159663866,44.870028882470564,64
2020-08-11,44.64673311184939,44.64673311184939,42.53064798598949,42.93946188340807,376
2020-08-12,42.850100829038766,43.306559571619815,41.92798031760233,42.12930273609885,93
2020-08-13,42.70837939420739,43.59402852049911,42.25970017636685,43.095238095238095,34
2020-08-14,43.24559446799019,43.50011218308279,43.13472654513117,43.27759197324414,47
2020-08-17,43.23796850742958,43.98711683696135,43.23796850742958,43.589234502536954,30
2020-08-18,44.06600660066006,44.31929046563193,43.86222222222222,44.31929046563193,46
2020-08-19,44.097995545657014,44.11725367810967,43.114681928241254,43.30097087378641,8
2020-08-20,42.84065690190857,43.423463687150836,42.84065690190857,43.31997327989312,28
2020-08-21,43.16824966078698,44.176780398442865,43.05768364127986,43.6735154662452,10
2020-08-23,43.275784753363226,43.275784753363226,43.275784753363226,43.275784753363226,2
2020-08-24,43.378106111484215,43.41987466427932,42.68709749056185,42.68709749056185,20
2020-08-25,42.64159292035398,42.64159292035398,41.61950370047889,41.85104529616724,18
2020-08-26,41.45213805079227,41.919060052219315,41.45213805079227,41.919060052219315,9
2020-08-27,42.93677021370346,43.41844596081884,42.93677021370346,43.41844596081884,2
2020-08-28,42.9714159095945,43.75804661487236,42.9714159095945,43.52875860537419,17
2020-08-31,42.72392105833875,43.36793286219081,42.086021505376344,43.23658751099385,30
2020-09-01,43.35300546448087,43.45152112059532,42.87608695652174,43.10994305738065,16
2020-09-02,42.619565217391305,43.842676311030736,42.586544741998694,43.55970317067686,19
2020-09-03,43.668319062640826,44.70004614674665,43.48327305605787,44.08228571428571,51
2020-09-04,44.362801377726754,44.362801377726754,43.516977737800765,44.198297676558546,24
2020-09-07,46.22695714627723,46.22695714627723,46.22695714627723,46.22695714627723,2
2020-09-08,47.06909269731989,48.84595959595959,47.06909269731989,48.3901705115346,58
2020-09-09,48.673907552412224,48.72658227848101,47.42376189314467,47.65066144047036,9
2020-09-10,48.3423645320197,48.65801945622349,48.24023727137914,48.613539845116165,69
2020-09-11,49.16477416098915,49.16477416098915,48.51601601601602,48.51601601601602,4
2020-09-14,48.80391173520561,49.090449722081864,48.67466866716679,49.090449722081864,4
2020-09-15,49.339051463168516,49.339051463168516,49.339051463168516,49.339051463168516,1
2020-09-16,47.033573141486805,47.033573141486805,46.32339015151515,46.32339015151515,6
2020-09-17,46.443434585027504,46.443434585027504,45.12575687005124,45.12575687005124,8
2020-09-18,44.72598027975235,45.11208689623295,44.71680807154322,45.11208689623295,7
2020-09-21,45.63188745603752,45.869459327812955,45.12482336316533,45.710819990295974,21
2020-09-23,44.78271251193887,44.78271251193887,44.78271251193887,44.78271251193887,1
2020-09-24,44.485824123017785,44.80894015861572,44.43244540436765,44.80894015861572,6
2020-09-25,44.30310262529833,44.30310262529833,44.30310262529833,44.30310262529833,1
2020-09-29,44.240640452083824,46.5827781889958,44.2074317968015,46.312958435207825,261
2020-09-30,46.07684777288301,46.43491124260355,46.07684777288301,46.203182374541,7
2020-10-01,44.68675842429995,47.70770770770771,44.58698224852071,46.55172413793103,342
2020-10-02,48.04118533400301,48.97964442154084,47.778336265393314,48.61963190184049,117
2020-10-05,47.55199198195941,47.55199198195941,45.92459173871278,46.04533397636846,1184
2020-10-06,45.93110093953264,46.18978455579762,44.56165025785279,44.68049594659037,664
2020-10-07,44.71840984382395,45.24164462611204,44.71840984382395,45.24164462611204,27
2020-10-08,43.8498957609451,43.99953358208955,43.400184416781926,43.54675264854905,35
2020-10-09,44.20699235934244,45.11459307764266,44.01154734411086,45.03738317757009,324
2020-10-12,45.32391048292108,46.37635705669481,45.32391048292108,45.99569171852561,21
2020-10-13,45.7088122605364,45.7088122605364,44.43607252178008,44.57891012031139,12
2020-10-14,44.689638895444894,44.818310523832,44.28604597167402,44.29500580720094,12
2020-10-15,45.07633587786259,45.23866348448688,45.07633587786259,45.23866348448688,2
2020-10-16,44.13063691306369,44.13063691306369,44.13063691306369,44.13063691306369,1
2020-10-19,44.36046511627907,44.76100777019072,44.36046511627907,44.76100777019072,17
2020-10-20,44.9161351287503,44.9161351287503,44.63632097606758,44.79352416705772,12
2020-10-21,45.179245283018865,46.23167507810623,45.036308268915434,46.052694610778445,1009
2020-10-22,44.95744680851064,44.95744680851064,44.5763905186576,44.819872851424535,100
2020-10-23,44.77728022625501,45.65081652257445,44.7604437101723,45.65081652257445,149
2020-10-26,46.16508400292184,47.27385685884691,46.15440818314661,47.16306775874907,122
2020-10-27,46.727183513248285,46.78457381478752,46.13878143133462,46.34110787172012,20
2020-10-28,47.77579162410624,47.77579162410624,47.77579162410624,47.77579162410624,7
2020-10-29,47.780605752099774,50.687126561651276,47.780605752099774,49.592592592592595,49
2020-10-30,50.15155543738368,50.15155543738368,50.15155543738368,50.15155543738368,2
2020-11-02,51.45329670329671,51.6085643700247,48.31675592960979,48.31675592960979,38
2020-11-03,48.6147519917759,48.6147519917759,47.65441360340085,47.65441360340085,2
2020-11-04,47.20338983050848,47.20338983050848,46.1475012130034,46.23237724842003,27
2020-11-05,46.99583435432492,47.91881918819188,46.715328467153284,47.83345615327929,50
2020-11-06,48.605058852992734,49.39225120283616,48.129799355957395,49.39225120283616,61
2020-11-09,48.274500123426314,48.58062918008422,43.148748841519925,44.17337754618664,39
2020-11-10,44.859188544152744,44.859188544152744,43.37578143088678,43.597390493942214,18
2020-11-11,42.738853503184714,42.79398359161349,41.32287985865724,41.91077061739522,43
2020-11-12,42.57403189066059,42.83157411656723,42.30769230769231,42.3180896598333,107
2020-11-13,43.752913752913756,44.075110800093306,43.610594795539036,44.075110800093306,7
2020-11-16,42.26832018038331,42.301605245308615,42.26832018038331,42.28629122728292,6
2020-11-17,43.163428571428575,43.163428571428575,43.06113138686131,43.06113138686131,2
2020-11-19,41.87429601261545,42.071929427731284,41.87429601261545,42.06811005863779,11
2020-11-20,42.19165727170237,42.19165727170237,42.19165727170237,42.19165727170237,1
2020-11-23,40.46096162329069,40.46096162329069,40.04378283712785,40.124835742444155,14
2020-11-24,39.77603826918895,39.77603826918895,38.11268798983266,38.12275132275132,26
2020-11-25,37.44335896902931,37.44335896902931,37.338025253570684,37.338025253570684,2
2020-11-26,37.1088295687885,38.12224322621298,36.8263350998777,37.68925964546403,20607
2020-11-27,37.74786057190566,38.20523648648649,36.89354637891679,36.96310116086235,3909
2020-11-29,37.428272251308904,37.6,37.428272251308904,37.51840168243954,46
2020-11-30,37.383354350567465,37.723888534354394,36.90719499478624,37.37284573350147,35
2020-12-01,37.15688322540213,38.49533106960951,37.10908336789714,38.49533106960951,772
2020-12-02,38.49946865037195,38.61551469034031,37.474332648870636,37.959692499480575,216
2020-12-03,37.99209321681232,38.24400417101147,37.58804258804258,37.77960188795404,100
2020-12-04,37.203475449585774,37.6778413736713,36.921379863618135,37.45206038351693,255
2020-12-06,37.29691307879772,37.29691307879772,37.29691307879772,37.29691307879772,4
2020-12-07,37.44091279543602,38.261405672009865,37.38952536824877,38.18797455366305,225
2020-12-08,38.62133112856552,38.76712328767123,38.10136930308604,38.34426229508197,65
2020-12-09,38.27183271832718,38.27183271832718,37.282124037292256,37.53111609875536,77
2020-12-10,37.320846905537465,37.35126324368378,36.07739147515223,36.43310837633982,57
2020-12-11,36.261867088607595,36.90967354296015,36.261867088607595,36.80808485091055,59
2020-12-13,36.73939151321057,36.73939151321057,36.73939151321057,36.73939151321057,1
2020-12-14,36.714,36.714,36.084040244624184,36.67135113431038,29
2020-12-15,36.611421725239616,36.83097186190381,36.526128266033254,36.54574132492113,43
2020-12-16,36.670599803343165,36.796039603960395,36.215053763440864,36.386603995299645,49
2020-12-17,36.2304272182486,36.88364841161567,36.2304272182486,36.58844065166796,40
2020-12-18,36.66536813400857,36.775009731413,36.64914330218068,36.775009731413,4
2020-12-21,36.65178571428571,37.96596434359805,36.64208074534161,36.9637937819756,85
2020-12-22,37.051383399209485,37.36915422885572,37.04504862075809,37.302381428857316,28
2020-12-23,37.82414910858995,37.82414910858995,37.1211223078443,37.152461933952935,4
2020-12-24,36.889369227746116,37.012423585091696,36.659516380655226,36.659516380655226,13
2020-12-28,37.02343749999999,37.02343749999999,36.67705492793144,36.8235294117647,16
2020-12-29,36.54040404040404,36.54040404040404,36.54040404040404,36.54040404040404,2
2020-12-30,36.69521214480343,36.833984375,36.69521214480343,36.833984375,2
2020-12-31,37.03964069517672,37.213403880070544,36.851635514018696,36.851635514018696,20
2021-01-04,37.04677232315423,38.19913589945011,36.23661971830986,38.034137728075336,15
2021-01-05,38.08001568935085,38.16450726344719,36.71895671895672,36.71895671895672,17
2021-01-06,36.55805243445693,36.55805243445693,34.87465690759378,35.62268346923647,40
2021-01-07,35.53769401330377,35.53769401330377,35.07416224134774,35.26325478645066,37
2021-01-08,34.80481576067129,34.80481576067129,33.02839683680805,33.04332194858889,34
2021-01-11,33.13594511644701,33.35197546454988,33.13594511644701,33.28229147901279,15
2021-01-12,33.26137794567368,33.26137794567368,32.55657708628006,32.782393494785225,19
2021-01-13,32.50437215809723,33.21645796064401,32.4646288209607,33.21645796064401,11
2021-01-14,32.846415161809404,33.05051231349991,32.846415161809404,32.93646556326749,8
2021-01-15,33.18577648766328,33.22410340433279,33.18577648766328,33.22410340433279,4
2021-01-17,32.74577503180083,32.74577503180083,32.74577503180083,32.74577503180083,1
2021-01-18,33.548564111944394,33.548564111944394,33.40487449981811,33.40487449981811,2
2021-01-19,33.22336398053002,33.22336398053002,32.899535216303185,32.90161001788909,8
2021-01-20,32.82087697496893,33.14864144912094,32.75341736197408,33.14864144912094,7
2021-01-21,33.27629233511586,33.285816108339276,33.27629233511586,33.285816108339276,6
2021-01-22,33.439697133585724,33.50126399422174,33.439697133585724,33.50126399422174,4
2021-01-25,33.67708145204985,33.67708145204985,33.34773996038177,33.34773996038177,2
2021-01-26,33.009605122732125,33.13886900501073,33.00818796724813,33.13886900501073,10
2021-01-28,33.1743450767841,33.46817691477886,32.721935598647924,33.27312138728324,3252
2021-01-29,33.25816344939563,33.43850267379679,33.15329768270945,33.19914117015566,34
2021-01-31,34.06461033035226,34.06461033035226,33.85078438526085,33.85078438526085,13
2021-02-01,33.77207354815219,33.77207354815219,32.929722074703484,33.06379953794206,444
2021-02-02,32.97652916073969,32.97652916073969,31.63900414937759,31.868915159944365,251
2021-02-03,31.939625260235946,31.939625260235946,31.187191279168797,31.25405220952056,548
2021-02-04,31.276704836780038,31.285470085470088,30.349330167881977,30.409098625021223,604
2021-02-05,30.29888551165147,30.539629005059023,30.103783059926347,30.534479851627044,130
2021-02-07,30.377989630372973,30.377989630372973,30.377989630372973,30.377989630372973,2
2021-02-08,30.2,30.533511170390135,30.109853528628495,30.27254707631318,81
2021-02-09,30.049019607843135,30.560437738351848,30.0,30.00817661488144,137
2021-02-10,30.181818181818183,30.22204081632653,29.8408057179987,30.03591250408097,49
2021-02-11,30.0065434320301,30.214613368283093,29.83820885765648,29.978639500492935,35
2021-02-12,30.0,30.0198347107438,29.031847133757964,29.031847133757964,65
2021-02-15,28.70140091295451,28.769011406844108,28.64508016347061,28.73201581027668,262
2021-02-16,28.928401333545008,28.928401333545008,28.279179810725555,28.29414549471359,156
2021-02-17,27.989965506428348,28.02992125984252,27.480204937121567,27.499999999999996,430
2021-02-18,27.603036876355745,27.893576826196472,27.498455836936376,27.893576826196472,22
2021-02-19,28.269691644032594,28.269691644032594,27.920388653816016,28.150435471100554,40
2021-02-22,28.04149638478466,28.335170893054023,27.690538261002917,27.69702545231524,23
2021-02-23,27.303286101899303,27.717944761610863,27.234620024125455,27.665441176470587,286
2021-02-24,27.6840490797546,27.6840490797546,27.20537196318093,27.27410551849606,14
2021-02-25,26.68497624703088,26.751841274612957,26.41821946169772,26.497005988023954,174
2021-02-26,26.55328798185941,26.7066140776699,26.500676997141568,26.693450576106734,7
2021-02-28,26.679465519889416,26.679465519889416,26.679465519889416,26.679465519889416,1
2021-03-01,26.659545246452005,27.14646066530033,26.659545246452005,27.14646066530033,24
2021-03-02,27.2284166932144,27.25493316359007,26.93651536421775,27.173776662484315,44
2021-03-03,27.64019811471481,27.64019811471481,26.593030491599254,26.77052500389469,48
2021-03-04,26.893402613761612,26.893402613761612,26.546751434330908,26.767456359102248,15
2021-03-05,25.131559387542737,25.135255648038047,24.38551099611902,24.38551099611902,255
2021-03-07,24.14931293384332,24.14931293384332,24.14931293384332,24.14931293384332,1
2021-03-08,24.097781545852765,24.75040494772493,24.03113941967445,24.71662005005152,134
2021-03-09,24.51941253453541,25.291083271923362,24.51941253453541,25.207291972949132,17
2021-03-10,25.292988929889297,25.549115767573188,25.070937545707178,25.549115767573188,43
2021-03-11,25.34276546091015,25.34276546091015,24.791126476519736,24.791126476519736,7
2021-03-12,24.72834702406687,24.88442646633921,24.361473412641537,24.88442646633921,67
2021-03-15,24.823072497123132,25.3417609877995,24.823072497123132,25.08275261324042,132
2021-03-16,25.386193756412133,25.596397992323592,25.291880029261158,25.291880029261158,25
2021-03-17,25.360222124799062,25.70215934475056,25.21897279208497,25.69854561480829,71
2021-03-18,25.823251696665682,27.737961926091828,25.803478519399437,27.737961926091828,13
2021-03-19,27.090654641579846,27.60973282442748,27.090654641579846,27.15113547376664,3
2021-03-24,28.034728984096073,28.034728984096073,27.019185774450165,27.019185774450165,6
2021-03-25,27.41613924050633,28.163795905102372,27.357120303125985,27.986696950032446,10
2021-03-26,26.934602778211335,26.947828803498908,26.934602778211335,26.947828803498908,3
2021-03-30,26.14525993883792,26.48618957940992,26.040216550657384,26.30550343964978,2296
2021-03-31,26.108870967741932,26.904088050314463,26.020788085634504,26.904088050314463,6
2021-04-01,27.085977157360407,27.653846153846153,26.607087827426806,26.720247295208654,461
2021-04-04,26.8682941999689,26.8682941999689,26.789645016276545,26.789645016276545,5
2021-04-05,26.754617414248017,27.76599164255866,26.754617414248017,27.650072034576596,77
2021-04-06,27.782245094885816,27.842542318748006,27.122178988326848,27.729660882025154,452
2021-04-07,27.67393727113517,28.00096649484536,27.414664981036662,27.541660053959692,33
2021-04-08,27.651744463915882,28.003508212406313,27.651744463915882,27.714060031595576,75
2021-04-09,27.638580931263856,27.710517953606608,27.522906793048975,27.637258013329102,227
2021-04-12,27.616777883698763,27.727127829136116,27.024124513618677,27.32985121874011,8
2021-04-13,27.342690427377384,27.37032379754794,26.961213637785427,27.315583398590444,262
2021-04-14,26.89266409266409,27.005413766434646,26.034198290085495,26.13739078035553,24
2021-04-15,26.32521058965102,26.525131282820706,26.32521058965102,26.37642130460802,22
2021-04-16,26.353081274188746,26.69419006155232,26.344694150915313,26.614208633093526,106
2021-04-19,26.762276618110825,26.794007490636705,26.439009841932595,26.593159315931594,30
2021-04-20,26.25463718652619,26.90465363043808,26.166716020136214,26.71931407942238,243
2021-04-21,26.909145789314817,27.5899723162104,26.909145789314817,27.584563345633452,115
2021-04-22,27.555350553505534,27.555350553505534,27.070276848189838,27.187738294951963,102
2021-04-23,27.240274599542335,27.459831675592962,26.77950732960556,26.987091875474565,125
2021-04-26,27.12847116264876,27.42407892708494,27.02493159014898,27.033150851581507,60
2021-04-27,26.949280847842545,26.959152798789717,26.88821752265861,26.895770392749245,87
2021-04-28,26.61348585189645,26.614481409001954,26.24260355029586,26.24260355029586,69
2021-04-29,26.48504589872668,26.48504589872668,25.553618134263296,25.884592852958406,42
2021-05-03,26.642335766423358,26.642335766423358,26.462243239249297,26.52759283917739,14
2021-05-04,26.507560035576642,26.507560035576642,25.82278481012658,25.903000291290418,138
2021-05-05,25.53755733944954,25.60379528464635,25.503365315766864,25.561934835653798,6
2021-05-06,25.8726483357453,26.622633201232937,25.8726483357453,26.599736186428256,10
2021-05-07,27.14138438880707,27.14138438880707,27.14138438880707,27.14138438880707,1
2021-05-10,26.638606676342526,26.84302579798863,26.638606676342526,26.84302579798863,8
2021-05-11,27.04946996466431,27.15998224063934,26.711389820621264,26.78129098062072,15
2021-05-12,26.379534614828735,26.379534614828735,26.14755274867231,26.297101449275363,8
2021-05-13,26.462812318419523,27.304529825085964,26.426186674408477,27.274899208600864,21
2021-05-14,26.98883666274971,26.98883666274971,26.82142337359919,26.82142337359919,10
2021-05-17,26.85050798258345,26.916485112563546,26.84493532916727,26.84493532916727,8
2021-05-18,26.660490307867732,26.963048498845264,26.660490307867732,26.963048498845264,3
2021-05-19,27.641048422923145,28.528833055849862,27.641048422923145,28.019846639603063,16
2021-05-20,27.997898844364403,28.607441154138193,27.95383001049318,28.607441154138193,46
2021-05-21,28.78382533825338,28.78382533825338,28.764200184218605,28.764200184218605,3
2021-05-24,27.622818595101922,27.622818595101922,27.622818595101922,27.622818595101922,1
2021-05-25,27.437691298644513,27.437691298644513,27.4072457442165,27.4072457442165,7
2021-05-27,27.530864197530867,27.83482470294851,27.288428324697755,27.34505621216489,4408
2021-05-28,27.153713794092347,27.26790070311379,27.007309731976495,27.26790070311379,19
2021-05-30,27.626160092807424,27.626160092807424,27.626160092807424,27.626160092807424,2
2021-05-31,27.597506162099464,27.689399447433477,27.314310295382853,27.49675745784695,95
2021-06-01,27.45250431778929,27.46328822343795,26.597358808654114,26.947950645298537,212
2021-06-02,26.890839586577943,27.03273345614284,26.68261114237479,26.778900112233444,217
2021-06-03,26.7432735426009,26.7432735426009,26.083798882681567,26.301600673967986,745
2021-06-04,26.313344594594593,26.53921568627451,26.069436698271055,26.335282651072127,148
2021-06-06,26.33008356545961,26.33008356545961,26.33008356545961,26.33008356545961,9
2021-06-07,26.38282997762864,26.519128734990225,26.30983949755757,26.519128734990225,42
2021-06-08,26.77159796725014,26.812023708721423,26.31498470948012,26.31498470948012,510
2021-06-09,26.104057410985373,26.28368991386496,26.04753400192334,26.235424764019985,114
2021-06-10,26.342450460507955,26.388850174216028,25.86016305098798,26.21136865342163,124
2021-06-11,26.228602981778025,26.24603065028303,25.730552887913294,25.83149779735683,254
2021-06-14,25.590778097982707,25.590778097982707,25.184124386252048,25.53287671232877,31
2021-06-15,25.48334243582742,25.50677061961428,25.192229316668932,25.209182287421896,53
2021-06-16,25.008742434431745,25.078894133513145,24.44864864864865,24.562330623306234,64
2021-06-17,24.685760825302022,24.686396959000817,23.933917734322318,24.304681084040514,203
2021-06-18,24.607640325472346,24.759336099585063,24.096712849769084,24.126292868807838,33
2021-06-20,24.000814553353248,24.003256886958884,24.000814553353248,24.003256886958884,3
2021-06-21,23.96808222883419,24.213528932355334,23.816773504273506,23.861386138613863,22
2021-06-22,23.74600213219616,23.959397687550418,23.653666977239453,23.785303172266097,88
2021-06-23,23.666932482721958,23.700252894982032,23.65699208443272,23.700252894982032,5
2021-06-24,23.52419994710394,23.88189608998393,23.52364551596238,23.52364551596238,16
2021-06-25,23.502115282919092,23.726427622841964,23.498149127445796,23.684210526315788,31
2021-06-29,23.82064706672037,23.895247071495895,23.26917971860897,23.561204013377928,152
2021-06-30,23.549333333333333,23.549333333333333,23.549333333333333,23.549333333333333,1
2021-07-01,23.631887143997872,23.631887143997872,23.233713461790533,23.500992720052945,32
2021-07-02,23.44713946744002,23.680794701986756,23.430599369085172,23.481802654053343,22
2021-07-05,23.471312549122345,23.506493506493506,23.28521264143582,23.28521264143582,31
2021-07-06,23.21681929575648,24.10431751139716,23.213321332133216,23.99492453586216,102
2021-07-07,24.129092860976918,24.71832921132179,23.829506466086038,24.620425996723103,103
2021-07-08,24.48896156991006,25.048355899419732,24.199623352165723,24.199623352165723,129
2021-07-09,24.15751406375569,24.175957018132976,23.909595559080095,23.94653255690842,60
2021-07-12,23.91033293540257,24.138162307176394,23.91033293540257,24.04638144742103,7
2021-07-13,23.98010610079575,24.01272197190565,23.626143790849675,23.626143790849675,38
2021-07-14,23.76277850589777,24.55010775862069,23.716976196704163,24.405080213903744,187
2021-07-15,24.752635847526356,24.867653047373423,24.5581708137189,24.76364621427604,76
2021-07-16,25.008198961464878,25.041993666528985,24.60100257417694,24.60100257417694,53
2021-07-19,25.19279128248114,25.88722341184868,25.19279128248114,25.88722341184868,6
2021-07-20,26.2704266088214,26.686174103877104,26.17058060798156,26.686174103877104,118
2021-07-21,26.234030197444834,26.234030197444834,24.946028231386656,24.946028231386656,10
2021-07-22,24.684833470960637,24.684833470960637,24.684833470960637,24.684833470960637,1
2021-07-23,24.50646698434309,24.50646698434309,24.50646698434309,24.50646698434309,1
2021-07-26,24.31539187913126,24.36198972695323,24.04602622424405,24.04602622424405,3
2021-07-27,24.194500335345406,24.194500335345406,24.194500335345406,24.194500335345406,1
2021-07-29,24.188628762541803,24.37358238825884,24.012086179716235,24.012086179716235,6520
2021-07-30,24.035756540028924,24.035756540028924,23.758512310110007,23.758512310110007,9
2021-08-01,24.106145251396644,24.106145251396644,24.05814416567105,24.05814416567105,102
2021-08-02,24.136690647482013,25.01789154968346,24.136690647482013,24.78326268289348,603
2021-08-03,24.873626373626372,25.47856640899508,24.614233229010754,24.98205906707149,245
2021-08-04,25.13041065482797,25.93541991219374,24.949021769082393,25.777777777777775,265
2021-08-05,25.63172804532578,25.8470335954253,25.212706409179965,25.272676293284736,158
2021-08-06,25.306524184476938,25.306524184476938,24.48366555924696,24.967348097671778,456
2021-08-08,25.154210299813517,25.158513843064124,24.42634765061978,24.58345303073829,49
2021-08-09,24.66052934407365,25.764063192086223,24.66052934407365,24.95305503394482,774
2021-08-10,24.82442310448617,24.831830542435952,24.219938045620953,24.39158667419537,242
2021-08-11,24.495542663081928,25.083895023662695,24.32451449479313,24.471147128685207,123
2021-08-12,24.450656975118815,24.60393258426966,24.402953880451445,24.60393258426966,83
2021-08-13,24.684823810192334,25.32127083630147,24.67911810139026,25.32127083630147,111
2021-08-16,25.481927710843372,26.17121078862504,25.333428530629728,25.614336917562724,64
2021-08-17,25.839700158569986,26.025529445894982,25.46781115879828,25.773344897369178,125
2021-08-18,25.82035755478662,26.332694857816414,25.475850242926548,26.332694857816414,214
2021-08-19,26.48749255509232,27.14089870525514,26.419863217365446,27.02838063439065,199
2021-08-20,26.755988023952096,27.343869878778577,26.755988023952096,27.295848015933814,105
2021-08-23,26.743323442136496,26.743323442136496,26.27645599182601,26.285506190823014,5
2021-08-24,26.018491765385726,26.018491765385726,25.516411997736274,25.516411997736274,3
2021-08-25,25.310734463276837,25.310734463276837,24.831991113579562,24.831991113579562,294
2021-08-26,24.883203559510566,25.067189249720045,24.858339148639214,25.067189249720045,30
2021-08-27,24.9550297495503,24.9550297495503,24.949494949494948,24.949494949494948,4
2021-08-30,24.874948749487494,25.117663344407532,24.757667031763415,24.757667031763415,37
2021-09-01,25.492621222768797,25.7318974068301,25.37438768369489,25.37438768369489,42
2021-09-02,25.30905539277243,25.30905539277243,24.679049440043705,24.70556161395856,18
2021-09-03,24.7671568627451,25.245969408846634,24.7671568627451,25.245969408846634,16
2021-09-07,25.0,25.294117647058826,24.979796572384004,25.086592178770953,22
2021-09-08,24.571783202316922,24.68620403649433,24.571783202316922,24.68620403649433,21
2021-09-09,24.6296042722169,24.829302004146513,24.555692899327017,24.555692899327017,40
2021-09-13,24.470877768662838,24.470877768662838,24.186550976138825,24.446564885496183,240
2021-09-14,24.198297987302446,24.52410047522064,24.07761757175583,24.44037940379404,210
2021-09-15,24.165213892986458,24.165213892986458,23.746687864334923,23.746687864334923,26
2021-09-16,23.702031602708804,23.702031602708804,23.141989970968595,23.158381808566897,320
2021-09-17,23.400584019113353,23.40679766330324,23.170086035737924,23.405109000936207,240
2021-09-20,23.417569193742477,23.591710402368456,23.417569193742477,23.591710402368456,61
2021-09-21,23.691004437273094,23.787451296520217,23.522818254603685,23.716161886893595,47
2021-09-22,23.455814566047675,23.455814566047675,23.268369765604426,23.268369765604426,17
2021-09-23,23.29027155286053,23.29027155286053,22.506797876472874,22.506797876472874,2
2021-09-24,22.374663418386973,22.377532700692484,22.371794871794872,22.371794871794872,30
2021-09-27,22.249460180363265,22.249460180363265,21.932815241915264,21.988208730556952,317
2021-09-28,21.730937227006116,21.780787559568598,21.595015576323988,21.595015576323988,346
2021-09-29,22.30917254650417,22.362700964630225,21.729654824892922,21.90615462868769,372
2021-09-30,22.404933196300103,22.475311017057845,22.404933196300103,22.475311017057845,17
2021-10-01,22.40608228980322,22.564069542820345,22.215341842537597,22.215341842537597,820
2021-10-04,22.28582259287339,22.28582259287339,21.34561424911553,21.768397735663303,331
2021-10-05,21.5922163749847,21.5922163749847,21.110575183890028,21.27129909365559,52
2021-10-06,21.090098771380394,21.79972768907043,21.03638765461751,21.74540520537807,39
2021-10-07,21.750463248919086,22.1957671957672,21.275770070337135,21.27775755369494,184
2021-10-08,21.266037279109174,21.523636363636363,21.06058788242352,21.268168604651162,234
2021-10-11,20.994382693916574,21.005740253527865,20.806260374673936,20.98360655737705,67
2021-10-12,20.978325948988147,21.28581748133879,20.952892069171142,21.122975404919018,118
2021-10-13,21.17873466442146,21.676370693837942,21.17873466442146,21.517771373679153,110
2021-10-14,21.358598498391135,21.558379285543037,21.321000830072336,21.373574144486692,147
2021-10-15,21.247039317858835,21.250592136428235,20.82616381850324,20.865713948269754,120
2021-10-18,20.55224751897256,20.73687910028116,20.523737314825613,20.73687910028116,145
2021-10-19,20.984535473970016,21.136849607982892,20.735570154856877,20.735570154856877,51
2021-10-20,21.0061553030303,21.13957073402111,20.745486313337217,20.745486313337217,90
2021-10-21,20.908130939809926,21.182207421503332,20.908130939809926,21.182207421503332,61
2021-10-22,21.247176316728094,21.327623126338327,20.971328262141604,21.011249121162408,483
2021-10-25,20.827626233313985,21.103850641773626,20.826561411655444,21.103850641773626,47
2021-10-26,21.039841102932584,21.143292682926827,20.81703910614525,20.81703910614525,241
2021-10-27,20.971555659604352,21.145011190953,20.96201052016365,20.96201052016365,65
2021-10-28,21.50065608970536,21.728915662650603,21.360665478312537,21.561565154959915,140
2021-10-29,21.176261127596437,21.176261127596437,21.06148560597086,21.06148560597086,52
2021-11-01,21.171384578941133,21.22823640885941,21.021391631405738,21.20170152428217,63
2021-11-02,21.08951707891637,21.37470167064439,21.06848670275359,21.16873889875666,132
2021-11-03,21.387409200968523,21.772058823529413,21.30246020260492,21.772058823529413,88
2021-11-04,21.464475592073466,22.231036192364897,21.261788229676494,22.206537890044576,90
2021-11-05,22.05578766281642,22.25503521561843,21.961566352429298,21.961566352429298,36
2021-11-08,21.767519732121503,21.96243679267999,21.676403958507212,21.847331897583153,188
2021-11-09,21.869158878504674,21.908296420447744,21.573179354230497,21.60438524107038,112
2021-11-10,21.542911108487786,22.496657347757385,21.542911108487786,22.409244917715395,586
2021-11-11,22.45518410852713,22.781642865861098,22.357528494301143,22.677941355396037,256
2021-11-12,22.620957938244587,22.77191259513872,22.59286412512219,22.702373706634205,62
2021-11-15,22.982867003574512,22.982867003574512,22.86379796493809,22.88289393010423,24
2021-11-17,22.792462065589817,22.805131337813073,22.792462065589817,22.805131337813073,2
2021-11-22,23.495789742281193,23.495789742281193,22.759011847743885,22.759011847743885,2
2021-11-23,22.49592578663658,22.519754170324845,21.671113267038567,21.671113267038567,249
2021-11-24,21.74836204804659,21.81397613830046,21.66202975686464,21.725900681596887,186
2021-11-28,23.961073825503355,23.972088030059048,23.618594823032225,23.74074074074074,924
2021-11-29,23.786935206042138,24.41764867086873,23.23054905022118,24.41764867086873,3871
2021-11-30,24.89036913683042,25.47172472147793,24.89036913683042,25.249216747365423,172
2021-12-01,25.396507300314916,26.071847507331377,24.51559708671156,25.52529740576179,416
2021-12-02,25.46130739522243,26.318754633061527,25.065929391748192,25.065929391748192,1054
2021-12-03,25.279049799656555,25.748701673398735,24.474229653171204,25.494992846924173,183
2021-12-05,25.063344594594593,25.063344594594593,25.01264400112391,25.05489864864865,13
2021-12-06,24.888330541596872,24.990179573512904,24.152738143769533,24.152738143769533,23
2021-12-07,24.156708310700708,24.156708310700708,23.470541820094684,23.788828156245835,61
2021-12-08,23.79007582812292,23.94884841992501,23.38055883510429,23.44333420983434,31
2021-12-09,23.26759827608724,23.965424095083737,23.26759827608724,23.965424095083737,71
2021-12-10,23.973509933774835,23.974584290928757,23.582089552238802,23.79526927702793,18
2021-12-13,23.456936226167,24.032844258985058,23.387963812770423,24.032844258985058,77
2021-12-14,23.998655913978492,24.14986376021798,23.802647412755714,24.143246930422922,18
2021-12-15,24.2751133708946,24.2751133708946,23.74814214295365,23.859154929577468,67
2021-12-16,24.157788267026294,24.157788267026294,23.923763827802212,24.122618728199622,13
2021-12-17,24.249428840209653,24.86174164259183,24.249428840209653,24.86174164259183,13
2021-12-20,25.199158485273493,25.836575875486382,25.16147149677057,25.16147149677057,33
2021-12-21,24.9192425508215,24.9192425508215,24.458390177353344,24.581334795121283,155
2021-12-22,24.14818820984316,24.250541125541123,23.88609271523179,23.897272967963993,75
2021-12-23,24.037002528949824,24.040202342917997,23.51137102014295,23.51137102014295,88
2021-12-27,23.59081419624217,23.59081419624217,22.984239959328928,23.006602336211273,20
2021-12-28,22.857503470907485,22.97823886639676,22.825537294563844,22.825537294563844,53
2021-12-29,22.81214421252372,22.81214421252372,22.776160951537392,22.776160951537392,18
2021-12-30,22.74569402228977,22.74569402228977,22.74569402228977,22.74569402228977,1
2021-12-31,23.325664621676893,23.49228791773779,23.123572697284953,23.49228791773779,20
2022-01-03,23.277791910455353,23.423330319080225,22.80557314756175,22.80557314756175,29
2022-01-04,22.80708412397217,22.80708412397217,22.60902255639098,22.625015587978552,24
2022-01-05,22.7171464330413,22.7171464330413,22.7171464330413,22.7171464330413,2
2022-01-06,21.61988870070167,21.84918112930824,21.61988870070167,21.807199511897498,21
2022-01-07,21.657999758132785,21.85646283412669,21.566352429296593,21.85646283412669,10
2022-01-09,21.900402782863416,21.900402782863416,21.900402782863416,21.900402782863416,2
2022-01-10,21.86777060757336,22.24613481756339,21.86777060757336,22.24613481756339,353
2022-01-11,22.242036649858566,22.242036649858566,21.71585613573904,21.75340176653139,35
2022-01-12,21.76632384596986,21.76632384596986,21.562610645580076,21.562610645580076,8
2022-01-13,21.55174452986399,21.586206896551726,21.494985250737464,21.586206896551726,20
2022-01-14,21.404230317273797,21.404230317273797,21.364915572232643,21.364915572232643,6
2022-01-16,21.03508162556443,21.03508162556443,20.999884406427,20.999884406427,2
2022-01-17,21.203401677539606,21.203401677539606,21.203401677539606,21.203401677539606,1
2022-01-18,20.659603554340396,20.659603554340396,20.659603554340396,20.659603554340396,1
2022-01-19,20.645234579120753,20.75194761205826,20.645234579120753,20.75194761205826,4
2022-01-20,20.94923742317323,21.102054873148894,20.93604453027377,21.102054873148894,3
2022-01-21,21.06578042631217,21.06578042631217,20.95199908351472,20.95199908351472,16
2022-01-24,20.925651827393832,21.14633586032621,20.925651827393832,21.14633586032621,8
2022-01-25,21.218052037761915,21.228979497811565,21.177282133823866,21.228979497811565,7
2022-01-28,20.007799442896935,20.10401521082653,19.48810303427199,19.8641425389755,5030
2022-01-30,19.664835164835164,19.664835164835164,19.664835164835164,19.664835164835164,1
2022-02-01,20.15092230296255,20.525956284153004,20.114712106025166,20.13986796464138,129
2022-02-02,20.089395463180246,20.405374887082203,19.980046558031262,20.21233795261511,267
2022-02-03,20.3080035971223,20.41100543478261,19.82099714473973,19.82099714473973,321
2022-02-04,19.731353063230316,19.779090113735784,19.289687633718444,19.466652300398664,298
2022-02-07,19.551192145862554,19.669403630077785,19.300095877277084,19.581495427649273,161
2022-02-08,19.657408408083864,20.111221231141943,19.592078355397696,20.111221231141943,48
2022-02-09,20.06372926052082,20.250138350857775,19.90746788591335,19.953148834168662,125
2022-02-10,20.031683601005135,20.108564535585042,19.7260718925942,20.0,173
2022-02-11,20.112595209184235,20.112595209184235,19.424309276184474,19.5632498421385,146
2022-02-13,19.620613341764148,19.620613341764148,19.620613341764148,19.620613341764148,1
2022-02-14,19.707819804504886,19.927381460914138,19.555137844611526,19.555137844611526,58
2022-02-15,19.553953828475922,20.0238379022646,19.553953828475922,19.910896403650025,77
2022-02-16,19.756590136054424,19.756590136054424,19.58307144353656,19.674907943187794,8
2022-02-17,20.004264846998613,20.52370154410971,20.004264846998613,20.440116216507047,326
2022-02-18,20.529615218331173,20.851274165202106,20.269288309467836,20.269288309467836,34
2022-02-21,20.106427818756583,20.26248125133919,19.744495222268384,19.744495222268384,106
2022-02-22,19.592171329029615,19.738670538214247,19.592171329029615,19.738670538214247,4
2022-02-23,19.67310087173101,19.745762711864405,19.40105755541997,19.745762711864405,30
2022-02-24,19.469450101832994,19.469450101832994,18.533925296786023,18.533925296786023,111
2022-02-25,19.024970273483948,19.48739148408433,18.80570585341859,19.18491484184915,71
2022-02-27,18.668796592119275,18.668796592119275,18.492689495959986,18.50048309178744,6
2022-02-28,18.99870865203139,18.99870865203139,18.812165642956213,18.812165642956213,2
2022-03-01,19.273132212998583,19.273132212998583,18.152041295166587,18.525169548189893,219
2022-03-02,17.67304189435337,17.71225123242651,16.780118384401117,16.780118384401117,63
2022-03-03,16.72413793103448,17.46669067338855,16.132130627244635,17.383110472942654,36
2022-03-04,17.153996101364523,17.440980356821047,16.64694446792325,16.64694446792325,28
2022-03-06,15.346038114343028,15.392771457317545,15.346038114343028,15.392771457317545,2
2022-03-07,15.548871005547308,16.35549660089537,15.320606573781848,16.28457208125969,212
2022-03-08,15.684582189093762,16.227817745803357,15.478168907689984,15.986867818338153,380
2022-03-09,15.641772734243215,17.8664509751056,15.641772734243215,17.67624944714728,605
2022-03-10,17.541012680677486,18.278254518897207,16.974840085287845,18.278254518897207,517
2022-03-11,18.2744014732965,18.2744014732965,17.61072878065996,17.619723306136926,160
2022-03-14,17.909082676808836,18.170562690566385,17.909082676808836,18.16307663862439,38
2022-03-15,19.05875417567302,19.457230142566193,18.840891321344802,19.204658570575354,42
2022-03-16,18.964190588931636,19.475349596815352,18.532855898577374,19.365932839606373,75
2022-03-17,19.142913697545527,19.142913697545527,18.09968265820422,18.09968265820422,32
2022-03-18,17.94955021793564,18.217942696101456,17.946436845519415,18.161005817226496,5
2022-03-21,17.316305423149565,17.316305423149565,17.199785561115082,17.199785561115082,4
2022-03-24,16.368789596532178,16.368789596532178,16.34079374323987,16.34079374323987,2
2022-03-28,17.18730553827007,17.18730553827007,17.18730553827007,17.18730553827007,7
2022-03-30,17.06632198252808,17.335315851130936,16.834733893557424,17.127923458540042,1496
2022-03-31,17.9488609948861,17.9488609948861,17.948360731865886,17.948360731865886,11
2022-04-01,18.508234392952893,18.794429837374622,18.238636363636363,18.44376258509924,137
2022-04-04,18.589087397392564,18.600926283288306,17.809523809523807,17.907235621521338,83
2022-04-05,17.676314343286315,18.307150337998667,17.66752105455877,18.299390940236012,252
2022-04-06,18.097441223680484,18.852716218866444,17.83813850004635,18.852716218866444,47
2022-04-07,18.726829268292683,19.24599622003382,18.696831702354423,19.224952741020793,180
2022-04-08,19.025448806470706,19.370329779814686,18.903376471732997,18.991121084983902,97
2022-04-11,19.38142272772623,20.01016570092508,19.29460580912863,19.68658671772649,88
2022-04-12,19.56469408224674,19.600080184424176,18.717095885203836,18.84792185405095,60
2022-04-13,18.84508659458425,18.84508659458425,18.172369389256808,18.172873563218392,60
2022-04-14,18.264248704663213,18.438374044378147,17.677401991567237,17.71164377412694,70
2022-04-17,17.504880212954745,17.566492886807456,17.468656189298958,17.566492886807456,22
2022-04-18,17.564940802261884,17.8280664167113,17.31300244669696,17.557489123679304,45
2022-04-19,17.482728077945083,18.226831091180866,17.482728077945083,18.13834250023306,102
2022-04-20,18.09585612311115,18.627376062661188,18.056968463886065,18.091355508199758,252
2022-04-22,18.160908836949435,18.251952206228243,18.064546304957904,18.168139928531126,67
2022-04-25,18.508890606880556,18.86858051057912,18.508890606880556,18.763243885533225,497
2022-04-26,18.45966958211856,18.706345302508605,17.92963591775137,18.06035300816094,202
2022-04-27,17.98881092357292,18.13203587101698,17.900709219858157,18.13203587101698,125
2022-04-28,17.946275481044008,18.049574121925545,17.53015401744294,17.53015401744294,111
2022-05-01,17.712204687645904,17.712204687645904,17.712204687645904,17.712204687645904,5
2022-05-02,17.708294326905076,18.01140206783264,17.264561533475323,17.289710939678407,29
2022-05-05,17.110489257988807,17.165518491660624,16.908108108108106,16.908108108108106,45
2022-05-06,16.807823434415937,16.829487294603574,16.64754170712331,16.64754170712331,100
2022-05-09,16.781443855075068,16.99062699062699,16.781443855075068,16.982593638931924,150
2022-05-11,17.47840941444434,17.70020140021099,17.242054245502842,17.305428384565076,71
2022-05-12,17.41152108433735,17.511380880121397,17.00447928331467,17.00447928331467,24
2022-05-13,16.732373704960118,16.75822156898769,16.331291659160513,16.331291659160513,6
2022-05-16,16.267637687756032,16.33897687966503,16.267637687756032,16.33897687966503,3
2022-05-17,15.847714855606625,16.041758048951664,15.841927376722419,15.965374813252483,8
2022-05-18,16.0067025310874,16.680722339352826,15.851409502063756,16.680722339352826,5
2022-05-19,16.392685797048973,16.427534917467803,16.368482877021776,16.42526964560863,64
2022-05-20,16.500897666068223,16.528776978417266,16.260061919504643,16.338642227956225,20
2022-05-23,16.338745063624398,16.38658428949691,16.338658707865168,16.38658428949691,108
2022-05-24,16.38925583443417,16.476921719177476,16.360845539864922,16.442680776014107,25
2022-05-26,16.028566451837662,16.028566451837662,16.028566451837662,16.028566451837662,2
2022-05-27,15.760156715782303,15.924751456976344,15.453102814666332,15.523689727463312,4678
2022-05-30,15.38583201531674,15.502914238134888,15.38583201531674,15.468424126136648,31
2022-06-01,15.702769916816738,15.936771184244623,15.54770017035775,15.936771184244623,343
2022-06-02,16.284857042004944,16.36066731397299,15.810902319282208,15.840467915571756,435
2022-06-03,15.864386591798537,15.892445582586426,15.427878990473006,15.427878990473006,33
2022-06-05,15.206842667982563,15.206842667982563,15.206842667982563,15.206842667982563,1
2022-06-06,15.40823970037453,15.495774412183081,15.40823970037453,15.4233025984912,36
2022-06-07,15.357411587659895,15.517415446744069,15.262764632627647,15.291105789082499,46
2022-06-08,15.24182898646418,15.307387208725832,14.971317766825564,14.971317766825564,12
2022-06-09,14.972424979724249,15.026033192320208,14.868538144163095,15.023195247009035,37
2022-06-10,15.019563090968372,15.500165343915345,14.735013734044273,15.359020703253368,352
2022-06-13,15.63063063063063,15.63063063063063,14.837296112959507,14.969567363053134,105
2022-06-14,14.81090732024022,14.963969187443054,14.47170716112532,14.949929653231814,83
2022-06-15,14.952263374485597,15.422676954042268,14.952263374485597,15.378864247311828,20
2022-06-16,15.564681724845997,15.616791140870463,15.380194886316318,15.50175908862456,25
2022-06-17,16.2890625,16.2890625,16.159337269762933,16.159337269762933,3
2022-06-21,15.90814377496093,15.958684142001562,15.772645005601998,15.958684142001562,18
2022-06-22,16.599854227405245,17.073487165230286,16.599854227405245,16.881759853345557,39
2022-06-23,16.6621278140886,16.6621278140886,16.43725420092957,16.605339105339105,4
2022-06-24,16.450709315984458,16.450709315984458,16.155956806514425,16.155956806514425,38
2022-06-27,16.22101803322377,16.23511640305669,15.96933858957512,15.96933858957512,18
2022-06-28,15.55157715260017,15.73053066850448,15.46451338716532,15.46451338716532,20
2022-06-29,15.139734712605321,15.365729766339316,15.139734712605321,15.365729766339316,11
2022-06-30,15.736636245110821,15.736636245110821,15.736636245110821,15.736636245110821,35
2022-07-01,16.57282628761307,16.57282628761307,16.110062044780147,16.21315600287563,68
2022-07-04,15.86049371870333,15.86049371870333,15.86049371870333,15.86049371870333,10
2022-07-05,16.376586613094695,17.280306002353868,16.376586613094695,17.116951124903025,15
2022-07-06,16.979768786127167,17.519685039370078,16.77590956587822,17.279419078881926,448
2022-07-07,16.601978691019788,16.653248993674524,16.35901299679789,16.653248993674524,13
2022-07-08,16.46551724137931,16.645204689602153,16.244162152064263,16.244162152064263,10
2022-07-11,16.467065868263475,16.49757765745227,16.467065868263475,16.49757765745227,2
2022-07-12,16.931485457739605,17.256407699212126,16.84399572857004,17.256407699212126,15
2022-07-13,17.34455827162998,17.36469398077896,17.34455827162998,17.36469398077896,5
2022-07-14,17.566762530813474,17.582270670505967,17.45675979940641,17.45675979940641,27
2022-07-15,16.830352731943485,16.908404530101333,16.741220325681773,16.790927021696252,651
2022-07-18,16.2930542340628,16.2930542340628,16.2930542340628,16.2930542340628,12
2022-07-19,16.213426758829655,16.44350661807021,16.012918929039508,16.012918929039508,168
2022-07-20,16.046708729635558,16.2076170576503,16.042176614573528,16.15880234981997,124
2022-07-21,15.888114522508946,16.503489724699495,15.868827742178665,16.365463769503208,174
2022-07-22,16.653782974200407,16.718461687870253,16.653782974200407,16.668267845134018,50
2022-07-25,16.671493387392605,16.671493387392605,16.561302681992338,16.586860754644704,50
2022-07-26,16.090662171021823,16.090662171021823,16.090662171021823,16.090662171021823,1
2022-07-28,16.19034302759135,16.47458266528341,15.928610754266838,16.29062209842154,5860
2022-07-29,16.192457016084305,16.192457016084305,15.873403966313502,16.0392798690671,59
2022-07-31,16.983347771681586,17.04281286323131,16.983347771681586,17.04281286323131,56
2022-08-01,17.104292095552534,17.78303787268332,16.98351489443748,17.716488136950645,269
2022-08-02,17.80216476247745,17.9123659178304,17.34769833496572,17.662885252484692,414
2022-08-03,17.59588493807431,18.187442004330343,17.294969661381874,18.187442004330343,189
2022-08-04,18.2732624186719,19.085372368842826,18.240607678094847,19.085197018104363,176
2022-08-05,18.944861890147106,19.035181236673775,18.526864893062076,18.83421891604676,199
2022-08-08,18.50250626566416,18.975095785440615,18.489306207616067,18.500414250207125,70
2022-08-09,18.327019555646565,18.718965157521385,18.25361286383065,18.61950763477719,89
2022-08-10,18.869837950862518,18.869837950862518,18.393004115226336,18.393004115226336,104
2022-08-11,18.25887859977613,18.267155365506007,17.917920931165966,17.917920931165966,5
2022-08-12,17.86621337866213,18.396525293817067,17.859287429943954,18.388184791496318,107
2022-08-15,18.435353224648825,19.11543422184007,18.435353224648825,18.930663542443284,31
2022-08-16,18.857021457403867,19.256808072040794,18.64185850940818,19.256808072040794,28
2022-08-17,19.23796064789651,19.23796064789651,18.781346707928716,18.880700630139913,13
2022-08-18,18.363503191378047,18.363503191378047,18.207654807592576,18.207654807592576,34
2022-08-19,18.217368694747787,18.390079865489703,17.877237851662404,18.203686348016245,20
2022-08-22,18.255716383469686,18.73242483235994,17.8884873515746,17.97616580310881,218
2022-08-23,17.789063301528678,17.827112387202625,17.3988035892323,17.3988035892323,226
2022-08-24,17.24573345171155,17.309906690490372,17.23025474574604,17.23025474574604,79
2022-08-25,17.301384660709026,17.66599597585513,17.301384660709026,17.52021563342318,4
2022-08-26,17.503243189302466,17.727180732645213,17.28578504210005,17.617891115158876,48
2022-08-29,16.92884259709919,16.92884259709919,16.886105447130788,16.886105447130788,15
2022-08-30,16.61888379204893,17.491632011360178,16.545662972869696,17.491632011360178,36
2022-08-31,17.580315121751585,17.83628779979145,17.580315121751585,17.83628779979145,42
2022-09-01,17.888993809673696,18.379082130845177,17.888993809673696,18.379082130845177,335
2022-09-02,18.17929562433298,18.24613745338306,17.929006511237137,18.170537702831687,20
2022-09-05,17.97014611584148,17.97601514832737,17.671799111294824,17.671799111294824,6
2022-09-06,18.34465652970991,18.351328006909956,18.34465652970991,18.351328006909956,4
2022-09-07,18.535491632943234,19.354547506206274,18.25499034127495,19.354547506206274,159
2022-09-08,19.44192891102558,19.44192891102558,19.100771725757745,19.100771725757745,21
2022-09-09,19.228015215931975,19.23722178727212,18.558441558441558,18.558441558441558,36
2022-09-12,18.42290467050544,18.42290467050544,18.42290467050544,18.42290467050544,12
2022-09-13,18.123610964123188,18.22673796791444,18.10033941450997,18.211955940541117,108
2022-09-14,18.23813613914537,18.46421201259911,18.23813613914537,18.28909188608275,90
2022-09-15,17.886740331491712,18.473451327433626,17.885228480340064,18.265025821338313,386
2022-09-16,18.094926350245498,18.228123639529823,17.94216397703888,18.165017936732255,168
2022-09-19,18.251510159253158,18.440071158550143,18.24478594950604,18.251258481068067,106
2022-09-21,18.1962198186387,18.559246954595793,18.154580981328703,18.530549110595512,14
2022-09-22,18.33699714222906,18.33699714222906,18.316320930743057,18.316320930743057,3
2022-09-27,19.19459141681364,19.19459141681364,18.86384650947758,18.959396751740137,48
2022-09-29,18.51404274364999,18.702394526795896,18.310547960431258,18.682459108855046,353
2022-09-30,18.80976602238047,18.80976602238047,18.778116875777098,18.778116875777098,3
2022-10-03,19.00947164213169,19.185874872260705,18.658918194009832,19.159152389540125,30
2022-10-04,19.052678671289566,19.052678671289566,18.755028813743614,18.807679720737426,25
2022-10-05,18.771853146853147,18.776508972267536,18.337973870207755,18.386130136986303,42
2022-10-06,18.467646743212793,18.467646743212793,18.155134046836917,18.18607123870282,88
2022-10-07,18.117385316241126,18.117385316241126,17.22052845528455,17.22052845528455,13
2022-10-10,17.389607722324914,17.428183432570773,17.076167076167074,17.354134165366613,148
2022-10-11,17.598267117497887,17.847519247219847,17.598267117497887,17.847519247219847,121
2022-10-12,17.593080898639382,18.088171577123052,17.593080898639382,18.084046355464096,3
2022-10-13,18.07032682558516,18.07189895282306,17.639961900730235,17.66246157108025,592
2022-10-14,17.573102501847355,17.939857845817386,17.573102501847355,17.939857845817386,37
2022-10-17,17.843624959446306,17.94681778552746,17.824864864864864,17.94681778552746,117
2022-10-18,17.914949012801042,18.152866242038215,17.914949012801042,18.142904181758315,295
2022-10-19,18.069962480688588,18.069962480688588,18.069962480688588,18.069962480688588,5
2022-10-20,17.591327913279134,17.658837536529926,17.380649267982175,17.548776544141425,142
2022-10-21,17.54644045957264,17.705813082111124,17.54644045957264,17.705813082111124,2
2022-10-24,17.96948228882834,17.96948228882834,17.965566089135883,17.965566089135883,2
2022-10-25,17.793671434763763,17.879978177850518,17.672840835666594,17.672840835666594,320
2022-10-26,17.685126246552088,17.685126246552088,17.56066680734332,17.56066680734332,21
2022-10-28,17.08350687213661,17.1340443329151,17.08350687213661,17.1340443329151,22
2022-11-01,17.44787234042553,17.579204762917286,17.331786542923435,17.382911392405063,46
2022-11-02,17.283007014972252,17.290195263813878,17.20351390922401,17.20351390922401,8
2022-11-03,17.067085953878408,17.107063901463313,16.985394557108332,16.985394557108332,180
2022-11-04,17.031557165028453,17.031557165028453,16.872771722522156,17.03112286411717,101
2022-11-06,17.32155769032125,17.32155769032125,17.32155769032125,17.32155769032125,1
2022-11-07,17.084652302665166,17.11819389110226,16.9276621539705,17.11819389110226,33
2022-11-08,17.45081967213115,17.45783501993254,17.45081967213115,17.45783501993254,3
2022-11-09,17.85878661087866,18.438344320760834,17.85878661087866,18.438344320760834,116
2022-11-10,18.524341320611512,18.70565469791443,18.46677299308878,18.70565469791443,26
2022-11-11,18.316543774015994,18.516731354243156,18.2059250051792,18.502096436058697,60
2022-11-14,18.299086757990867,18.299086757990867,18.299086757990867,18.299086757990867,7
2022-11-15,19.025045684187898,19.264577893820714,19.006117849093055,19.23954372623574,17
2022-11-16,19.264674030755902,19.306930693069308,19.264674030755902,19.306930693069308,2
2022-11-17,19.202701230802745,19.518686924697793,19.197167755991284,19.518686924697793,5
2022-11-18,19.520274761799246,20.340143951706523,19.520274761799246,19.903266188687834,12
2022-11-21,19.979319852941174,20.94715250965251,19.979319852941174,20.94715250965251,6
2022-11-23,20.348019685962033,20.674223639154565,20.340869157783764,20.66706021251476,14
2022-11-24,20.687094873305835,20.7397357243983,20.687094873305835,20.7397357243983,4
2022-11-25,20.429806120065404,20.83363063384469,20.429806120065404,20.83363063384469,2
2022-11-29,21.107606453960937,21.107606453960937,20.379820575556334,20.941881366087475,4088
2022-11-30,20.934434075137595,20.99043062200957,20.523725834797894,20.523725834797894,95
2022-12-01,20.515927977839336,20.741166992749452,20.15289488476672,20.71100390535263,838
2022-12-02,20.737667127708622,21.06158357771261,20.416428326278456,20.95082731298066,476
2022-12-05,20.944380069524914,21.288143770353397,20.318181818181817,21.285077682765266,201
2022-12-06,21.282882882882884,22.45112972835745,21.28198966718731,22.280900289199042,32
2022-12-07,22.478156261871597,23.114817688130334,22.259231536926148,23.08815925542916,21
2022-12-08,23.006451612903227,23.51881083925283,22.630646589902568,23.34767866458007,56
2022-12-09,23.429056258974025,23.67175170962651,23.2496765847348,23.453857198799113,50
2022-12-12,23.72305250628224,23.73460468812078,22.7811939533692,22.7811939533692,71
2022-12-13,22.53279515640767,22.809314033983636,22.490542244640608,22.514299925391693,112
2022-12-14,22.526747947250563,22.526747947250563,21.805942995755004,21.822023665781213,37
2022-12-15,21.819510412860797,21.89309028205444,21.436837029893926,21.89309028205444,27
2022-12-16,22.392560944961048,22.747364410008892,22.392560944961048,22.747364410008892,28
2022-12-18,22.655538694992412,22.655538694992412,22.655538694992412,22.655538694992412,1
2022-12-19,22.756873178765993,22.756873178765993,22.301161193657133,22.301161193657133,19
2022-12-20,22.38654831853982,22.804465069609932,22.38654831853982,22.804465069609932,21
2022-12-21,22.27194913181707,22.27194913181707,22.172375960014627,22.172375960014627,9
2022-12-22,22.034904860016965,22.107151695124973,21.703349282296653,21.984302182977675,224
2022-12-23,21.659826170931915,21.662641873943492,21.427377968731353,21.427377968731353,14
2022-12-27,21.418566001899336,21.52934202726734,21.336232224703256,21.52934202726734,35
2022-12-28,21.40432098765432,21.40432098765432,21.40432098765432,21.40432098765432,2
2022-12-30,21.83129055515501,21.887472950228418,21.59379073349923,21.59379073349923,9
2023-01-03,21.262158406669755,21.545678433212153,21.262158406669755,21.545678433212153,2
2023-01-04,22.754777070063696,23.55981711963424,22.754777070063696,23.55981711963424,6
2023-01-05,23.202458605117915,23.202458605117915,23.202458605117915,23.202458605117915,1
2023-01-06,23.28433857070451,23.871709685663173,22.993281910923116,23.871709685663173,13
2023-01-09,23.61460957178841,23.61460957178841,23.299045730573802,23.55940718412459,30
2023-01-10,23.36734693877551,23.49974974974975,23.300149328023895,23.49974974974975,15
2023-01-11,23.182548510690893,23.182548510690893,22.985660007353843,22.985660007353843,3
2023-01-12,22.769845111326234,22.769845111326234,22.455346511074065,22.48660873705511,26
2023-01-13,22.56909026212786,22.61214344892887,22.490881280150607,22.556364490371067,7
2023-01-15,22.444184687317357,22.444184687317357,22.444184687317357,22.444184687317357,1
2023-01-16,22.691029900332225,22.691029900332225,22.691029900332225,22.691029900332225,1
2023-01-17,22.434946426468855,22.448450571462235,22.29870281640762,22.29870281640762,4
2023-01-18,21.80874129864202,22.213669232563564,21.80874129864202,22.213669232563564,2
2023-01-19,22.38211099524968,22.38211099524968,22.38211099524968,22.38211099524968,1
2023-01-20,22.425621281064053,22.425621281064053,22.37568417375102,22.37568417375102,6
2023-01-23,21.711091032301784,21.711091032301784,21.673441734417345,21.692342546443136,5
2023-01-24,22.32520513116838,22.4843278384026,22.32520513116838,22.4843278384026,2
2023-01-25,22.470765312029638,22.48782749826107,22.470765312029638,22.48782749826107,2
2023-01-26,22.10502283105023,22.10502283105023,22.026517316264716,22.043195063421322,10
2023-01-29,22.185270425776753,22.185270425776753,22.185270425776753,22.185270425776753,26
2023-01-30,22.091106787226735,22.74216356351638,22.091106787226735,22.61498647217974,2414
2023-01-31,22.605120977214,22.82350142721218,22.586206896551722,22.763468809073725,66
2023-02-01,22.51988769302761,23.518853150222863,22.474106831141626,23.518853150222863,987
2023-02-02,23.428811121764145,23.749544515972307,22.986653841529396,23.272085665612067,275
2023-02-03,23.204848484848487,23.420358980795783,22.289414280622548,23.420358980795783,645
2023-02-05,23.329998749531075,23.329998749531075,23.329998749531075,23.329998749531075,2
2023-02-06,23.279136154896364,23.54521377222853,23.04326389744854,23.14456035767511,125
2023-02-07,22.916207951070337,22.916207951070337,22.470023980815345,22.470023980815345,37
2023-02-08,22.344605858537747,22.4393160349157,22.141004480075456,22.141004480075456,143
2023-02-09,22.10142369690552,22.50571669274281,22.046598758927527,22.177323508438317,119
2023-02-10,22.033195020746888,22.111137497031585,21.47245640374177,21.508909974542927,17
2023-02-13,21.742690058479532,21.75208162307963,21.32319041032734,21.398011100832562,70
2023-02-14,21.558547058140885,21.82785528493734,21.5552460538533,21.686746987951807,45
2023-02-15,21.70889805539187,21.75856753231353,21.409897292250232,21.409897292250232,13
2023-02-16,21.536839639217522,21.767277023036026,21.434426229508194,21.670599339310993,125
2023-02-17,21.732998685311344,22.290834241433586,21.732998685311344,22.290834241433586,19
2023-02-20,21.974484320972934,21.974484320972934,21.974484320972934,21.974484320972934,2
2023-02-21,22.044774332575123,22.230555219547597,21.92702122585261,22.155797101449277,38
2023-02-22,22.1768543126359,22.660789669729326,22.1768543126359,22.660789669729326,63
2023-02-23,22.60116322237347,22.60116322237347,22.087525760698266,22.087525760698266,79
2023-02-27,21.884355383872524,22.17815741305674,21.884355383872524,21.984742068297408,17
2023-02-28,21.58101356174161,21.773827985208158,21.577508321445553,21.773827985208158,54
2023-03-01,21.787502981159072,22.15105740181269,21.787502981159072,22.054416876423346,193
2023-03-02,21.78312105701702,21.78312105701702,21.61492149687168,21.659589525831564,5
2023-03-03,21.61966907480774,21.61966907480774,21.575701152100546,21.575701152100546,2
2023-03-06,21.50087260034904,21.50087260034904,21.367164870814506,21.367164870814506,2
2023-03-07,21.45071079002564,21.45071079002564,21.353620146904515,21.427230046948356,8
2023-03-08,21.800240673886883,21.846673095467697,21.75305975521958,21.80690983507885,61
2023-03-09,21.99564059094212,22.441418230891916,21.940785498489426,22.426696110906637,30
2023-03-10,22.71088769004414,22.894123420439207,22.446269017145617,22.61832707904612,225
2023-03-12,22.99124513618677,22.99124513618677,22.627027027027026,22.62859896398024,32
2023-03-13,22.619966240655895,24.144419018560896,22.619966240655895,23.783111553289395,67
2023-03-14,23.982591144190742,24.759309718437787,23.734909769757312,24.759309718437787,32
2023-03-15,24.272599770495983,26.22700640414225,24.212738853503186,25.743025751072963,12
2023-03-16,25.75377562028048,26.199647361996472,25.75377562028048,25.92993372108751,8
2023-03-17,26.20220786214324,27.115806805708015,26.20220786214324,27.115806805708015,63
2023-03-19,27.36204761249484,27.36204761249484,27.36204761249484,27.36204761249484,2
2023-03-20,28.322261484098938,28.322261484098938,27.113614507487288,27.298676227247658,64
2023-03-21,26.00079797845458,26.02195154597778,25.75335191822647,25.79500132943366,26
2023-03-22,25.567659797873738,25.703125,25.567659797873738,25.703125,14
2023-03-23,25.969993476842788,26.081381656417637,25.969993476842788,26.081381656417637,9
2023-03-24,26.225444957152277,27.315537303216978,26.130389064143007,26.39941497141338,13
2023-03-27,25.329364565808206,25.329364565808206,25.00063881436055,25.00063881436055,3
2023-03-30,25.027426967725475,25.17153097798259,24.89152371342079,25.042346100366576,964
2023-03-31,24.892893145161292,24.892893145161292,24.861774315154562,24.861774315154562,18
2023-04-02,22.874244537424453,23.04705882352941,22.85847408270239,23.010689533654414,17
2023-04-03,23.175316231233005,23.535186280307514,23.15696232431794,23.38278582361945,256
2023-04-04,23.3176525932024,24.061384725196287,23.122308856045617,23.868380705271846,476
2023-04-05,23.666783666783665,24.034507208697704,23.666783666783665,23.850689939851396,58
2023-04-06,23.92657716526078,23.92657716526078,23.610031790886612,23.684582743988685,80
2023-04-09,23.424914876130092,23.478820500819097,23.424914876130092,23.478820500819097,5
2023-04-10,23.424270931326433,23.617374792309516,23.25090823860307,23.59871855719032,113
2023-04-11,23.607311320754718,23.69742921454804,23.468790256470314,23.468790256470314,46
2023-04-12,23.442354865085857,23.56234690306777,23.07269605037207,23.116406966086156,98
2023-04-13,23.094093406593405,23.682076236820762,23.094093406593405,23.665468043150447,63
2023-04-14,23.646555709662508,23.71872103799815,23.058252427184467,23.26097051311818,163
2023-04-17,23.131652012956966,23.530244074991156,23.122177185871454,23.530244074991156,198
2023-04-18,23.495705377103192,23.775243525778095,23.49170880865577,23.64097123998114,15
2023-04-19,23.617723308979496,24.047992282648014,23.614287398326066,24.01950162513543,26
2023-04-20,24.39858346562462,24.741911583106937,24.39858346562462,24.741911583106937,3
2023-04-21,24.58477508650519,24.58477508650519,24.207234825260578,24.252690802348337,16
2023-04-24,24.416224879792875,24.585765743385913,23.95188588007737,24.060459492140264,14
2023-04-25,24.11793313069909,24.705445544554458,24.11793313069909,24.705445544554458,74
2023-04-26,24.57037492317148,24.863579474342927,24.57037492317148,24.863579474342927,11
2023-04-27,25.560250992444615,25.737620578778134,25.321323623355056,25.39861573955396,56
2023-05-01,25.03158958807177,25.396623937047845,24.92697053638882,24.965960665658095,160
2023-05-02,25.93888166449935,26.74316794905811,25.93888166449935,26.74316794905811,134
2023-05-03,27.636986301369863,28.821811100292113,27.636986301369863,28.821811100292113,58
2023-05-04,27.95457654945957,28.720670391061457,27.915982484948003,28.2937275490467,495
2023-05-05,27.868718507422034,27.868718507422034,26.58575407879029,26.76243681830274,20
2023-05-08,26.29013388795008,26.482668410725964,26.29013388795008,26.482668410725964,2
2023-05-09,26.477658740527826,26.7364402317009,26.477658740527826,26.48251657350838,13
2023-05-10,26.424392146664932,26.74302264349658,26.408825438027254,26.605925537493444,9
2023-05-11,26.49381107491857,26.92899800928998,26.49381107491857,26.87841985853463,86
2023-05-15,27.009120171673818,27.009120171673818,26.762637654239086,26.762637654239086,2
2023-05-17,26.493922799519165,26.493922799519165,26.493922799519165,26.493922799519165,1
2023-05-19,25.4380272550292,26.081277213352685,25.4380272550292,26.081277213352685,3
2023-05-23,25.413021101389603,25.413021101389603,25.413021101389603,25.413021101389603,2
2023-05-24,25.393619758168253,25.439432989690722,25.213828425096033,25.213828425096033,9
2023-05-26,25.255379828882553,25.271076523994815,25.255379828882553,25.271076523994815,4
2023-05-28,25.07033165569751,25.0864962561322,25.0193199381762,25.085861846352486,546
2023-05-29,25.07745933384973,25.572178477690287,24.999356250804688,25.196523543909716,2784
2023-05-30,25.21179833679834,26.741803278688522,25.07164063508455,26.537576167907922,4913
2023-05-31,26.61730743105556,27.42557651991614,26.59242156729594,27.077028885832185,55
2023-06-01,27.06344827586207,27.345807345807344,26.350811817939846,26.650053879310345,396
2023-06-02,26.571275023512023,26.571275023512023,25.493786788750818,25.506221349050428,260
2023-06-04,25.009631437010402,25.009631437010402,24.859038142620232,24.859038142620232,3
2023-06-05,25.051493305870235,25.684348395546827,24.7959053103007,25.665314667015565,390
2023-06-06,26.058267926034322,26.14534806335685,25.685146443514643,25.83234636136334,51
2023-06-07,25.85455985218424,25.85455985218424,25.090252707581225,25.262952356157253,65
2023-06-08,25.388925081433225,26.469401479488905,25.12654958677686,25.98175327251091,143
2023-06-09,26.067400822608462,26.067400822608462,25.728498494567354,26.057104913678618,27
2023-06-12,26.51285520974289,27.31891137473831,26.454398273070694,27.22075392961469,143
2023-06-13,27.11562370493162,27.11562370493162,26.121432417878296,26.121432417878296,58
2023-06-14,26.282241728561786,26.44131963223364,25.97290476822951,26.425752007622158,132
2023-06-15,26.423008607733298,26.521798738689334,25.872638393446955,25.87838730998017,153
2023-06-16,25.882818685669044,25.882818685669044,25.539465101108934,25.66688524590164,15
2023-06-18,25.689926547743966,25.689926547743966,25.689926547743966,25.689926547743966,2
2023-06-19,25.763449367088608,25.763449367088608,25.72613561553654,25.72613561553654,6
2023-06-20,25.412760416666668,25.846153846153847,25.412760416666668,25.538704998021892,33
2023-06-21,25.411579361953525,25.411579361953525,25.080498571799534,25.080498571799534,19
2023-06-22,25.518341307814993,25.84447144592953,25.48889184515099,25.8207343412527,20
2023-06-23,26.64366547060447,26.73630326508024,25.995398565435107,25.995398565435107,17
2023-06-25,25.751975358242937,25.751975358242937,25.751975358242937,25.751975358242937,1
2023-06-26,26.047896089838996,26.12789594905839,25.826168726491133,25.826168726491133,17
2023-06-27,26.196877121520707,26.531319290465632,25.911669367909237,26.531319290465632,19
2023-06-29,25.840671995664543,25.840671995664543,25.438667204084375,25.510504482804762,55
2023-06-30,25.635997313633307,25.635997313633307,25.575399489727406,25.57787598767912,5
2023-07-03,25.549523305084747,25.743768426695254,25.51112288135593,25.743768426695254,7
2023-07-04,25.69806279225117,25.69806279225117,25.355356672808632,25.480972515856237,13
2023-07-05,25.341312639747468,25.37923756760322,24.972656250000004,25.00261164794986,24
2023-07-06,24.948386253756695,25.35595475715236,24.904823989569753,24.904823989569753,36
2023-07-07,24.862266112266116,25.069634257451515,24.5361875637105,24.5361875637105,30
2023-07-10,24.65760451397794,24.80680061823802,24.392938785877575,24.72582509310389,136
2023-07-11,24.695106328465283,24.904204706184906,24.32241813602015,24.357034795763997,82
2023-07-12,24.316754584275305,24.432783608195898,24.302773976862795,24.359293356556357,111
2023-07-13,24.394825227018284,24.460386774797254,23.996082272282074,23.996082272282074,15
2023-07-14,24.0264998159735,24.539291990961587,24.0264998159735,24.539291990961587,88
2023-07-17,24.82710399186372,24.82710399186372,24.659090909090907,24.659090909090907,9
2023-07-18,24.970113188350506,24.970113188350506,24.854271356783922,24.854271356783922,3
2023-07-19,24.799297541394882,24.799297541394882,24.653255029363986,24.653255029363986,7
2023-07-20,24.765909376176726,24.765909376176726,24.70219435736677,24.70219435736677,10
2023-07-21,24.421760239014066,24.441678077928547,24.421760239014066,24.441678077928547,25
2023-07-24,24.066862601028657,24.066862601028657,24.036932860462272,24.036932860462272,2
2023-07-25,23.632623426911906,23.689813694652795,23.476543800861656,23.476543800861656,12
2023-07-26,23.672044305321453,23.684842661542156,23.672044305321453,23.684842661542156,2
2023-07-28,23.28072692491631,23.465049243334132,23.04409171075838,23.044603977874544,2920
2023-07-31,23.09200425180111,23.09200425180111,22.893199345641506,23.046527940144962,28
2023-08-01,23.03781117895726,23.05667536163149,22.72949959174151,22.801824988301355,469
2023-08-02,22.700116686114352,23.366706875753916,22.700116686114352,23.15058654536749,403
2023-08-03,23.186997721002758,23.472828723920426,22.63651277243965,22.66713581984518,326
2023-08-04,22.666432255039854,22.778949835911863,22.412837681828677,22.55900476688757,177
2023-08-07,22.46982358402971,22.700293255131964,22.46982358402971,22.700293255131964,232
2023-08-08,22.62177985948478,23.055456171735244,22.62177985948478,22.801703738760057,322
2023-08-09,22.438343415542114,22.438343415542114,21.87335695508058,21.87335695508058,272
2023-08-10,21.989696622781914,22.154113557358055,21.920522217132387,22.10660191929703,31
2023-08-11,22.07190596911731,22.126529669822208,21.96073929514407,21.96073929514407,23
2023-08-14,22.0855986119144,22.26243287415363,22.071081268812225,22.116432796010667,15
2023-08-15,22.12852337315857,22.257799671592775,21.993297896926276,22.24439488202841,35
2023-08-16,22.321847163619317,22.700432069131065,22.321847163619317,22.700432069131065,11
2023-08-17,22.570917759237187,22.570917759237187,22.383271949625758,22.383271949625758,79
2023-08-18,22.43595825426945,22.43595825426945,22.24328780028262,22.273478055686645,7
2023-08-21,22.157734612684298,22.157734612684298,22.157734612684298,22.157734612684298,1
2023-08-22,22.41481306199716,22.543380080817684,22.41481306199716,22.543380080817684,10
2023-08-23,23.174757281553397,23.20498849739678,22.96145559013646,22.96145559013646,14
2023-08-24,23.182037662964753,23.182037662964753,23.182037662964753,23.182037662964753,4
2023-08-25,22.719526627218933,22.719526627218933,22.719526627218933,22.719526627218933,1
2023-08-28,22.540597787714756,22.707397778303,22.53529411764706,22.707397778303,8
2023-08-30,22.542234649889316,22.79868683315746,22.542234649889316,22.68970347886995,26
2023-08-31,22.437110546965155,22.437110546965155,22.388575377173787,22.41864758827602,3
2023-09-01,22.278076088198333,22.278076088198333,21.948596014492754,21.948596014492754,3
2023-09-05,21.824858757062145,21.824858757062145,21.148693169338895,21.387315339331334,13
2023-09-06,21.43350412118512,21.512642649362274,21.134884746884303,21.13721597176263,21
2023-09-07,21.257882509127114,21.307726465364123,21.257610981955054,21.298167684619656,10
2023-09-08,21.306755260243634,21.34214031971581,21.16591434548057,21.16591434548057,12
2023-09-11,21.304443953128455,21.304443953128455,21.09991235758107,21.297895902547065,25
2023-09-12,21.13313511727783,21.13313511727783,20.990793511617714,20.990793511617714,2
2023-09-13,20.620682210708118,20.761223162003905,20.620682210708118,20.761223162003905,5
2023-09-14,20.414074232997212,20.489089541008276,20.367757109258072,20.367757109258072,4
2023-09-15,20.594218415417558,20.632694572315597,20.5504,20.5504,4
2023-09-18,20.405677364685946,20.42332521959996,20.32496307237814,20.42332521959996,8
2023-09-19,20.342905227726938,20.342905227726938,20.342905227726938,20.342905227726938,1
2023-09-20,20.754696725711216,20.754696725711216,20.710681696188942,20.710681696188942,2
2023-09-21,20.786516853932582,20.786516853932582,20.786516853932582,20.786516853932582,1
2023-09-26,20.563471502590673,20.571212612028937,20.563471502590673,20.571212612028937,8
2023-09-28,19.389399731377207,19.64221635883905,19.19450707112113,19.545978819335218,1381
2023-09-29,19.420576302923127,19.450503355704697,19.417373991407313,19.417373991407313,13
2023-10-02,19.88538062283737,20.228881026094648,19.65154926557307,20.17784159946979,183
2023-10-03,20.269998884302133,20.269998884302133,19.995612591861356,19.995612591861356,25
2023-10-04,20.05068312031732,21.149906890130353,20.04632182640344,21.149906890130353,253
2023-10-05,21.206456107756615,21.563941795812138,21.08552250896887,21.342967923863235,253
2023-10-06,21.60332541567696,21.772965254640646,21.511269276393833,21.680672268907564,342
2023-10-08,21.288272674754477,21.44695652173913,21.06528426569443,21.06528426569443,3
2023-10-09,21.15125185777981,21.348574067659623,21.03236098450319,21.12939841089671,145
2023-10-10,21.211705532693184,21.272497993809466,21.06112247216542,21.247857387727116,39
2023-10-11,21.409757214841964,21.87617041198502,21.36784367500857,21.717300556586274,19
2023-10-12,21.908156111240945,21.987824865371106,21.46363844918559,21.80056048575432,28
2023-10-13,21.327828609685337,21.47400133898683,21.21218787812122,21.21328786712133,26
2023-10-16,21.098961784846473,21.27735199377985,21.098961784846473,21.271637816245004,36
2023-10-17,21.420619015809397,21.646053519226445,21.357887730197472,21.572756805197717,16
2023-10-18,21.180973209404044,21.47433084686266,21.180973209404044,21.29617486338798,6
2023-10-19,21.37896934402813,21.6772327883439,21.13609594174965,21.13609594174965,81
2023-10-20,21.3227854913357,21.406047516198704,21.200256739409497,21.406047516198704,26
2023-10-23,21.621444201312908,21.902541902541902,21.528412802090138,21.812050856826975,11
2023-10-24,21.90973766118275,22.482625042725306,21.90973766118275,22.482625042725306,8
2023-10-25,22.31631382316314,22.56022727272727,21.98710824627695,21.98710824627695,50
2023-10-26,22.428893905191874,22.428893905191874,22.40778456664404,22.40778456664404,8
2023-10-29,22.27272727272727,22.27272727272727,22.27272727272727,22.27272727272727,1
2023-10-30,22.603516732841747,22.753243796949693,22.603516732841747,22.71590909090909,15
2023-11-01,22.99826689774697,23.346698113207548,22.848429048221888,23.346698113207548,21
2023-11-02,23.09147898769445,23.38777908343126,23.07378482340599,23.075579364155118,15
2023-11-03,22.925311203319502,22.925311203319502,22.925311203319502,22.925311203319502,1
2023-11-06,23.225352112676056,23.225352112676056,23.222548443922488,23.222548443922488,6
2023-11-07,23.517101171968427,23.685734974656047,23.465121834687054,23.685734974656047,7
2023-11-08,24.047415373334964,24.53174104336895,24.047415373334964,24.422570532915362,33
2023-11-09,24.246541194067056,24.246541194067056,24.194751896530285,24.194751896530285,2
2023-11-10,24.50725362681341,24.50725362681341,23.725058146651975,23.75306823760432,5
2023-11-13,23.677316685028767,23.677316685028767,23.516897641624116,23.5453446191052,14
2023-11-14,23.419108887300453,23.419108887300453,23.419108887300453,23.419108887300453,1
2023-11-15,24.104138523885542,24.104138523885542,24.0,24.017889964465137,6
2023-11-16,24.462285287528005,25.51590879814505,24.27300802964793,25.51590879814505,39
2023-11-17,25.120375063355297,25.120375063355297,24.621409921671017,24.621409921671017,19
2023-11-20,24.38324091189156,24.38324091189156,23.84689805296892,24.067445824202583,42
2023-11-21,24.336185819070906,24.49724433557869,24.236692130471685,24.236692130471685,15
2023-11-22,25.22024485674618,25.350375174869644,25.075566750629722,25.075566750629722,22
2023-11-23,24.59439436967527,24.59439436967527,24.589455488331893,24.589455488331893,4
2023-11-24,24.508791343907536,24.915950691072094,24.508791343907536,24.915950691072094,6
2023-11-27,25.106701609883938,25.106701609883938,25.106701609883938,25.106701609883938,7
2023-11-28,24.84597589187873,24.898829839102877,24.84597589187873,24.898829839102877,2
2023-11-29,25.038447455144635,25.208050376589703,24.566028650535696,24.696933107944943,2788
2023-11-30,24.539678734116517,24.674162737274816,24.10805059699728,24.573185435254402,112
2023-12-01,25.35178061794267,26.270928462709282,25.162241887905605,26.209860935524652,285
2023-12-03,26.194623248769407,26.748712796684668,26.194623248769407,26.703103404950372,42
2023-12-04,26.449622166246847,26.67135370062636,25.45019518952273,25.933307780758913,386
2023-12-05,26.093529788597053,26.226561489719384,25.584432048681542,26.225165562913904,256
2023-12-06,26.226854849151884,27.33872053872054,26.20988612836439,27.301373552383517,347
2023-12-07,27.0994806232521,27.466431574664313,27.01385189131593,27.411256579835335,54
2023-12-08,27.111229661242994,27.122465314834578,26.35177865612648,26.43196202531645,276
2023-12-10,26.517597247949194,26.517597247949194,26.517597247949194,26.517597247949194,2
2023-12-11,26.11212994498297,26.31578947368421,25.959900406237715,26.029701669076093,336
2023-12-12,25.941991115756466,26.968128575320076,25.941991115756466,26.968128575320076,43
2023-12-13,27.02499658516596,27.221611218036845,26.827092064350413,27.183777272118864,256
2023-12-14,27.215544871794876,27.215544871794876,26.336274001037882,26.562255285826154,47
2023-12-15,26.52557777200727,26.63396127681842,26.321749316673174,26.361857552830685,29
2023-12-18,26.26183988581809,26.26183988581809,26.26183988581809,26.26183988581809,2
2023-12-19,25.99409575150815,25.99409575150815,25.820555062729692,25.906150919467347,79
2023-12-20,25.4002493765586,25.648054573016676,25.357587839521553,25.648054573016676,16
2023-12-21,25.569110803672494,25.839240506329112,25.569110803672494,25.772818961169946,44
2023-12-22,25.739703869603083,26.084917617237007,25.739703869603083,25.91499558582419,15
2023-12-26,25.577352868140053,25.577352868140053,25.328161556458568,25.336206896551726,28
2023-12-27,25.484467455621303,25.484467455621303,25.484467455621303,25.484467455621303,1
2023-12-28,26.405793418879433,26.405793418879433,26.405793418879433,26.405793418879433,1
2023-12-29,26.67010575187,26.842378602960274,26.563184335952595,26.836363636363636,14
2024-01-01,26.557271557271555,26.557271557271555,26.557271557271555,26.557271557271555,1
2024-01-02,26.52807982602021,27.158102766798418,26.311173255370537,27.158102766798418,12
2024-01-03,26.339505373559497,26.339505373559497,26.02941176470588,26.02941176470588,6
2024-01-04,25.97579617834395,26.356838984143355,25.899097725250986,26.356838984143355,4
2024-01-05,26.024142312579414,26.024142312579414,26.024142312579414,26.024142312579414,1
2024-01-08,26.328074064415176,26.860465116279066,26.328074064415176,26.736605964634467,9
2024-01-09,26.353398058252427,26.364817461348576,26.01771047227926,26.06017744631606,17
2024-01-10,26.26919602529359,26.45068582625735,26.26919602529359,26.36825645035184,6
2024-01-11,25.903044256843177,25.903044256843177,25.72814294830887,25.72814294830887,3
2024-01-12,25.723150962512666,26.166559897501603,25.60819301331993,26.129650939777523,24
2024-01-15,26.480382034073305,26.480382034073305,26.444673450985448,26.444673450985448,4
2024-01-16,26.034989145702973,26.06839804577012,25.896256547847198,26.06839804577012,5
2024-01-17,25.97594101668607,26.002334024896264,25.97594101668607,26.002334024896264,4
2024-01-18,25.699693564862105,25.738396624472575,25.666284841542574,25.666284841542574,14
2024-01-19,25.652339292506657,25.814189617971824,25.554435483870968,25.554435483870968,29
2024-01-22,25.831309904153354,25.93762033115133,25.831309904153354,25.93762033115133,3
2024-01-23,25.31230519885301,25.31230519885301,25.259148245285377,25.259148245285377,2
2024-01-24,25.420278929513756,25.420278929513756,25.324137931034482,25.324137931034482,3
2024-01-25,24.81623088307844,24.899245889479538,24.81623088307844,24.84307692307692,4
2024-01-26,24.579939209726444,24.579939209726444,24.538059973291247,24.54876715656504,29
2024-01-30,24.513402559768174,25.011059228311627,24.400528592023065,24.621523579201934,2298
2024-01-31,24.663193603101526,24.90136385776912,24.663193603101526,24.90136385776912,34
2024-02-01,25.421912002991398,26.096786485456622,25.016005909874416,26.03395843892549,426
2024-02-02,26.001518410730103,26.376943005181346,25.88049918063784,26.373526745240255,239
2024-02-04,26.149801205591896,26.197689345314505,26.149801205591896,26.197689345314505,6
2024-02-05,26.174996787871002,26.380927566440853,25.93541773449513,25.956410256410255,184
2024-02-06,25.919907881269193,26.009197751660704,25.802155992390617,25.864260294865275,190
2024-02-07,25.753199037121497,25.8609313538891,25.715188273944907,25.715188273944907,61
2024-02-08,25.470987189148453,25.522556390977446,24.84659577068818,24.868533692063107,60
2024-02-09,24.921961410839376,24.947096456692915,24.66268146883006,24.69245789602148,48
2024-02-12,24.749847094801222,24.902033271719038,24.594956754781336,24.594956754781336,84
2024-02-13,24.502117362371443,24.502117362371443,24.032102341298575,24.120140486859636,109
2024-02-14,23.984572737133906,24.370642201834862,23.903903903903903,24.325348325592767,13
2024-02-15,24.437362098553567,24.535183593270293,24.437362098553567,24.446069469835468,6
2024-02-16,24.376899696048632,24.41860465116279,24.00793650793651,24.192576524463725,17
2024-02-19,24.170763880561218,24.170763880561218,24.170763880561218,24.170763880561218,1
2024-02-20,24.30522280785817,24.54303353104951,24.30522280785817,24.54303353104951,210
2024-02-21,24.688983566646378,24.688983566646378,24.688983566646378,24.688983566646378,1
2024-02-22,24.37305202589307,24.37305202589307,24.143078944225486,24.143078944225486,8
2024-02-23,24.28092042186002,24.971806815395933,24.28092042186002,24.925975773889636,11
2024-02-26,24.964408443789885,25.081947011706717,24.758527937400657,24.758527937400657,37
2024-02-27,24.66860535562826,24.66860535562826,24.66860535562826,24.66860535562826,5
2024-02-28,24.481382978723403,24.481382978723403,24.10654959658282,24.35673215141351,74
2024-03-01,24.743092583616093,24.99400479616307,24.69419324131366,24.99400479616307,100
2024-03-04,24.907960793688744,25.566026338045187,24.86919125552503,25.547374773687388,96
2024-03-05,25.583424209378407,25.95467284025832,25.583424209378407,25.94759293113955,89
2024-03-06,25.862068965517242,25.905797101449277,25.701449622618906,25.905797101449277,11
2024-03-07,26.179365658038645,26.266893948618048,25.9951836243227,25.9951836243227,137
2024-03-08,26.263936015511394,26.69545122841158,26.251817741153662,26.516498234506273,10
2024-03-11,26.485665694849374,26.811647622558052,26.479164135584984,26.66015625,79
2024-03-12,26.466593912938038,26.49871904355252,26.194679564691658,26.194679564691658,40
2024-03-13,26.082499095404657,26.082499095404657,25.946657098433203,25.946657098433203,5
2024-03-14,25.385066917116696,25.385066917116696,25.38443479281606,25.38443479281606,2
2024-03-15,25.33044293414577,25.33044293414577,25.262849783397726,25.262849783397726,2
2024-03-18,24.935364727608494,24.935364727608494,24.935364727608494,24.935364727608494,1
2024-03-19,24.859910065721202,24.859910065721202,24.859910065721202,24.859910065721202,2
2024-03-20,24.770926627626594,25.384972709325282,24.770926627626594,25.384972709325282,8
2024-03-21,25.77321990444004,25.77321990444004,25.656224525445438,25.656224525445438,3
2024-03-22,25.3766445453487,25.3766445453487,25.284190788702684,25.284190788702684,9
2024-03-25,25.199163860178842,25.330381074466843,25.11139328177306,25.11139328177306,38
2024-03-27,25.444457423198227,25.623686054660126,25.366531557614362,25.380963408985643,3310
2024-03-28,25.399652978600347,25.437888914496426,25.335547411818602,25.434359620006862,78
2024-03-31,25.677041460893534,25.748620055197794,25.67344126765415,25.748620055197794,18
2024-04-01,25.940742448697257,25.984125158173242,25.477707006369425,25.665108856719478,176
2024-04-02,25.674906025743248,25.743909348441928,25.34323655187936,25.5614133482894,191
2024-04-03,25.53884149079479,25.713646532438478,25.283166109253067,25.684587012406393,120
2024-04-04,25.65115500502176,25.79356145880234,25.13781697905182,25.179181828205977,122
2024-04-05,24.897331722850556,25.61056105610561,24.897331722850556,25.61056105610561,96
2024-04-08,26.015625,26.015625,25.632778940411935,25.80648720211827,158
2024-04-09,25.776773909211105,26.269690537370124,25.7550391012226,26.269690537370124,131
2024-04-10,26.245261984392418,26.2876329043089,25.727694346289752,25.727694346289752,149
2024-04-11,25.843739639739198,26.293651679125293,25.72122282308796,26.29252077562327,51
2024-04-12,26.50210783226093,26.527608719707867,25.877921790185002,25.97938144329897,127
2024-04-14,26.190264996119303,26.210328430830472,26.11074197120709,26.210328430830472,5
2024-04-15,26.09478568272205,26.40735815602837,26.09478568272205,26.394023242944105,101
2024-04-16,26.310154525386313,26.57397107897664,26.295682897206582,26.57397107897664,5
2024-04-17,26.587080218676785,27.136483239903903,26.587080218676785,27.101200686106345,20
2024-04-18,27.107787166019637,27.44786265698813,27.107787166019637,27.359944783158863,5
2024-04-19,26.65664997217585,27.48902748902749,26.65368350767861,27.357501139990884,51
2024-04-21,27.387956791542177,27.387956791542177,27.387956791542177,27.387956791542177,1
2024-04-22,27.209731350167186,27.209731350167186,26.72140560404226,26.7370595661655,20
2024-04-23,26.539609644087257,26.809738086996653,26.32174799049021,26.32174799049021,45
2024-04-24,26.222473178994917,26.459874786568015,26.222473178994917,26.30378022477012,25
2024-04-25,26.184255367488355,26.42149607195719,26.184255367488355,26.39549436795995,33
2024-04-26,26.172110132649653,26.190636577972384,26.162386452842885,26.162386452842885,9
2024-04-29,26.327683615819208,26.548361492232683,26.178022224716575,26.548361492232683,75
2024-04-30,26.213603275705182,26.213603275705182,26.213603275705182,26.213603275705182,1
2024-05-01,26.721541155866895,27.838516746411486,26.701729780271155,27.688165609668545,25
2024-05-02,27.791477136700976,27.791477136700976,27.304399524375746,27.593236599112604,13
2024-05-03,27.29218694256154,27.752985164636353,27.29218694256154,27.752985164636353,28
2024-05-06,27.75812619502868,27.863647256170623,27.728253055355857,27.863647256170623,5
2024-05-07,27.812612181404816,27.812612181404816,27.812612181404816,27.812612181404816,1
2024-05-09,27.81186582308703,27.81186582308703,27.780023781212847,27.79824144486692,3
2024-05-13,28.665370122766504,28.665370122766504,28.179964007198564,28.202787121576165,4
2024-05-14,28.145607701564384,28.61650485436893,28.145607701564384,28.61650485436893,4
2024-05-15,28.483898202870584,28.95771878072763,28.483898202870584,28.89441144381137,12
2024-05-16,28.831498729889923,28.831498729889923,28.831498729889923,28.831498729889923,1
2024-05-17,28.811323017872134,28.811323017872134,28.773225345402576,28.773225345402576,2
2024-05-20,28.924808429118777,29.25885885885886,28.835763805880948,28.98505678421996,18
2024-05-21,29.292259464673258,29.359689546446763,29.292259464673258,29.359689546446763,5
2024-05-22,29.368318756073858,29.368318756073858,29.054665525253764,29.054665525253764,12
2024-05-24,28.76026977314531,28.76026977314531,28.687982359426684,28.687982359426684,18
2024-05-26,28.464068209500613,28.464068209500613,28.464068209500613,28.464068209500613,1
2024-05-27,28.421814671814673,28.46237468293272,28.39783001808318,28.46237468293272,20
2024-05-28,28.24634905434522,28.24634905434522,28.24634905434522,28.24634905434522,2
2024-05-30,27.979640718562877,28.662264612374663,27.860141537723397,28.662264612374663,2565
2024-05-31,28.69006849315068,28.71081839248689,28.518881804806277,28.590719371470662,49
2024-06-02,28.67053450191334,28.676379799975308,28.67053450191334,28.676379799975308,7
2024-06-03,28.507901506798973,30.00383631713555,28.507901506798973,29.979534407776924,397
2024-06-04,30.193224268968187,30.36304489264802,29.869996138499165,29.99484004127967,301
2024-06-05,30.070903699883978,30.398396067779068,29.912742204542536,29.954210124650213,232
2024-06-06,29.96698831894362,29.98221544715447,29.63125,29.689961245155647,61
2024-06-07,29.67309619238477,29.67309619238477,28.77256317689531,28.83115249119275,131
2024-06-09,28.83071113908118,28.83071113908118,28.83071113908118,28.83071113908118,1
2024-06-10,28.730576441102755,28.796831782750814,28.220483989244684,28.220483989244684,37
2024-06-11,28.432239832903303,28.432239832903303,28.031869602238174,28.18935055440478,213
2024-06-12,27.98667474258026,28.369684415742665,27.98667474258026,28.142545982575022,95
2024-06-13,28.092689453837735,28.25879765395894,27.760617760617766,27.767587788101842,47
2024-06-14,28.160486322188447,28.179285281647484,27.926521791331492,28.123036016437034,48
2024-06-17,27.887019230769226,27.887019230769226,27.70179640718563,27.70179640718563,29
2024-06-18,27.439762611275967,27.48051948051948,27.439762611275967,27.48051948051948,16
2024-06-19,27.196589183506603,27.196589183506603,27.196589183506603,27.196589183506603,1
2024-06-20,27.35638921453693,27.54182754182754,27.239049394221805,27.54182754182754,8
2024-06-21,27.148014440433208,27.301587301587304,27.042711234911792,27.301587301587304,10
2024-06-24,27.275181967598026,27.275181967598026,27.05807200929152,27.114132961413294,12
2024-06-25,27.04341752997323,27.28016838166511,27.006280530355895,27.1671354899203,75
2024-06-26,26.92936368943374,27.08801498127341,26.92936368943374,27.02893436838391,3
2024-06-27,27.048987282147902,27.107563221069803,26.881933901669978,27.04958100558659,135
2024-06-28,26.929642445213382,26.966643502432245,26.889248929522047,26.889248929522047,7
2024-07-01,27.14852872489491,27.251112672757085,26.827554429213226,26.83058850627663,40
2024-07-02,26.816924141111368,26.846826126954923,26.598764019226365,26.83512172608746,8
2024-07-03,26.96473841899055,27.197973050788896,26.96473841899055,27.197973050788896,6
2024-07-04,27.120810779684444,27.120810779684444,27.04837230628152,27.04837230628152,2
2024-07-05,27.03877387624385,27.156068044297292,27.03877387624385,27.156068044297292,3
2024-07-08,27.57232122193937,27.57232122193937,27.429470739100022,27.429470739100022,30
2024-07-09,27.648297648297646,27.703051643192488,27.648297648297646,27.703051643192488,2
2024-07-10,27.944024563060935,28.217939566975968,27.933309767880285,28.15349994077934,13
2024-07-11,27.749650023331775,28.35548758969533,27.749650023331775,28.156053184044787,36
2024-07-12,27.901406813161262,28.061045491755348,27.805813953488375,28.061045491755348,5
2024-07-15,28.652281570569507,28.706104171576715,28.606538099717774,28.616507712233602,18
2024-07-16,28.930862437633643,29.274425287356323,28.90485805915192,29.2405514618493,49
2024-07-17,29.39166666666667,29.39166666666667,29.061911487758948,29.061911487758948,3
2024-07-19,28.4870979144574,28.4870979144574,28.342391304347828,28.342391304347828,5
2024-07-22,28.930507045646152,28.930507045646152,28.930507045646152,28.930507045646152,3
2024-07-23,29.130593385214006,29.130593385214006,28.975012130033964,29.098837209302324,23
2024-07-24,29.636430407638635,29.636430407638635,29.4600537503054,29.4600537503054,2
2024-07-25,29.286863934629196,29.29049034175334,29.286863934629196,29.29049034175334,10
2024-07-26,28.82767846284811,29.479990118577074,28.82767846284811,29.479990118577074,86
2024-07-30,29.879412134154,30.626512160957596,29.82160804020101,30.43851889296095,3004
2024-07-31,30.105958613812017,30.105958613812017,29.929464175225835,30.024801587301585,10
2024-08-01,30.1276230212296,30.567055576464686,29.824518345809306,30.469178936860498,260
2024-08-02,30.633337489091137,32.059128630705395,30.60798209623275,31.5067785668173,279
2024-08-04,31.436663233779605,31.436663233779605,31.436663233779605,31.436663233779605,1
2024-08-05,31.595938557667274,32.203141640042595,31.237113402061855,31.3543430134132,120
2024-08-06,31.135331516802907,31.67633104902478,30.948242314178234,31.2732512444328,76
2024-08-07,31.12762351714249,31.14092211513415,30.45338441890166,30.460517923204492,78
2024-08-08,30.76735531887591,30.847934518480624,30.511786209504603,30.511786209504603,93
2024-08-09,30.571356339274427,30.694374049670554,30.411130609175228,30.46782892261382,52
2024-08-12,30.44936788083615,30.47476261869065,30.064547558153695,30.162432828529553,196
2024-08-13,30.084279956027846,30.594795539033456,29.934250578351396,30.51113861386139,147
2024-08-14,30.431565967940816,30.641604010025063,30.25925925925926,30.641604010025063,175
2024-08-15,30.637952559300874,30.681337809275142,30.129789864029664,30.39108910891089,165
2024-08-16,30.363726339230485,31.40495867768595,30.346534653465348,31.40495867768595,157
2024-08-18,31.46907539831891,31.49760885980368,31.46907539831891,31.49760885980368,3
2024-08-19,31.483627204030228,32.20048899755502,31.435793731041453,32.20048899755502,13
2024-08-20,32.35476775779531,32.54823255211705,32.29579445225617,32.52006212787988,21
2024-08-21,32.45024554148359,33.01483134269589,32.287556415215995,33.01483134269589,14
2024-08-22,32.901064249113126,32.901064249113126,31.997680113416674,32.19641930461858,45
2024-08-23,32.26258432797094,32.26258432797094,31.829673135852914,31.83034008406572,7
2024-08-25,31.614812948734098,31.614812948734098,31.614812948734098,31.614812948734098,1
2024-08-26,31.5836365917932,31.5836365917932,30.852342408633795,30.975249353527893,10
2024-08-27,30.98380917068348,31.683205627433743,30.98380917068348,31.66164658634538,24
2024-08-29,31.907610078900486,32.16890595009597,31.181649101053935,31.685280461789436,51
2024-08-30,31.842372022301063,31.842372022301063,31.842372022301063,31.842372022301063,1
2024-09-02,32.78469401126982,32.78469401126982,32.321128218398236,32.321128218398236,5
2024-09-03,32.898799313893655,33.78697421981004,32.898799313893655,33.76917854718262,4
2024-09-04,33.93377844392969,34.32544052863436,33.45444758444355,34.32544052863436,13
2024-09-05,34.400492745688474,34.400492745688474,34.02904057538336,34.02904057538336,4
2024-09-06,34.27498634625888,35.12515910055155,34.158496732026144,35.12515910055155,6
2024-09-09,34.84335664335664,34.88154960981048,34.747951673378694,34.821354094258304,9
2024-09-11,36.03595890410959,36.03595890410959,35.46506704304869,35.65180346492473,61
2024-09-12,35.50112296462662,35.81048783916772,35.10556092176073,35.36683277962348,36
2024-09-13,35.44639161032151,35.86902113459399,35.28198074277854,35.86902113459399,17
2024-09-17,35.333242096619685,35.392965100302284,35.333242096619685,35.3660211509408,8
2024-09-18,35.02678939414754,35.0693395578745,35.02678939414754,35.0693395578745,3
2024-09-19,34.538750335210516,34.612812625384514,34.538750335210516,34.612812625384514,9
2024-09-20,34.6449110605858,35.215580926796505,34.6449110605858,35.215580926796505,9
2024-09-24,34.92175066312997,35.41705467606758,34.78811881188118,35.41705467606758,11
2024-09-25,35.954250135354634,36.21102791014295,35.692204301075265,36.21102791014295,48
2024-09-26,37.53950338600452,37.60525572195535,37.53950338600452,37.60525572195535,4
2024-09-27,37.405329593267886,37.513384051845584,36.72361111111111,36.72361111111111,623
2024-09-30,36.47583745194948,36.951423785594635,36.47583745194948,36.72793093845726,41
2024-10-01,37.32551568239616,37.559245068823614,35.7487922705314,35.811102128806255,86
2024-10-02,35.2989745638567,35.53162853297443,35.00989576461274,35.53162853297443,19
2024-10-03,35.540613232920926,35.540613232920926,34.38562345919294,34.38562345919294,7
2024-10-04,34.39654059635988,34.39654059635988,33.430988761207225,33.469465166266275,19
2024-10-06,34.119541414401645,34.119541414401645,34.119541414401645,34.119541414401645,1
2024-10-07,34.104544869318914,34.104544869318914,32.56903353057199,32.5881627620222,23
2024-10-08,32.84380833851898,34.01512188762874,32.84380833851898,33.541185527328714,26
2024-10-09,34.358500527983104,34.358500527983104,33.950006509569064,33.950006509569064,4
2024-10-10,33.593649154511425,33.593649154511425,32.989833061378185,32.989833061378185,4
2024-10-11,33.66466760239888,33.676675535284424,33.486609398686205,33.66298972993533,10
2024-10-13,33.91237705965002,33.91237705965002,33.91237705965002,33.91237705965002,5
2024-10-14,33.99871959026889,33.99871959026889,33.99871959026889,33.99871959026889,2
2024-10-17,35.86123761050094,36.46963123644252,35.86123761050094,36.427894380501016,13
2024-10-18,37.132714363735666,37.132714363735666,37.132714363735666,37.132714363735666,1
2024-10-20,37.179347083731734,37.179347083731734,37.179347083731734,37.179347083731734,1
2024-10-21,37.25249214802676,37.25249214802676,36.68912545479046,36.715269339813695,11
2024-10-22,36.53923272289801,36.547253041037294,36.02343030143477,36.21258077278122,65
2024-10-23,36.199841605068634,36.64127238706229,36.19898639637236,36.19898639637236,6
2024-10-24,36.169648774022534,36.83990844217046,36.169648774022534,36.83990844217046,2
2024-10-25,36.574074074074076,36.574074074074076,36.10026385224275,36.141275698471276,9
2024-10-28,38.22178661439373,38.25356842989085,38.14297682211673,38.25356842989085,9
2024-10-30,38.93467900196243,38.94515948517068,38.22237474262183,38.38794052863436,31
2024-10-31,37.335427478830916,37.335427478830916,37.335427478830916,37.335427478830916,3
2024-11-01,37.048054919908466,37.370577789919416,37.003222341568204,37.340614334470985,35
2024-11-04,36.43808255659121,36.494199226563545,36.43808255659121,36.43808255659121,4
2024-11-05,36.29747254201403,36.33823334657661,36.29747254201403,36.33823334657661,11
2024-11-06,36.55259991979682,36.90121786197564,35.30628480509149,35.41306372222961,22
2024-11-07,35.859238325931905,36.29843918191604,35.859238325931905,36.210088543064124,179
2024-11-08,35.780500799147575,36.45270728728457,35.68692645298577,36.45270728728457,22
2024-11-11,36.64638362605449,36.64638362605449,36.3515201999167,36.44874113228544,18
2024-11-12,36.37950293214186,36.37950293214186,35.861687413554634,35.99445599445599,86
2024-11-13,36.24895804390108,36.72676056338028,35.65103448275862,35.65103448275862,21
2024-11-14,35.576441102756895,35.58287292817679,34.97880486804321,35.58287292817679,27
2024-11-18,36.31637943113353,36.40609704936372,35.56327475820733,35.56327475820733,12
2024-11-19,35.807245386192754,35.97125256673511,35.684010324684145,35.97125256673511,3
2024-11-20,35.82971211298207,35.82971211298207,35.82971211298207,35.82971211298207,3
2024-11-21,36.37395705101901,36.40438656614119,35.95546558704454,35.95546558704454,4
2024-11-22,36.186372205763526,36.26533638937576,35.96360738477885,36.015147488705814,31
2024-11-25,35.80709711846318,36.0714769189116,35.54658050619278,35.54658050619278,13
2024-11-26,36.18522601984564,36.18522601984564,36.18522601984564,36.18522601984564,1
2024-11-27,36.112788144895724,36.53755706183428,36.053497942386834,36.149732620320854,14421
2024-11-28,36.158813023766996,36.41959972394755,36.006259355014286,36.105867870332375,240
2024-11-29,36.405416495691426,36.64464629782549,36.157306434023994,36.301163586584536,172
2024-12-01,36.83771380892783,36.83771380892783,36.71610756861658,36.71610756861658,21
2024-12-02,36.61297042077489,36.89019279128248,36.27935893893341,36.7590143394125,113
2024-12-03,36.7218589119243,36.7218589119243,35.86534545948147,35.8682959945689,389
2024-12-04,35.882033161185106,36.653309382340744,35.719507242452956,36.653309382340744,150
2024-12-05,36.635359116022094,36.674968866749694,36.319933692498964,36.39883833494675,168
2024-12-06,36.354166666666664,37.12112676056338,36.354166666666664,37.12112676056338,43
2024-12-09,37.0794096978215,37.13352785883007,36.826537664132694,36.98346533277754,489
2024-12-10,36.99847073543723,37.41070187630299,36.977260122018855,37.16017077537529,102
2024-12-11,37.40173769135291,37.58767707330491,37.03536184210527,37.085768655702054,250
2024-12-12,36.95551939246,37.00572675211344,36.47394136807817,36.483143012506794,735
2024-12-13,36.59765731408336,36.62351819048917,35.599731363331095,35.599731363331095,638
2024-12-16,35.84063637589322,35.99054054054054,35.77981651376147,35.77981651376147,35
2024-12-17,35.933604336043366,36.322092222986925,35.89492309786307,36.322092222986925,125
2024-12-18,35.91335053646612,35.98558999456226,35.405183052241874,35.405183052241874,47
2024-12-19,35.49883673190092,35.73561643835616,35.26065707303829,35.63866355011687,116
2024-12-20,35.95500966050235,36.32769145394007,35.95445134575569,36.009589041095886,319
2024-12-23,35.951566561773156,36.31147540983606,35.95070907338565,35.95070907338565,6
2024-12-24,35.628579220070904,35.64494136896646,35.474442631865145,35.50509857239973,8
2024-12-26,35.490143127194166,35.490143127194166,35.490143127194166,35.490143127194166,6
2024-12-27,35.47018970189702,35.47018970189702,35.375878853434294,35.375878853434294,2
2024-12-30,35.313174946004324,35.341170112147005,34.87268828732243,34.92210582863283,60
2024-12-31,35.057192840802045,35.240648880546985,34.8928475756764,35.159909005754045,142
2025-01-02,34.809611344537814,35.0625905916458,34.747316051322336,35.0625905916458,10
2025-01-03,34.996709227326576,34.996709227326576,34.489556135770236,34.49810729669756,27
2025-01-06,34.533053515215116,34.69683019860582,34.02051148903025,34.6031746031746,128
2025-01-07,34.450792002077385,34.624413145539904,34.44920202413391,34.5623618155807,10
2025-01-08,34.38512375275366,35.12531163889254,34.38512375275366,35.07876082961407,111
2025-01-09,35.25884838880085,35.25884838880085,34.777532753923985,34.78114478114478,127
2025-01-10,33.735560020090404,34.50471097529921,33.65985200050169,34.225973044464034,19
2025-01-12,33.57859531772575,33.57859531772575,33.549504950495056,33.549504950495056,14
2025-01-13,33.45474749969132,33.45474749969132,33.16746529057624,33.225886436895614,238
2025-01-14,33.16298685189779,33.54419302412801,33.1397077037404,33.44488678775815,227
2025-01-15,33.53439680957129,33.81065532766384,33.49222153080274,33.64314115308151,205
2025-01-16,33.40303252629004,33.77717725095197,33.36099585062241,33.77717725095197,64
2025-01-17,33.47198434059212,34.024978360331396,33.40864680019541,34.024978360331396,49
2025-01-20,34.13300186451212,34.13994531444196,33.88709276299428,34.07875,41
2025-01-21,34.15959040959041,34.76268826730793,34.15959040959041,34.636730575176585,284
2025-01-22,34.81074943224829,34.92224048552282,34.62694041061592,34.745656006043816,485
2025-01-23,35.105571101500885,35.295245398773005,34.66641442804893,35.1244918699187,620
2025-01-24,35.50674373795761,35.7007551516703,35.27330374128092,35.49770290964778,409
2025-01-27,35.44462979597074,35.61679448849603,35.16393442622951,35.61679448849603,6
2025-01-28,35.46017813347102,35.686198421937654,35.257969530149786,35.686198421937654,186
2025-01-30,36.144421272158496,36.7613933996857,36.11704900938478,36.69522326064382,3055
2025-01-31,36.66536813400857,37.03829564762776,36.56046814044213,36.590257879656164,37
2025-02-02,36.6762103071317,36.90754098360655,36.55552672548002,36.72163329407146,86
2025-02-03,36.81068342498036,37.68831514506255,36.51360544217687,37.39872915011914,1424
2025-02-04,37.45394300861498,38.267780172413794,37.128867998433215,37.51446607048921,900
2025-02-05,37.41639344262295,38.474916387959865,37.39495798319328,38.34515999464453,2050
2025-02-06,38.30239081073861,38.53908355795148,37.98060316195032,38.53908355795148,1164
2025-02-07,38.58277254374159,38.744298363294874,38.2672737011248,38.45555704518032,679
2025-02-09,38.41985244802146,38.41985244802146,38.41985244802146,38.41985244802146,1
2025-02-10,38.300705819683046,38.71934968017057,38.2193582325092,38.48177871332719,321
2025-02-11,38.51408265332982,38.680263157894736,37.469895118477275,37.82331511839708,633
2025-02-12,37.825860271115744,38.788,37.64752163650669,38.788,360
2025-02-13,39.0721373022258,39.448340976530886,38.953116675546084,39.08183632734531,510
2025-02-14,39.050784365860146,39.10745118873688,38.45331908641645,38.50949959860851,661
2025-02-16,38.68636668905305,38.74327956989247,38.67833109017497,38.67833109017497,51
2025-02-17,38.66541353383459,38.843729040912145,38.53434504792332,38.53434504792332,264
2025-02-18,38.5932518597237,38.861767046962065,38.5932518597237,38.74901029295329,106
2025-02-19,38.65693238621415,38.65824782951855,38.186319218241046,38.470139436990266,319
2025-02-20,38.74293970839354,38.963607594936704,38.20985234548543,38.350703491401774,158
2025-02-21,38.327881721836974,39.51081843838194,38.31189288527172,39.445938676707904,251
2025-02-24,39.55444878180105,39.73351278600269,39.31690329493705,39.45418060200669,231
2025-02-25,39.082324777231015,39.95327102803738,39.082324777231015,39.80884762424905,394
2025-02-26,40.05361561726698,40.1225388957731,39.88648796498906,40.1225388957731,178
2025-02-27,39.88829127016963,39.88829127016963,38.866369409539246,38.876738220602135,167
2025-02-28,39.00000000000001,39.00000000000001,38.924171913495755,38.924171913495755,5
2025-03-03,39.00366997417426,40.552043826380114,39.00366997417426,40.34646549315451,151
2025-03-04,41.20101853161692,41.65265707365722,40.94554664415366,41.14092064388591,265
2025-03-05,41.193566591422126,42.18682114409848,41.193566591422126,42.18682114409848,445
2025-03-06,41.68532873959231,42.37403804268912,41.68532873959231,41.910387552225906,63
2025-03-07,41.72324510932106,41.72324510932106,40.961322869955154,41.34205288598237,59
2025-03-09,41.33077687828433,41.33077687828433,41.33077687828433,41.33077687828433,1
2025-03-10,41.70982973243668,41.71155516941789,41.29114642451759,41.71155516941789,34
2025-03-11,41.92296511627907,41.92468017823775,41.49272882805817,41.78366762177651,128
2025-03-12,41.81530949303461,41.81530949303461,41.165652850473904,41.34553131597467,204
2025-03-13,41.736484574016416,42.69181311615945,41.736484574016416,42.59100642398287,49
2025-03-14,42.617421007685735,42.79902940336854,42.32130219391365,42.34527687296417,614
2025-03-17,42.14456812737777,42.1516133577568,41.961414790996784,41.961414790996784,129
2025-03-18,42.332394366197185,43.14054284496234,42.09596662030597,43.14054284496234,189
2025-03-19,43.33952557873678,43.33952557873678,42.73905083791015,43.04317155756208,77
2025-03-20,42.864378165447384,43.063624769732186,42.28340981782784,42.28340981782784,30
2025-03-21,41.97676027113017,42.05316350546864,41.779039180395955,41.92766075388027,29
2025-03-24,41.77786987152922,41.77786987152922,41.24022499657018,41.24022499657018,20
2025-03-25,41.66299559471366,41.66299559471366,41.48148148148148,41.48148148148148,12
2025-03-26,41.19516501426049,41.19516501426049,40.87586300257208,40.87586300257208,15
2025-03-27,41.51991330262802,41.51991330262802,41.50751726940268,41.50751726940268,2
2025-03-28,41.43802322441264,42.18251261765107,41.43802322441264,42.03867629034454,3406
2025-03-31,42.03292965029256,42.43617599130907,41.72819689673622,41.75762439807384,118
2025-04-01,41.9673665908787,42.11600429645542,41.56400642742367,41.94489247311827,621
2025-04-02,41.98144911950531,43.57919361497179,41.44904458598726,43.55038546255506,1241
2025-04-03,43.402415591545434,44.98994830557151,42.631795152676986,44.57969354145783,2273
2025-04-04,44.409955657273635,48.19847802453797,44.34097421203439,45.86191267563076,1420
2025-04-06,47.164505546008435,47.44901160966426,46.96534498907274,47.12638230647709,70
2025-04-07,46.97401774397972,48.08703969392635,44.95021548521325,46.115599751398385,1641
2025-04-08,46.018447348193696,48.603736479842674,46.01753576372865,48.603736479842674,459
2025-04-09,49.79821369500496,51.93827369849076,46.50121802679658,47.147220525351244,328
2025-04-10,48.16651220265679,50.46492921492922,47.86724031960664,49.82688070506767,56
2025-04-11,50.548857868020306,51.23691722169362,49.65814598090545,49.97681249033854,226
2025-04-13,49.28724708767628,49.28724708767628,49.28724708767628,49.28724708767628,1
2025-04-14,49.9969030659647,49.9969030659647,48.88685574870387,49.29034248688677,120
2025-04-15,49.22652779905039,49.91464928615767,49.22652779905039,49.91464928615767,2
2025-04-16,50.20981178648566,51.4272373540856,50.19274548489907,50.666464707664346,94
2025-04-17,49.93207547169811,50.046637580863546,48.61111111111111,49.01818719503179,58
2025-04-21,50.4572624028691,51.98448905109488,50.4572624028691,51.48830188679245,35
2025-04-22,52.00180072028812,52.26570700254911,48.65717640152627,48.865373309817755,217
2025-04-23,48.92253417609878,49.93759512937595,48.26855639976622,49.702715000758374,69
2025-04-24,50.24633519721929,50.54759390556645,49.65465465465466,50.022563176895304,32
2025-04-25,50.07757833891086,50.117217232455474,49.3848246674728,49.429003021148034,15
2025-04-29,50.70439677468431,51.88193034515071,50.62165058949625,51.88193034515071,38
2025-04-30,51.55237496067946,52.17865612648222,51.30666666666667,52.07174462705436,18
2025-05-01,53.09539366220189,54.097864469480406,52.196550602017574,52.45307654643382,80
2025-05-02,51.75043880644646,52.83463287849253,51.748564135290366,52.75642074267953,25
2025-05-04,54.479166666666664,54.574217435207004,54.479166666666664,54.574217435207004,4
2025-05-05,55.06623641304348,55.491281019450035,54.22865701447828,54.90296898324763,53
2025-05-06,55.117916803144446,55.373525557011796,54.01085741657352,54.19163595577632,161
2025-05-07,54.23636654405885,55.15901639344262,53.93233322693904,55.15901639344262,24
2025-05-08,55.17578125,55.17578125,52.251350492532566,52.26495726495726,27
2025-05-09,52.29866835764109,52.668561503237015,51.8921032056294,52.0303456905991,103
2025-05-11,50.9654313298038,51.021966038323725,50.9654313298038,51.021966038323725,11
2025-05-12,50.65911910669975,50.65911910669975,48.52384557153672,49.86106823093547,315
2025-05-13,50.14669549104385,50.14669549104385,48.938572719060524,48.94475387626072,21
2025-05-14,48.68115285951411,49.08842297174112,47.86749169936613,47.86749169936613,145
2025-05-15,48.73182802350758,50.0373599003736,48.53991922957441,49.95512225317239,135
2025-05-16,50.00154894671623,50.03581438804111,48.87901990811639,48.87901990811639,175
2025-05-19,49.97682323856613,50.11597340343281,49.42031202202509,49.42031202202509,7
2025-05-20,49.062642889803385,50.42294678560443,48.963991455599626,49.25449101796407,139
2025-05-21,50.0317508315694,50.94461538461539,49.631246237206504,50.94461538461539,279
2025-05-22,51.57395898073338,51.746950265874254,51.209201119055024,51.27006389278479,37
2025-05-23,52.07824726134586,52.6875294857682,51.53345724907063,52.63901979264845,34
2025-05-26,51.63035079585845,51.63035079585845,51.63035079585845,51.63035079585845,1
2025-05-27,51.24980712852955,51.329084408518575,51.108203786362935,51.195280968643274,97
2025-05-29,49.851432072292845,51.94609840175493,49.49727437916414,51.73112913287586,2310
2025-05-30,51.50760068954709,51.861852433281,51.15871774824081,51.45050125313283,18
2025-06-01,51.89516763733669,51.89516763733669,51.63434469815452,51.879699248120296,32
2025-06-02,51.62554653341661,52.32761310452418,51.28401100580862,52.0626631853786,476
2025-06-03,51.56499080318823,51.93916936853482,50.81155015197569,51.06707317073171,1074
2025-06-04,50.99026467903864,52.15003866976024,50.93175254597963,52.09363411619283,83
2025-06-05,51.87548158421944,52.15912588488766,51.07377424774706,51.405604042259995,270
2025-06-06,51.67895545314901,51.708743842364534,49.78188929001203,49.78188929001203,41
2025-06-08,49.78378378378379,49.840529562208516,49.750338396751395,49.7595431319507,7
2025-06-09,49.85707838122461,50.23118766999093,49.5034607282576,49.6807875894988,49
2025-06-10,49.114978432247504,49.987995198079226,48.990420044215185,49.987995198079226,37
2025-06-11,50.01502855425308,50.01502855425308,47.98391728891441,48.0237890513041,120
2025-06-12,48.140732265446225,49.26690909090909,48.12008577555397,48.678838412880964,59
2025-06-13,46.43996183726318,46.878517501715855,44.31941221964424,45.93950749464668,142
2025-06-16,46.0144539614561,47.63109798959652,45.72922252010724,46.49636039005631,32
2025-06-17,45.69450047061987,46.3653793481238,44.55621301775148,44.55621301775148,18
2025-06-18,44.414851744948834,44.99071371716636,43.85699508663046,44.07465618860511,38
2025-06-19,43.60275933879995,43.723860241589826,42.846046097032975,42.846046097032975,16
2025-06-20,43.40139570948566,44.22627641422759,43.26398759529655,43.54784410203288,72
2025-06-23,42.49873737373737,49.28089228059876,42.49873737373737,49.28089228059876,17
2025-06-24,48.57453596287703,49.008557096488644,47.95105705183898,49.008557096488644,29
2025-06-25,48.872823841841246,49.11825420230021,48.704275011018076,49.11825420230021,19
2025-06-27,48.16676436107855,48.44674556213018,47.68397951719093,48.43125647476691,31
2025-06-30,48.552592592592596,48.719124389883156,48.427431274017145,48.719124389883156,58
2025-07-01,49.78665865384615,50.210716435882,49.55746955746955,49.55746955746955,145
2025-07-02,49.53131974408571,49.53131974408571,49.113719735876735,49.113719735876735,13
2025-07-03,48.790840140023334,49.04449307075128,48.30068204904949,48.52906806894538,45
2025-07-04,48.61090909090909,49.16752615293944,48.61090909090909,48.83499413833529,107
2025-07-07,48.660385691152655,48.660385691152655,47.874208405296486,48.18996674859043,84
2025-07-08,48.10561246573366,48.17945383615085,46.87100893997446,46.87100893997446,183
2025-07-09,46.78424121746551,47.372043010752684,46.68798862828714,47.26183685111238,94
2025-07-10,47.25990310629808,48.33794610342316,47.20238941829043,48.246658919233006,152
2025-07-11,48.4154673644425,48.62516401807843,47.734696776026134,47.75835110163469,101
2025-07-14,47.77919682134242,48.32708393423709,47.13183730715288,48.32708393423709,93
2025-07-15,48.546934030805005,48.546934030805005,48.508375819373626,48.508375819373626,3
2025-07-16,48.52018588440313,48.947445255474456,48.52018588440313,48.947445255474456,5
2025-07-17,48.29204313611192,48.64001167371954,48.04141501294219,48.04141501294219,14
2025-07-18,47.709018150635984,47.97591743119266,47.709018150635984,47.86908675146491,5
2025-07-20,48.316988751081624,48.316988751081624,48.26970177207895,48.26970177207895,2
2025-07-21,48.508215624099165,49.734655197550666,48.468727534148094,49.184853302500365,27
2025-07-22,49.36900261703983,50.175182481751825,49.36900261703983,49.98400930367786,29
2025-07-23,49.94327272727273,50.38738077769626,49.45847321558896,49.56204379562044,25
2025-07-24,48.67717218447304,48.67717218447304,48.67717218447304,48.67717218447304,1
2025-07-25,48.26093231346514,48.564551422319475,48.26093231346514,48.564551422319475,30
2025-07-28,47.52751179076747,47.52751179076747,47.416535320246446,47.416535320246446,5
2025-07-30,45.820710548058386,46.3581881533101,44.46091094493542,44.58991825613079,1909
2025-07-31,45.15334063526834,45.44939942012978,45.00818330605565,45.42557594150918,107
2025-08-01,45.84216397099833,48.3731644111719,45.655498401223404,48.2842362408392,949
2025-08-03,48.884537278793154,48.884537278793154,48.5062779621879,48.5062779621879,9
2025-08-04,48.30405989058451,49.734175356146274,47.961692395654666,49.10664920704205,126
2025-08-05,49.334892559567315,50.05474992601361,49.14980944004691,49.96748448122968,71
2025-08-06,49.65907421013961,50.76761303890642,48.93434269908284,50.74035140411473,271
2025-08-07,50.45035671819263,51.85944804705173,50.357725990797086,51.670180722891565,169
2025-08-08,51.84666365416478,52.28305627573586,51.023422348202295,51.474591651542646,758
2025-08-11,51.216891176025435,51.216891176025435,50.07621040047818,50.2893119472343,117
2025-08-12,50.155595451825256,50.64974312481112,50.137559808612444,50.62273276904474,188
2025-08-13,50.94494160473229,51.61751152073733,50.72765700483092,51.61751152073733,8
2025-08-14,50.80157886746622,50.92564491654021,49.87265917602996,50.0,178
2025-08-15,50.11246063877643,50.502573418104745,50.11246063877643,50.502573418104745,75
2025-08-17,50.753654080389765,50.753654080389765,50.753654080389765,50.753654080389765,1
2025-08-18,50.70443872140584,50.969613681478094,50.54205043031858,50.91575091575092,361
2025-08-19,50.14457831325301,50.81306990881459,50.14457831325301,50.32013351539979,254
2025-08-20,50.104041013269004,50.34654211240018,49.893393393393396,49.910434393193015,80
2025-08-21,49.49851632047477,50.0149543891132,49.40017772511849,49.62759643916914,51
2025-08-22,49.455671928012976,50.01036422860526,49.33745583038869,49.796370075254536,249
2025-08-25,49.413145539906104,49.413145539906104,48.933855526544825,49.009152985616744,119
2025-08-26,49.34112490869248,50.46055563809241,49.34112490869248,50.46055563809241,69
2025-08-27,50.44550044550044,50.44550044550044,50.03253956515308,50.254663902872366,27
2025-08-28,50.26576111029086,50.80676256858965,50.26576111029086,50.52825734100635,54
2025-08-29,50.35551638019686,50.87876561351948,50.35551638019686,50.87876561351948,3
2025-09-01,51.885977969633814,52.13446378105012,51.17001025040269,51.34223265365997,299
2025-09-02,51.455076698319935,51.582786287381474,50.634026574234554,51.24837451235371,10
2025-09-03,51.54046997389034,53.167085984904546,51.54046997389034,53.06700266824786,38
2025-09-04,52.888855780691294,53.569180032978565,52.888855780691294,53.14268692284778,19
2025-09-05,53.9447463768116,55.43611793611793,53.9447463768116,54.898612593383135,61
2025-09-07,54.602764696946686,54.602764696946686,54.602764696946686,54.602764696946686,1
2025-09-08,54.468214231527845,55.068970744277706,54.0282155185352,55.01588261987596,38
2025-09-09,54.88501427927251,54.95937405958472,54.06557377049181,54.46683711836367,101
2025-09-10,54.20359281437126,54.71019919125356,54.20359281437126,54.42210306821567,30
2025-09-11,53.884603975081575,54.79957805907173,53.824009496958006,54.79957805907173,17
2025-09-12,55.46875,55.520072992700726,53.996742188656896,54.5363446006581,105
2025-09-15,54.01156755153492,54.678137051320086,54.01156755153492,54.609908039157524,84
2025-09-16,54.59659511472983,55.01860949828792,53.85514018691588,53.90942293644996,93
2025-09-17,53.74249304233192,53.97274325908558,53.74249304233192,53.935266549502046,11
2025-09-18,53.83912787271656,54.22928994082841,53.38026103534243,54.015117830146735,36
2025-09-19,54.57935560859188,55.31892540897494,54.510505140813585,55.31892540897494,115
2025-09-22,55.140466228332336,56.367739993981345,54.99403697078116,56.23630085572737,225
2025-09-23,56.49901827518502,56.750302297460706,55.60630617356711,55.60630617356711,147
2025-09-24,55.72273130357671,55.72273130357671,55.08261441731247,55.08261441731247,17
2025-09-25,54.19317524580683,54.40034888791975,53.783667002736564,53.783667002736564,192
2025-09-28,54.06479481641469,54.204234480771994,54.06479481641469,54.204234480771994,2
2025-09-29,54.25920598388953,56.60254513169577,54.047072330654416,56.287901089196346,566
2025-10-01,58.36333383754349,59.48753250726632,58.14898419864559,58.974515489088965,245
2025-10-02,58.595958061084936,60.05923616523772,58.595958061084936,60.02960423808039,279
2025-10-03,59.74307382758087,60.38216560509554,59.74307382758087,60.20471464019851,14
2025-10-06,60.00152625152626,60.62595888309296,59.8888550548112,60.36613272311213,204
2025-10-07,60.45246800731261,61.39836394505324,60.079292467215616,60.50790754257907,144
2025-10-08,60.78113150310936,61.26651480637814,60.72385252069225,60.93135772603568,176
2025-10-09,61.125284738041,61.125284738041,60.522273425499236,60.801227935533376,160
2025-10-10,60.665744157441566,63.75079974408189,60.665744157441566,63.61634216406001,341
2025-10-12,63.194335169158144,63.99209486166008,63.194335169158144,63.99209486166008,6
2025-10-13,63.392409033877044,64.85876597759193,63.392409033877044,64.51841359773371,193
2025-10-14,65.01888574126535,66.6456820016142,64.83338622659473,66.3387277679859,198
2025-10-15,67.33890406556324,67.55866280938605,66.46477526299012,67.39123454808156,105
2025-10-16,67.67121090617482,70.48952193844138,67.35435339308579,70.4303714612993,668
2025-10-17,71.3936710936219,71.86185191320193,68.51572739187418,69.05103538235774,1126
2025-10-19,69.09964181048518,69.09964181048518,69.09947984395318,69.09947984395318,2
2025-10-20,69.26921186301819,71.59769167353669,69.04192597445136,71.44309609708102,280
2025-10-21,70.62653361688204,71.33915335200132,66.46398959518777,66.51404448774151,265
2025-10-22,66.1358466038349,66.50368707919205,63.962957049337376,64.25267187749243,57
2025-10-23,63.348866107486806,63.725183679849934,62.445900640048755,62.75485436893204,160
2025-10-24,62.8427634588989,62.85975888905844,61.35973497967174,62.213127179020766,7
2025-10-26,61.25528062764031,61.36001203550474,61.25528062764031,61.36001203550474,2
2025-10-27,60.65424806905952,60.65424806905952,59.90798008749434,60.607072393382914,7
2025-10-28,60.697853944727505,61.38504585729831,60.48404501310312,61.38504585729831,4
2025-10-30,60.90782769800834,61.97831138652207,60.6777829241933,61.60684024033277,52
2025-10-31,62.02907516238788,62.02907516238788,62.02907516238788,62.02907516238788,10
2025-11-03,61.0118225088285,61.732186732186726,61.0118225088285,61.61599012193239,50
2025-11-04,61.54487872701993,62.18054474708171,60.98452012383901,61.05083164930826,69
2025-11-05,61.410536159601,62.4854765269273,61.005707234305106,62.4854765269273,338
2025-11-06,62.6192337763878,62.77412280701754,62.60944340212633,62.77412280701754,64
2025-11-07,62.7947186419365,62.7947186419365,62.57290686735654,62.74854719648185,7
2025-11-10,64.08792240300376,64.34142521534847,64.08792240300376,64.34142521534847,34
2025-11-11,63.729913473423984,63.729913473423984,63.02314885788747,63.28316953316953,25
2025-11-12,63.170130869899914,66.96573705179283,63.170130869899914,66.8583718336785,69
2025-11-13,66.76191979791601,66.76191979791601,66.02346599016965,66.02346599016965,28
2025-11-14,65.18478260869564,65.54373337505868,63.11759201497192,63.59321506380329,116
2025-11-16,63.7132122730119,64.24541607898448,63.7132122730119,64.21522556390977,20
2025-11-17,64.09390703517587,64.19162615649992,62.76389756402248,62.76389756402248,629
2025-11-18,63.19468334636435,63.59235469215103,62.82312925170068,62.82312925170068,125
2025-11-19,63.25232198142415,65.2635744815577,63.25232198142415,64.34015748031496,127
2025-11-20,63.38138514572234,64.32970156324018,63.38138514572234,64.32970156324018,78
2025-11-21,64.65608465608466,65.64908885663603,64.65608465608466,64.84804862444018,97
2025-11-24,65.11598144296913,65.11598144296913,64.78136882129277,64.78136882129277,4
2025-11-26,66.17647058823529,66.91998714652956,65.9034045922407,65.99936548223351,1961
2025-11-27,65.99872773536896,66.02095903461417,65.65059288537549,65.65059288537549,26
2025-11-28,66.09659540775931,66.47291107250038,66.09659540775931,66.47291107250038,16
2025-11-30,66.8541996830428,67.1220053942567,66.58609794628752,66.60350544765514,12
2025-12-01,66.74620733249051,67.88559592096877,66.45410171626516,66.97233201581028,189
2025-12-02,66.41897233201581,67.76241761774634,66.03803486529318,67.25553061878806,146
2025-12-03,67.44040953447448,67.44040953447448,66.36248616163215,66.81558028616853,82
2025-12-04,66.4068713217751,67.06932270916336,66.38267491670634,66.44030322173089,186
2025-12-05,66.60487959442332,66.60487959442332,65.99781044729434,66.26316616884138,17
2025-12-08,65.92662276575729,67.04439814072768,65.89791764521685,67.04439814072768,19
2025-12-09,67.27024859663192,68.15934065934066,66.96828955797567,67.87820202996616,180
2025-12-10,67.97678542640658,68.25846354166667,67.07712041045376,67.55743458838545,16
2025-12-11,68.25812712275594,70.25409836065573,68.25812712275594,69.51267056530214,280
2025-12-12,69.84460990611848,71.39107611548556,69.7560176846242,70.37637047946326,338
2025-12-15,70.80931444390164,71.54761904761905,70.68718449763882,71.3511273209549,122
2025-12-16,71.04475128930295,73.39334239130434,71.04475128930295,73.1163976210705,4
2025-12-17,72.54151987921489,72.66956231206147,71.95142239228082,72.46074173070498,112
2025-12-18,72.58675607711652,72.61356045424182,72.26333333333334,72.26333333333334,40
2025-12-19,72.39235245220283,72.39235245220283,71.97255291005291,71.97255291005291,2
2025-12-22,72.31537579826428,72.42548313134621,71.51461327305022,71.61565721649484,62
2025-12-23,72.61851015801355,72.61851015801355,71.89688403469323,72.08687289629748,20
2025-12-24,71.85901534526855,72.09876543209877,71.51039999999999,72.09680012863805,29
2025-12-26,72.40987021310688,74.6747700394218,72.40987021310688,74.6747700394218,24
2025-12-29,70.46990666237528,70.46990666237528,70.46990666237528,70.46990666237528,20
2025-12-30,70.58558558558559,70.58558558558559,70.41444928237381,70.41444928237381,10
2025-12-31,69.97060744611365,70.68486433474992,69.97060744611365,70.68486433474992,5
2026-01-02,72.42550357915765,72.42550357915765,71.79580977718656,71.79580977718656,4
2026-01-05,72.9339731921231,73.06443597813484,71.81120365833742,72.06163828061639,36
2026-01-06,72.32932379713914,73.06538398826024,72.03700724054707,73.06538398826024,14
2026-01-07,73.33553065260382,73.33553065260382,73.33553065260382,73.33553065260382,1
2026-01-08,72.7198297036188,73.00410172272355,71.7537915456599,71.7537915456599,23
2026-01-09,71.71717171717172,71.71717171717172,71.71717171717172,71.71717171717172,3
2026-01-12,72.92312559316672,73.29842931937172,72.4822806741219,72.60636621493855,40
2026-01-13,70.1782449725777,70.19002736394042,70.02903422982885,70.02903422982885,4
2026-01-14,69.61352657004831,69.80421686746988,69.61027190332325,69.80421686746988,11
2026-01-15,70.6092147558549,70.6092147558549,70.6092147558549,70.6092147558549,1
2026-01-16,71.39758289432909,71.39758289432909,71.1083629618179,71.16279069767442,9
2026-01-19,73.21815611748076,73.22616060225846,73.13793103448276,73.13793103448276,5
2026-01-20,73.28933064140395,73.69845962346352,72.88153846153847,73.54121642482248,5
2026-01-21,75.80268079800499,75.80268079800499,73.8929889298893,74.04750957854407,44
2026-01-22,75.65122785203604,76.78191489361701,75.65122785203604,76.78191489361701,2
2026-01-23,75.03800547278809,75.03800547278809,75.03800547278809,75.03800547278809,1
2026-01-26,76.98318945933666,77.92628842330632,76.98318945933666,77.144602229348,12
2026-01-29,79.87465384054802,80.53254437869822,72.65216154721274,74.57267360134945,3205
2026-01-30,73.8076757222941,73.8076757222941,67.36983969357355,67.36983969357355,138
2026-02-01,70.85857839515295,71.1440866597418,69.76602991263142,70.2493691554104,41
2026-02-02,70.5045871559633,72.47414841849147,66.9710806697108,70.4885404101327,583
2026-02-03,72.20708446866485,74.6536763586543,72.20708446866485,73.47135648560405,74
2026-02-04,75.00813729841693,75.47385620915033,70.60728162325515,72.9280722189866,826
2026-02-05,72.8963904720152,72.8963904720152,70.38524468243344,70.38524468243344,269
2026-02-06,69.93294590970049,72.98969072164948,69.8005698005698,72.98969072164948,112
2026-02-09,74.13053130087317,74.47219744275944,72.95025234318675,72.95025234318675,37
2026-02-10,72.3971119133574,73.13845258871436,72.3971119133574,73.13845258871436,22
2026-02-11,72.73368860723029,73.15668533678013,71.42674978747522,72.16309012875536,113
2026-02-12,72.675570874623,74.23634499926783,71.93766539253161,72.99480326651819,38
2026-02-13,73.42522602638209,74.41541186891054,73.10832719233603,74.38220514336388,119
2026-02-15,74.10687924416888,74.10687924416888,74.10687924416888,74.10687924416888,5
2026-02-17,72.24062133645955,72.72184936614467,72.24062133645955,72.34751562035109,132
2026-02-18,71.67896946012448,71.76419466975666,70.93109339407745,70.93109339407745,43
2026-02-19,71.09016161043378,71.09016161043378,69.66457023060796,69.66457023060796,6
2026-02-20,70.73975294778215,70.79569291008251,70.49909634366745,70.49909634366745,82
2026-02-22,71.97497891481586,71.97497891481586,71.97497891481586,71.97497891481586,1
2026-02-23,71.91400251291358,72.89256198347108,71.75714877745546,72.89256198347108,34
2026-02-24,71.08299735854303,71.73748951635449,71.08299735854303,71.73748951635449,10
2026-02-25,72.64801012515821,72.68495077355837,72.64801012515821,72.68495077355837,2
2026-02-26,72.8271587547542,73.78998708937024,71.43586206896552,73.08028169014084,9
2026-02-27,72.167793569753,72.167793569753,72.167793569753,72.167793569753,1
2026-03-01,66.25635934979526,67.6937618147448,66.25635934979526,67.6937618147448,4
2026-03-02,68.54001534134493,70.0579481101014,67.24072432569331,67.60076045627376,62
2026-03-03,65.38214990138067,65.38214990138067,59.90121399666746,62.74750953142295,51
2026-03-04,62.661211529066925,63.703337453646476,61.665078608861364,62.19718992248062,36
2026-03-05,62.097607885563164,62.097607885563164,59.12799532437171,59.64079613708633,30
2026-03-06,60.59637912673056,60.59637912673056,55.57659022068369,55.57659022068369,19
2026-03-08,50.0291149068323,50.0291149068323,47.643210914867765,47.643210914867765,3
2026-03-09,43.6750815730723,55.70143104943625,43.336178202611585,55.58693065022178,46
2026-03-10,55.38206335616438,60.94793369133785,55.38206335616438,57.05882352941176,51
2026-03-11,56.23835319609968,58.38356473642623,56.23835319609968,58.38356473642623,4
2026-03-12,51.12050950343318,51.85072815533981,51.12050950343318,51.85072815533981,7
2026-03-13,50.611127699810886,51.75482957418833,48.410320834943946,48.58248669569424,126
2026-03-16,47.710360618202635,49.85572139303483,47.710360618202635,49.85572139303483,7
2026-03-17,48.32980157965711,49.26600985221675,48.29499323410014,48.29949729311679,25
2026-03-18,47.27863215206801,47.394143062890066,43.54465817754899,43.54465817754899,9
2026-03-19,42.85600212935854,43.72145475049337,40.24745912505524,43.72145475049337,62
2026-03-20,43.47370373805769,43.47370373805769,41.68230257764824,41.68230257764824,10
2026-03-23,39.07891193105306,45.829922226770364,36.1144870101277,42.66204607575166,24
2026-03-24,42.16423712342079,42.936290795387926,41.66056636486226,42.06579954093343,15
2026-03-25,45.91239402503028,45.91239402503028,44.768851651059634,44.782351782548744,4
2026-03-26,41.734473362773656,41.86074995289241,41.734473362773656,41.86074995289241,36
2026-03-29,38.84638737097754,39.35167338356405,38.25802564764609,38.303009398982496,315
2026-03-30,38.208002759572274,40.7879168160631,37.95970852978997,39.37030567685589,2086
2026-03-31,39.033039266562874,41.17562595351341,38.657430730478595,39.37695230054875,275
2026-04-01,45.0747556066705,47.55136644723718,44.31027966742253,47.44971121290579,465
2026-04-02,48.108597285067866,48.108597285067866,41.875,42.9096252755327,379
