,DCOILBRENTEU,DCOILWTICO,M2,fed_assets,GDP,indpro,oil_mining,mfg_emp,copper,CPI,trade_bal,fed_funds,treasury_10y,yield_spread,gas_price,vehicle_sales,L,L_over_GDP,omega,M2_GDP,fed_GDP,real_oil,copper_oil,indpro_M2,oil_share
2000-08-31,30.19608695652174,31.26391304347826,4819.5,,10318.165,92.5521,62.5964,17287.0,1857.12391304348,172.7,-29931.0,6.496774193548387,5.826086956521739,-0.4026086956521739,1.43925,17.531,38234.51514162523,3.684560353582087,7.933294976994548,0.46708886706114894,,17.484705823116236,61.50213819815415,0.019203672580143168,0.6763368956512062
2000-09-30,33.1447619047619,33.884,4855.2,,10318.165,92.9792,62.3503,17229.0,1961.89285714286,173.6,-33333.0,6.5169999999999995,5.799,-0.28250000000000003,1.52525,18.654,46741.12419541833,4.491596723550127,9.627023437843617,0.4705487845949352,,19.09260478384902,59.19164128498372,0.019150436645246335,0.6705833132571585
2000-10-31,30.96090909090909,33.108636363636364,4871.3,,10435.744,92.6179,62.0109,17217.0,1894.37272727273,173.9,-33378.0,6.509354838709677,5.738571428571428,-0.1738095238095238,1.5084,17.514,42799.58010838953,4.097863013691332,8.786069449302964,0.46678990975631446,,17.803858016623973,61.18595296121217,0.019012973949459076,0.6695347227695726
2000-11-30,32.55227272727273,34.417142857142856,4882.7,,10435.744,92.6438,61.9249,17202.0,1795.60227272727,174.2,-32723.0,6.514333333333334,5.717142857142857,-0.15809523809523812,1.49475,16.634,40541.57085157196,3.8784673617539447,8.303105013941458,0.4678823091099206,,18.68672372403716,55.160580883892955,0.018973887398365658,0.6684192574138799
2000-12-31,25.66,28.436500000000002,4927.6,,10435.744,92.3415,62.0345,17181.0,1852.4,174.6,-33420.0,6.402258064516129,5.2405,-0.1115,1.41825,16.222,59358.157661647485,5.673903148470919,12.04605845881311,0.47218482937105394,,14.696449026345935,72.19017926734217,0.01873965013393944,0.6717943719779298
2001-01-31,25.624545454545455,29.585714285714282,4978.3,,10470.231,91.902,61.9748,17105.0,1787.05681818182,175.6,-35202.0,5.975806451612903,5.160952380952381,0.40095238095238095,1.4274,17.652,49726.83378657886,4.734796208730101,9.988717792535375,0.4754718401150844,,14.592565748602196,69.7400397346295,0.018460518650945102,0.6743574677373725
2001-02-28,27.503500000000003,29.609473684210528,5017.0,,10470.231,91.3034,61.5125,17030.0,1766.125,176.0,-29301.0,5.494285714285715,5.098947368421053,0.4421052631578948,1.43125,17.826,53200.935562691746,5.050107007957884,10.604133060133892,0.47916803363746224,,15.626988636363636,64.21455451124402,0.018198804066175005,0.6737153271400628
2001-03-31,24.49727272727273,27.244545454545456,5074.8,,10470.231,91.1162,62.0652,16938.0,1742.15909090909,176.1,-32812.0,5.3109677419354835,4.885454545454546,0.5431818181818181,1.384,17.248,55693.22932025017,5.270582245640853,10.974467825382314,0.48468844670189226,,13.91100098084766,71.11645081085089,0.017954638606447547,0.681165369056216
2001-04-30,25.657142857142855,27.49,5139.1,,10599.0,90.7891,62.2482,16802.0,1665.97222222222,176.4,-30521.0,4.8020000000000005,5.141,0.907,1.5172,16.872,49861.16868798236,4.704436387857098,9.70231532524807,0.4848664968393245,,14.544865565273726,64.93210220242506,0.017666342355665388,0.6856351698606991
2001-05-31,28.313636363636363,28.62909090909091,5137.2,,10599.0,90.3555,61.9269,16660.0,1684.85,177.3,-27095.0,4.21225806451613,5.391363636363637,1.1313636363636363,1.65375,16.876,47737.27135867037,4.504149296332255,9.292468924447242,0.4846872346447778,,15.969338050556322,59.50666238561567,0.017588472319551508,0.685369457310291
2001-06-30,27.84904761904762,27.59904761904762,5180.1,,10599.0,89.8784,61.5285,16513.0,1610.46904761905,177.7,-29151.0,3.969666666666667,5.284285714285714,1.2042857142857142,1.5474999999999999,17.464,53480.926807204174,5.0461964111299515,10.324303933747258,0.4887347863005944,,15.671945761985157,57.82851426910392,0.017350707515298932,0.6845749368035035
2001-07-31,24.613636363636363,26.4247619047619,5210.0,,10598.02,89.3028,62.0798,16381.0,1526.77045454545,177.4,-29902.0,3.769032258064516,5.236190476190477,1.1976190476190476,1.3402,16.463,56956.963597479786,5.366397442673523,10.932238694333932,0.4916012613676894,,13.874654094496258,62.02945521698966,0.017140652591170827,0.6951607340419337
2001-08-31,25.68,27.37391304347826,5243.8,,10598.02,89.2003,61.8441,16233.0,1466.41136363636,177.4,-28094.0,3.6525806451612906,4.971304347826087,1.2139130434782608,1.38625,16.348,53690.24955202928,5.051183050158962,10.238805742406132,0.4947905363454683,,14.47576099210823,57.10324624752181,0.01701062206796598,0.6933171749422368
2001-09-30,25.6195,26.199473684210528,5355.1,,10598.02,88.7485,61.8716,16116.0,1427.69736842105,178.1,-30217.0,3.069,4.731764705882353,1.6129411764705883,1.50625,16.365,71597.22027046472,6.725993794932572,13.369912843917897,0.5052924980326514,,14.384896125772038,55.72698016827222,0.016572706392037496,0.697156571660366
2001-10-31,20.53782608695652,22.169565217391302,5343.8,,10660.465,88.5052,61.4785,15973.0,1377.37608695652,177.6,-30588.0,2.485161290322581,4.566818181818181,1.8409090909090908,1.2738,22.055,76087.21854304636,7.116792270206331,14.23841059602649,0.5012726930767092,,11.56409126517822,67.06533014374318,0.01656222164003144,0.6946315018778557
2001-11-30,18.797272727272727,19.634999999999998,5387.5,,10660.465,87.97,62.6666,15825.0,1434.29318181818,177.5,-30003.0,2.087,4.6515,1.8690000000000002,1.1385,18.031,77993.45756433983,7.274163855829817,14.476743863450547,0.5053719514111251,,10.590012804097311,76.30325966049224,0.016328538283062646,0.7123633056723884
2001-12-31,18.705263157894734,19.388947368421054,5440.5,,10660.465,87.9324,62.5327,15712.0,1472.84705882353,177.4,-27488.0,1.817741935483871,5.0875,1.9805,1.072,16.465,78360.07319960483,7.287450834884066,14.403101406048126,0.5103435919540095,,10.544116774461518,78.73971333046447,0.01616255858836504,0.7111451524125351
2002-01-31,19.416818181818183,19.714761904761904,5460.9,,10783.5,88.5176,62.7183,15588.0,1508.22727272727,177.7,-29678.0,1.7296774193548385,5.035714285714286,2.0076190476190474,1.0939999999999999,16.523,80782.37668225948,7.473282891446265,14.792868699712407,0.5064125747670051,,10.926740676318618,77.67633494861516,0.016209342782325258,0.708540448453189
2002-02-28,20.2755,20.723684210526315,5490.2,,10783.5,88.5278,62.5714,15518.0,1561.3675,178.0,-32501.0,1.7396428571428573,4.911578947368421,1.8963157894736842,1.08975,17.304,78578.98731399146,7.252007969558474,14.312591037483417,0.5091296888765243,,11.390730337078653,77.00759537372691,0.016124694910932207,0.7067994460497155
2002-03-31,23.696666666666665,24.531,5502.0,,10783.5,89.1686,62.0394,15443.0,1607.3925,178.5,-31161.0,1.73,5.284000000000001,1.7265000000000001,1.2205,17.107,65702.65325894013,6.049149264228519,11.941594558149788,0.5102239532619279,,13.275443510737627,67.83200872133915,0.016206579425663396,0.695753886457789
2002-04-30,25.72863636363636,26.179090909090913,5502.1,,10887.46,89.604,61.9477,15392.0,1588.57142857143,179.3,-33965.0,1.7530000000000001,5.210909090909091,1.7881818181818183,1.3618000000000001,17.668,62994.76117189943,5.773189294507951,11.449221419439748,0.5053612137266177,,14.34949044263043,61.743320015849804,0.01628541829483288,0.691349716530512
2002-05-31,25.345454545454547,27.041363636363634,5528.3,,10887.46,89.964,62.5867,15338.0,1597.02272727273,179.5,-34026.0,1.751290322580645,5.164545454545455,1.9004545454545456,1.35325,16.197,75617.50942605782,6.914707214965395,13.678257226644323,0.5077676519592266,,14.120030387439858,63.010222381635685,0.016273357089882964,0.6956860521986572
2002-06-30,24.081666666666667,25.5185,5553.3,,10887.46,90.7061,62.6577,15297.0,1650.59444444444,179.6,-34732.0,1.7503333333333333,4.9265,1.9335,1.3405,16.953,68731.13106987762,6.271148680701559,12.376628503750494,0.5100638716468304,,13.40850037119525,68.5415368999006,0.016333729494174637,0.6907771362675718
2002-07-31,25.73608695652174,26.966190476190473,5596.0,,10984.04,90.6769,62.1793,15256.0,1588.2847826087,180.0,-33913.0,1.729032258064516,4.653181818181818,2.096363636363636,1.364,18.147,64562.681442562665,5.867527344821506,11.537291179871811,0.5094664622488628,,14.297826086956523,61.71430743500093,0.016203877769835597,0.685723706919844
2002-08-31,26.651363636363637,28.385,5638.3,,10984.04,90.5762,62.6498,15171.0,1482.91666666667,180.5,-36385.0,1.7432258064516128,4.257272727272727,2.1236363636363635,1.358,18.449,63911.64316351771,5.798164835339909,11.335268283616996,0.5133175043062479,,14.76529841349786,55.64130552191895,0.016064452051150167,0.6916805960064565
2002-09-30,28.39952380952381,29.6635,5662.3,,10984.04,90.6531,58.7079,15119.0,1478.93333333333,180.8,-36088.0,1.7506666666666668,3.87,1.8655000000000002,1.3634,16.665,63003.055150809465,5.705721027979744,11.126760353709528,0.5155024927076012,,15.707701222081752,52.07599054310087,0.016009942956042595,0.6476105064250424
2002-10-31,27.54304347826087,28.836521739130436,5707.1,,11061.433,90.4643,57.3678,15059.0,1486.17173913043,181.2,-35095.0,1.7548387096774194,3.940909090909091,2.0290909090909093,1.427,16.259,71142.99490395923,6.415285492439835,12.465699725597805,0.5159458091912684,,15.200355120453018,53.958152457023616,0.015851185365597237,0.6341484983579159
2002-11-30,24.335238095238097,26.352105263157895,5758.1,,11061.433,90.9711,60.1424,14992.0,1581.03571428571,181.5,-39515.0,1.3359999999999999,4.048421052631579,2.125263157894737,1.38475,16.52,70868.92034618079,6.374376356773063,12.30769183344867,0.5205564233856499,,13.407844680571953,64.96898481527846,0.015798805161424775,0.6611154531494068
2002-12-31,28.334500000000002,29.460952380952378,5779.4,732059.0,11061.433,90.4652,60.8973,14911.0,1592.96428571429,181.8,-43607.0,1.2383870967741937,4.032380952380952,2.1961904761904765,1.3484,17.866,66697.1937342184,5.983981967827646,11.54050485071433,0.5224820328433033,0.06618120816715158,15.585533553355335,56.21995396828213,0.015653043568536525,0.673157191936789
2003-01-31,31.183636363636364,32.94714285714286,5812.1,712809.0,11174.129,91.2361,61.4335,14867.0,1650.311363636364,182.6,-41156.0,1.2351612903225806,4.048571428571428,2.305238095238095,1.4235,16.708,67804.76271940177,6.049250035515816,11.666138352643928,0.5201389745903238,0.06379101225697323,17.077566464203926,52.92235146638681,0.015697613599215426,0.6733464056442571
2003-02-28,32.771,35.828421052631576,5848.2,721980.0,11174.129,91.3445,61.5095,14780.0,1682.145,183.6,-40082.0,1.2621428571428572,3.9026315789473687,2.274736842105263,1.582,16.114,60236.46209968119,5.357472616800246,10.300000359030332,0.5233696514511332,0.06461174736751293,17.849128540305014,51.33029202648683,0.015619250367634487,0.6733793496050666
2003-03-31,30.612380952380953,33.513333333333335,5868.4,725019.0,11174.129,91.1044,61.0445,14721.0,1655.692857142857,183.9,-43806.0,1.2529032258064516,3.8071428571428574,2.2333333333333334,1.636,16.467,70274.35023822206,6.231041414661381,11.975044345685715,0.5251773986142454,0.06488371487388413,16.64621041456278,54.08572628566095,0.015524572285461115,0.6700499646559333
2003-04-30,25.06772727272727,28.170476190476194,5905.5,746294.0,11312.766,90.5617,60.659,14608.0,1587.8675,183.2,-42037.0,1.258,3.958571428571428,2.336190476190476,1.517,16.751,84854.02906967422,7.458880615795126,14.368644326420153,0.5220208744704876,0.06596918914437018,13.683257244938469,63.34309778962448,0.01533514520362374,0.6698085393715003
2003-05-31,25.857727272727274,28.108571428571427,5965.3,744896.0,11312.766,90.537,59.8222,14558.0,1651.1,182.9,-41045.0,1.2590322580645161,3.5690476190476192,2.1538095238095236,1.43775,16.47,81804.05756207676,7.150880916602772,13.71331828442438,0.5273069380202862,0.06584561193964411,14.13763109498484,63.85325294003902,0.015177275241815166,0.6607486442007136
2003-06-30,27.652857142857144,30.66238095238095,6002.2,744018.0,11312.766,90.6527,60.1013,14493.0,1685.107142857143,183.1,-39696.0,1.2226666666666666,3.334285714285714,2.107142857142857,1.4516,17.013,71910.01385041552,6.25130885725279,11.98060941828255,0.530568739775931,0.06576800050491631,15.102598111882656,60.93790360076458,0.015103245476658558,0.6629841140969878
2003-07-31,28.348695652173912,30.754545454545454,6049.1,740295.0,11566.669,91.1185,59.4762,14403.0,1712.826086956522,183.7,-41321.0,1.011290322580645,3.975454545454546,2.5013636363636365,1.48025,17.117,74664.62343096235,6.426599778647417,12.343096234309623,0.5229768397453062,0.06400243665656898,15.43206077962652,60.41992576914819,0.01506314989006629,0.6527346257894939
2003-08-31,29.888095238095236,31.573809523809523,6107.1,740637.0,11566.669,90.9197,60.3265,14376.0,1756.725,184.5,-39892.0,1.0290322580645161,4.4452380952380945,2.580952380952381,1.58825,18.262,75524.60646970247,6.471992832713901,12.366689012739672,0.5279912479556561,0.06403200437394724,16.199509614143757,58.77674659443958,0.014887540731279986,0.663514067908275
2003-09-30,27.112272727272728,28.31142857142857,6079.7,741193.0,11566.669,91.5059,60.9401,14346.0,1789.670454545455,185.1,-41842.0,1.01,4.274285714285715,2.568095238095238,1.6161999999999999,17.286,83414.60814853884,7.11677563872605,13.720184901975236,0.5256223723528355,0.06408007352851543,14.647365060655176,66.00960651834964,0.01505105515074757,0.6659690795894035
2003-10-31,29.60782608695652,30.338260869565215,6070.0,747272.0,11772.234,91.6186,60.2243,14334.0,1925.582608695652,184.9,-41388.0,1.01,4.290454545454545,2.5427272727272725,1.513,16.489,83712.87661406025,7.088282182518962,13.791248206599713,0.5156200598798835,0.0634775013816409,16.012885931290707,65.03627125613086,0.015093673805601318,0.6573370472807923
2003-11-30,28.752499999999998,31.108333333333334,6075.5,756964.0,11772.234,92.2329,59.4422,14316.0,2053.275,185.0,-39898.0,0.996,4.300000000000001,2.373333333333333,1.47375,17.563,83273.17187689747,7.0285527457005745,13.706389906492875,0.5160872609226083,0.06430079456456608,15.54189189189189,71.41205112598905,0.015181120895399556,0.6444793560649182
2003-12-31,29.80714285714286,32.12904761904762,6073.8,771551.0,11772.234,92.2602,59.3861,14299.0,2202.035714285714,185.5,-44080.0,0.9841935483870967,4.267727272727273,2.3604545454545454,1.4482,17.357,83329.33115983718,7.010922833677998,13.719472350067038,0.5159428533275842,0.06553989667551631,16.06854062379669,73.87610831536064,0.015189864664625111,0.6436805903303917
2004-01-31,31.280952380952378,34.31,6082.1,755279.0,11923.447,92.4006,59.6151,14291.0,2421.47619047619,186.3,-44645.0,0.9970967741935484,4.1505,2.3895,1.55475,16.695,82838.49286299982,6.920052877299885,13.62004782279144,0.5100957801883969,0.06334401452868453,16.790634665030797,77.41056477393818,0.015192219792505877,0.6451808754488607
2004-02-29,30.8585,34.68473684210526,6121.8,750666.0,11923.447,92.958,59.2623,14279.0,2751.7175,186.7,-44552.0,1.007241379310345,4.084210526315789,2.3442105263157895,1.6145,17.032,73669.74749955976,6.129883881242412,12.03400102903717,0.5134253542620687,0.06295712976289491,16.528387787895017,89.1721081711684,0.015184749583455845,0.6375169431356097
2004-03-31,33.63434782608696,36.74130434782609,6157.9,760725.0,11923.447,92.5861,59.0702,14287.0,3000.282608695652,187.1,-46754.0,1.0016129032258065,3.826521739130435,2.248695652173913,1.6885999999999999,17.247,81488.71461227383,6.753876504657035,13.233198754814763,0.5164530022232664,0.06380076164216607,17.976669067924618,89.20293695626881,0.015035336721934427,0.638002896763121
2004-04-30,33.59090909090909,36.75,6198.9,772927.0,12112.815,92.93,58.7896,14315.0,2926.975,187.4,-47283.0,1.004,4.347619047619047,2.276666666666667,1.756,16.898,68094.64376951463,5.599456536125308,10.98495600340619,0.511763780756166,0.06381068314838459,17.92471136121083,87.13592692828145,0.014991369436512931,0.6326224039599698
2004-05-31,37.56761904761905,40.275,6275.7,771108.0,12112.815,93.6013,58.4822,14342.0,2728.460526315789,188.2,-47553.0,1.0045161290322582,4.7155000000000005,2.182,1.9448,18.186,66827.72432432433,5.473617039371359,10.64864864864865,0.5181041731422464,0.06366051161517781,19.961540407874097,72.6279864278147,0.014914878021575283,0.6248011512660615
2004-06-30,35.18363636363636,38.025238095238095,6277.9,779578.0,12112.815,92.871,57.3929,14334.0,2689.045454545455,188.9,-54169.0,1.0256666666666667,4.733809523809524,1.9704761904761903,1.91025,16.173,74193.36478980315,6.053051401513034,11.81818200191197,0.518285798965806,0.06435977103588225,18.625535396313584,76.42886672523386,0.014793322607878431,0.6179851622142541
2004-07-31,38.221363636363634,40.77809523809524,6291.1,773916.0,12305.307,93.5649,59.2934,14331.0,2816.795454545455,189.1,-51606.0,1.2635483870967743,4.498095238095239,1.8595238095238094,1.8632499999999999,17.309,59315.65227875573,4.798696707136854,9.428502531950809,0.5112509586311011,0.06289286403012943,20.212249411086006,73.69688536872526,0.014872581901416285,0.6337141385284439
2004-08-31,42.74409090909091,44.90318181818182,6317.8,775437.0,12305.307,93.6277,57.7135,14345.0,2844.202380952381,189.2,-53647.0,1.4293548387096775,4.281363636363636,1.7731818181818182,1.8416000000000001,17.157,65146.35883013089,5.246858249319986,10.31155763559006,0.5134207541510342,0.06301646923559079,22.592014222563904,66.54024732919211,0.014819668238943937,0.6164148003208453
2004-09-30,43.19681818181818,45.93571428571428,6352.2,786330.0,12305.307,93.7467,55.3073,14332.0,2903.170454545455,189.8,-51686.0,1.605,4.1257142857142854,1.6004761904761904,1.8405,17.875,55688.15363361608,4.465148079800677,8.766750674351576,0.5162162959445058,0.06390169704827356,22.759124437206626,67.2079698631002,0.014758146783791443,0.5899653001118972
2004-10-31,49.776666666666664,53.28047619047619,6379.8,791336.0,12527.214,94.5465,55.5404,14332.0,3009.404761904762,190.8,-55058.0,1.7609677419354839,4.0969999999999995,1.5125,1.9537499999999999,17.514,56763.79360465117,4.509632745678412,8.897425249169435,0.509275246674959,0.06316935273876538,26.08839972047519,60.45814160392611,0.014819665193266246,0.5874400427302967
2004-11-30,43.110454545454544,48.469,6406.3,809956.0,12527.214,94.7813,58.2431,14306.0,3130.309090909091,191.7,-58967.0,1.932,4.194,1.342,1.9318000000000002,17.362,65366.56368523844,5.168440861470947,10.20348152369362,0.511390641207215,0.06465571674595803,22.488500023711293,72.61136826123173,0.014795014282815353,0.6144999066271511
2004-12-31,39.60217391304348,43.14952380952381,6424.5,810944.0,12527.214,95.5365,58.8182,14285.0,3139.785714285714,191.7,-54918.0,2.1561290322580646,4.2309090909090905,1.219090909090909,1.7995,18.102,69606.70505200594,5.477708115702442,10.8345715700842,0.5128434782067266,0.06473458504021724,20.65841101358554,79.28316564590375,0.01487065141256129,0.615662076797873
2005-01-31,44.509,46.837,6430.8,807262.0,12767.286,95.8801,58.2206,14257.0,3168.1,191.6,-56189.0,2.2793548387096774,4.221500000000001,0.999,1.8106000000000002,16.889,60941.61674902322,4.758785354139092,9.47652185560478,0.503693580609066,0.06322894309722521,23.230167014613777,71.17886270192545,0.014909513590844062,0.6072229795338135
2005-02-28,45.475,48.148947368421055,6438.9,804576.0,12767.286,96.5761,58.581,14272.0,3247.1,192.4,-58094.0,2.501785714285714,4.165263157894737,0.7805263157894737,1.88625,16.886,56065.82585278276,4.3648075073725545,8.707360861759424,0.5043280145835223,0.06301856165828822,23.635654885654887,71.4040681693238,0.014998850735374054,0.6065786462696258
2005-03-31,53.10454545454545,54.186818181818175,6448.3,807551.0,12767.286,96.4456,59.0437,14268.0,3378.904761904762,193.1,-53134.0,2.629032258064516,4.497727272727273,0.770909090909091,2.0625,17.413,51942.620982987595,4.031618509767127,8.055242619448164,0.5050642712946197,0.06325157907483235,27.501059272162326,63.62741141993047,0.01495674829024704,0.6121969275944159
2005-04-30,51.88380952380952,52.97904761904762,6461.8,809797.0,12922.656,96.6532,58.7029,14249.0,3389.809523809524,193.7,-57312.0,2.7849999999999997,4.3409523809523805,0.6871428571428572,2.2105,17.756,55540.07113218732,4.279670081487181,8.595139300533491,0.5000365249991952,0.06266490418068855,26.78565282592128,65.33463049304306,0.014957627905537157,0.6073559902827842
2005-05-31,48.64545454545455,49.83380952380952,6479.0,810160.0,12922.656,96.7402,57.847,14255.0,3241.9,193.6,-56040.0,3.00258064516129,4.144285714285714,0.5004761904761905,2.1144,17.414,54710.09373043904,4.197925819258927,8.444218819329995,0.5013675207325801,0.06269299438134081,25.126784372652146,66.6434311343674,0.014931347430158975,0.5979623775844995
2005-06-30,54.35454545454545,56.35227272727273,6511.7,810082.0,12922.656,97.1753,57.6997,14227.0,3529.727272727273,193.7,-58152.0,3.0356666666666663,3.998181818181818,0.3577272727272727,2.12275,18.482,51272.57930375248,3.917632037309726,7.873916074719732,0.5038979602954686,0.06268695847045684,28.06120054442202,64.93895300217429,0.014923184421886757,0.5937691985514838
2005-07-31,57.52,58.99550000000001,6543.5,814259.0,13142.642,96.8676,56.8726,14225.0,3608.47619047619,194.9,-58301.0,3.2625806451612904,4.1775,0.3065,2.247,21.135,47064.59110024503,3.5687348435215815,7.1925714220593,0.49788315013069673,0.061955503315086875,29.512570548999488,62.73428703887674,0.014803637197218613,0.5871168481514976
2005-08-31,63.98347826086956,64.98521739130435,6576.3,823237.0,13142.642,97.1833,56.5826,14200.0,3791.909090909091,196.1,-58745.0,3.4996774193548386,4.262608695652174,0.21826086956521742,2.4490000000000003,17.418,42706.56975633085,3.2271748402760836,6.494011793307916,0.5003788431580195,0.06263862319311445,32.62798483471166,59.26387864456116,0.014777808190015663,0.5822255469818374
2005-09-30,62.908181818181816,65.58666666666666,6610.1,823771.0,13142.642,95.3005,45.9217,14173.0,3850.659090909091,198.8,-64882.0,3.6229999999999998,4.199047619047619,0.2528571428571429,2.8615,16.927,50245.33063209076,3.78387200272756,7.601296596434359,0.5029506243873949,0.0626792542930105,31.64395463691238,61.2107833928236,0.01441740669581398,0.48186210985251915
2005-10-31,58.53857142857142,62.260000000000005,6643.9,819105.0,13324.204,96.4572,48.9919,14189.0,4056.166666666667,199.1,-67265.0,3.7793548387096774,4.4635,0.1925,2.689,15.336,52848.94699078412,3.9460294119659975,7.954506688960418,0.4986339146413549,0.06147496690984317,29.401592882255862,69.29049629466938,0.014518159514742848,0.5079133543167332
2005-11-30,55.24181818181818,58.322500000000005,6660.7,835059.0,13324.204,97.5414,52.1176,14184.0,4278.159090909091,198.1,-63859.0,3.999,4.535,0.11850000000000001,2.2215,16.524,61866.33353340256,4.595735773093033,9.288263025418134,0.4998947779544654,0.06267233674897202,27.8858244229269,77.44421222394102,0.014644316663413755,0.5343126098251615
2005-12-31,56.855714285714285,59.411904761904765,6687.8,847700.0,13324.204,98.0452,53.1243,14189.0,4577.025,198.1,-64568.0,4.1570967741935485,4.467142857142857,0.06285714285714286,2.17375,17.174,59277.70340630155,4.381068660487471,8.863558031983844,0.501928670560733,0.06362106134069997,28.700512006922914,80.50246237342647,0.014660306827357276,0.5418347864046379
2006-01-31,62.985238095238095,65.485,6730.1,828901.0,13599.16,98.1999,53.8937,14208.0,4743.857142857143,199.3,-66967.0,4.285161290322581,4.416,0.020499999999999997,2.3,18.081,60793.49577220224,4.457744331584476,9.033074660436284,0.49489086090611484,0.060952367646236974,31.603230353857548,75.31696769462232,0.01459115020579189,0.5488162411570684
2006-02-28,60.21,61.631052631578946,6754.7,840555.0,13599.16,98.2413,53.4822,14208.0,4974.975,199.4,-62308.0,4.491428571428572,4.568947368421052,-0.09947368421052633,2.24925,17.071,63456.663685017265,4.63990266404207,9.394445894712906,0.4966997961638807,0.061809332341115186,30.19558676028084,82.62705530642751,0.01454413963610523,0.5443962976874288
2006-03-31,62.06478260869565,62.68521739130435,6769.3,833675.0,13599.16,98.4628,52.9364,14210.0,5123.673913043478,199.7,-62397.0,4.589354838709677,4.7239130434782615,-0.009999999999999998,2.4125,16.96,59618.20553083474,4.346979424127814,8.807144834892048,0.4977733918859695,0.06130341874056927,31.079009819076443,82.55364310783263,0.014545492148375755,0.5376284241358158
2006-04-30,70.26,69.44368421052631,6806.9,844572.0,13753.424,98.7618,53.5447,14223.0,6404.444444444444,200.7,-62603.0,4.790333333333334,4.990526315789474,0.10157894736842105,2.71875,17.127,61493.24098278529,4.461652667711119,9.033956864767411,0.4949240276457702,0.06140812644182278,35.007473841554564,91.15349337381788,0.014509071677268654,0.5421600254349354
2006-05-31,69.77695652173912,70.84409090909091,6813.7,851580.0,13753.424,98.7869,53.9478,14200.0,8059.190476190476,201.3,-64818.0,4.940322580645161,5.11,0.14181818181818182,2.8312,16.729,64789.140890927934,4.690852223882086,9.508657688323222,0.4954184499801649,0.0619176722829166,34.663167671008004,115.49931206414287,0.014498275533117102,0.5461027727360611
2006-06-30,68.5559090909091,70.9509090909091,6851.8,844436.0,13753.424,99.0997,54.7794,14210.0,7222.772727272727,201.8,-63800.0,4.991,5.106363636363636,-0.015454545454545453,2.80825,16.9,57425.94672131148,4.148974724964646,8.381147540983607,0.49818866923611166,0.061398237995134886,33.97220470312641,105.35594703725558,0.014463308911526897,0.5527705936546731
2006-07-31,73.67428571428572,74.41105263157894,6893.6,841552.0,13870.188,99.0489,55.0743,14185.0,7726.738095238095,202.9,-66909.0,5.235161290322581,5.0875,-0.031,2.9232,17.662,58487.24018930289,4.2039252375648175,8.484281099759615,0.4970084039235806,0.060673438600832234,36.310638597479404,104.87700043951499,0.014368240106765696,0.5560314147860299
2006-08-31,73.2304347826087,73.04304347826087,6925.1,850925.0,13870.188,99.4836,54.8108,14154.0,7690.25,203.8,-68277.0,5.2464516129032255,4.8765217391304345,-0.026956521739130435,2.90975,16.458,64061.78331465895,4.5906386051682695,9.25066545099117,0.49927946182128174,0.061349204495281535,35.932499893331055,105.01439767262364,0.01436565536959755,0.5509531219216032
2006-09-30,61.95857142857143,63.798,6952.4,849971.0,13870.188,99.3183,54.7809,14120.0,7622.642857142857,202.8,-65095.0,5.254666666666666,4.718999999999999,-0.05,2.501,16.974,70429.96226542006,5.031711822815925,10.130309283904849,0.5012477119992894,0.061280423884665446,30.55156382079459,123.02806022457402,0.014285469765836258,0.5515690461878627
2006-10-31,57.808181818181815,58.89318181818182,7001.7,852648.0,14039.56,99.2044,55.095,14068.0,7497.409090909091,201.9,-59538.0,5.245161290322581,4.729047619047619,-0.06666666666666668,2.214,16.865,75355.90235275358,5.350620200158485,10.762515153856004,0.4987122103541706,0.060731817806256035,28.632086091224274,129.69460126751483,0.014168616193210222,0.5553685118805214
2006-11-30,58.76136363636363,59.0825,7037.2,856671.0,14039.56,99.1627,54.4875,14034.0,7029.295454545455,202.0,-58939.0,5.245666666666667,4.595238095238095,-0.14523809523809525,2.2110000000000003,16.657,70732.8286483319,5.006710347930645,10.051274462617505,0.5012407796255723,0.06101836524791375,29.089783978397836,119.62444401469736,0.014091215256067754,0.5494757605430267
2006-12-31,62.47210526315789,61.959,7080.1,869988.0,14039.56,100.1735,55.1344,14009.0,6680.973684210526,203.1,-61882.0,5.2380645161290325,4.5645,-0.10900000000000001,2.28425,17.107,76276.79115378225,5.382359021009618,10.773405905818032,0.5042964309422803,0.06196689924755477,30.759283733706493,106.9433094349478,0.014148599596050903,0.5503890749549532
2007-01-31,53.68142857142857,54.50619047619048,7118.3,865730.0,14215.651,99.8346,54.4616,14004.0,5689.340909090909,203.437,-58014.0,5.248387096774193,4.7595238095238095,-0.11666666666666667,2.1906,16.896,82114.85491861288,5.757493000091088,11.535739561217268,0.5007368287249033,0.06089977870165777,26.387249404694607,105.98341103237716,0.014025062163718864,0.5455182872471067
2007-02-28,57.55578947368421,59.27894736842105,7134.3,877409.0,14215.651,100.7753,54.2474,13993.0,5718.15,204.226,-58479.0,5.258928571428571,4.722631578947369,-0.12631578947368421,2.2344999999999997,17.169,80412.5373661769,5.619769907433052,11.271258198586672,0.5018623487591247,0.06172133798163728,28.182400611912396,99.34969274662569,0.014125464306238874,0.5383005557909527
2007-03-31,62.05045454545455,60.441818181818185,7168.2,869803.0,14215.651,100.9547,53.9189,13964.0,6465.295454545455,205.288,-62183.0,5.256774193548387,4.5645454545454545,-0.009090909090909092,2.5025,16.438,69410.20300861691,4.835103445545654,9.68307287863298,0.5042470443316314,0.06118629389536927,30.22605049757148,104.19416750298511,0.01408368907117547,0.5340900423655363
2007-04-30,67.4857894736842,63.977,7240.7,879686.0,14402.082,101.6334,54.6103,13939.0,7753.342105263158,205.904,-60494.0,5.249666666666667,4.6938095238095245,0.027619047619047623,2.7874000000000003,16.615,73290.1435371114,5.074584249166751,10.12196935891715,0.5027536990832298,0.06108047433697433,32.775365934456936,114.888514541073,0.014036405319927631,0.537326312019474
2007-05-31,67.21227272727273,63.45454545454545,7254.6,876986.0,14402.082,101.7306,54.6054,13922.0,7677.952380952381,206.755,-59572.0,5.2535483870967745,4.746363636363636,-0.02,3.11925,16.661,70332.8043414491,4.8561983808403095,9.69492519800528,0.5037188373181044,0.06089300144243034,32.508172826423895,114.23438115397781,0.01402290960218344,0.5367647492494884
2007-06-30,71.04571428571428,67.48904761904762,7287.8,865105.0,14402.082,101.7893,53.9848,13903.0,7514.238095238095,207.234,-59997.0,5.2540000000000004,5.102857142857142,0.12238095238095237,3.0242500000000003,16.179,65400.48465903067,4.5030465937437185,8.973968091746572,0.5060240595769417,0.06006805127203136,34.28284658198668,105.76624038177968,0.013967081972611761,0.5303582989567666
2007-07-31,76.92999999999999,74.11761904761904,7318.7,863890.0,14564.117,101.6672,54.5939,13881.0,7980.931818181818,207.603,-60246.0,5.258387096774193,5.0042857142857144,0.18523809523809526,2.9474,15.837,63379.31708452407,4.340498451799091,8.65991461386914,0.5025158751471167,0.05931633205088918,37.05630458134034,103.74277678645286,0.013891428805662208,0.5369863633502251
2007-08-31,70.76086956521739,72.35608695652174,7394.8,872873.0,14564.117,101.863,54.1807,13821.0,7500.204545454545,207.667,-57214.0,5.022258064516129,4.674782608695652,0.3617391304347826,2.77675,16.379,68843.55235855581,4.702560940228391,9.309724719878266,0.50774104602428,0.05993312193248654,34.074200313587326,105.99367406786762,0.013774949964840157,0.5318977450104553
2007-09-30,77.17315789473685,79.91473684210526,7413.0,889900.0,14564.117,102.0894,53.2739,13784.0,7671.35,208.547,-58158.0,4.938,4.521578947368421,0.51,2.8165,16.532,68005.1415278409,4.633347830948317,9.17376791148535,0.5089906926729578,0.061102228168037925,37.00516329399936,99.4043811251526,0.013771671388101982,0.5218357635562556
2007-10-31,82.34,85.7986956521739,7428.1,883385.0,14715.058,101.8015,54.2099,13756.0,8020.586956521739,209.19,-57666.0,4.755483870967741,4.527727272727272,0.56,2.7912,16.455,65461.835985312115,4.4492731824224325,8.812729498164014,0.5047958356671105,0.06003272294271623,39.36134614465318,97.40814860968835,0.013704917812091922,0.53250590610158
2007-11-30,92.41428571428571,94.77238095238096,7453.6,879417.0,14715.058,102.3446,54.1295,13751.0,6957.431818181818,210.834,-60682.0,4.486666666666666,4.1485,0.8119999999999999,3.06425,16.354,65722.08331627019,4.4676083048839486,8.817495346714365,0.5065287544228504,0.05976306719280346,43.83272418788512,75.28524150142638,0.01373089513791993,0.5288945386468852
2007-12-31,90.92684210526315,91.687,7483.9,890662.0,14715.058,102.3803,54.2833,13739.0,6630.736111111111,211.445,-58290.0,4.244516129032259,4.0975,0.9804999999999999,2.9838,16.03,66698.42327831342,4.534633814449644,8.912254743958822,0.5085878696502589,0.06052725038528561,43.00259741552799,72.92385787944683,0.013680073223853874,0.5302123553066361
2008-01-31,92.17809523809524,92.97047619047619,7517.5,900264.0,14706.538,102.2448,54.4714,13717.0,7078.909090909091,212.174,-61339.0,3.9403225806451614,3.744285714285714,1.2685714285714287,3.01825,15.705,75741.39923308973,5.136288531007403,10.075344094857297,0.511167210121104,0.061215222780507554,43.44457626198084,76.79600096556919,0.013600904556035916,0.5327547220005321
2008-02-29,94.9865,95.386,7604.0,893825.0,14706.538,101.8438,54.4445,13690.0,7941.142857142857,212.687,-64225.0,2.9806896551724136,3.7375,1.7645,3.01575,15.491,73259.14979539612,4.954589322465311,9.634291135638628,0.5170489478897072,0.060777390300830826,44.66022841076324,83.6028578497245,0.013393450815360338,0.5345882616320287
2008-03-31,103.63550000000001,105.454,7670.0,893965.0,14706.538,101.5336,54.8057,13650.0,8434.315789473683,213.448,-60200.0,2.6103225806451613,3.5100000000000002,1.893,3.2154000000000003,15.114,68672.47233096775,4.631922841362658,8.953386223072718,0.5215367478056359,0.06078690987641007,48.55304336419175,81.38442704935744,0.013237757496740549,0.5397789500224556
2008-04-30,109.07136363636364,112.58045454545454,7712.5,888131.0,14865.701,100.8785,54.7189,13589.0,8714.181818181818,213.942,-63733.0,2.2783333333333333,3.675,1.627727272727273,3.4205,14.605,59884.31340760683,4.026099955765629,7.764578723838811,0.5188117264029459,0.05974363402035329,50.98174441501138,79.8943143979963,0.013079870340356564,0.5424238068567633
2008-05-31,122.79714285714284,125.39761904761905,7725.2,904054.0,14865.701,100.2674,54.0942,13555.0,8356.125,215.208,-62310.0,1.9783870967741934,3.8800000000000003,1.4342857142857142,3.735,14.697,53614.15616502341,3.6025329443954357,6.940164159506991,0.5196660419848348,0.06081475740700018,57.05974817717875,68.04820377393611,0.01297926267281106,0.5394993786614593
2008-06-30,132.32238095238094,133.88,7743.9,892713.0,14865.701,100.0335,54.9398,13494.0,8292.0,217.463,-60889.0,2.001,4.099523809523809,1.3257142857142856,3.9894,14.377,51823.70140556379,3.4802789763192927,6.692196619993,0.5209239712274585,0.060051860319267826,60.84822749266815,62.66513601341602,0.012917715879595554,0.5492140133055426
2008-07-31,132.71818181818182,133.3709090909091,7791.2,918625.0,14898.999,99.676,56.2819,13419.0,8407.021739130436,219.016,-66989.0,2.009677419354839,4.007727272727273,1.4345454545454546,4.0015,13.006,57376.13110567964,3.869888326881767,7.364222598018231,0.5229344602278314,0.0616568267438638,60.59748229270091,63.34491343957449,0.012793407947427868,0.5646484610136844
2008-08-31,113.24333333333334,116.66619047619047,7805.8,909982.0,14898.999,98.1111,54.5212,13348.0,7633.8,218.69,-62394.0,1.996451612903226,3.8857142857142852,1.4652380952380952,3.7395,14.119,57038.944794381496,3.866102465159123,7.307251632681019,0.5239143918326326,0.06107672065754216,51.78258417546908,67.41059076325317,0.012568999974378025,0.5557087832059777
2008-09-30,97.23476190476191,104.11428571428571,7872.4,1211825.0,14898.999,93.7895,42.9667,13267.0,6975.113636363636,218.877,-60292.0,1.8116666666666668,3.6861904761904762,1.61,3.7094,12.961,73589.09512509231,5.0125716096000135,9.347733235746698,0.5283844907969991,0.08133600116356811,44.42438534188695,71.7347736521998,0.011913711193536914,0.4581184460947121
2008-10-31,71.58217391304348,76.6086956521739,7974.9,1969086.0,14608.209,94.7219,50.9539,13138.0,4894.891304347826,216.995,-60879.0,0.9693548387096774,3.814090909090909,2.2018181818181817,3.0095,10.933,95273.47037750242,6.541763297866709,11.946666463216143,0.5459190787864548,0.1347931152956533,32.98793700916771,68.38142845862767,0.011877503166183903,0.5379315659842127
2008-11-30,52.45263157894737,57.30947368421053,8027.0,2106117.0,14608.209,93.4715,54.5202,13026.0,3729.1875,213.153,-45132.0,0.3876666666666667,3.526666666666667,2.3138888888888887,2.0985,10.526,137293.3256074149,9.455752664564343,17.1039399037517,0.5494855666427007,0.1441735259948704,24.607972479368044,71.09628988561107,0.011644636850629128,0.5832815350133463
2008-12-31,39.94681818181818,41.121818181818185,8204.7,2239457.0,14608.209,90.8357,54.1409,12842.0,3105.095238095238,211.398,-43967.0,0.15516129032258064,2.4163636363636365,1.5954545454545455,1.6687999999999998,10.383,202391.7565519247,13.98193838918951,24.667782679674417,0.5616499599642913,0.15330127053905102,18.896497687687766,77.73072748779086,0.01107117871463917,0.596031075887564
2009-01-31,43.439499999999995,41.71,8289.0,1927082.0,14430.902,88.57,54.6567,12552.0,3260.357142857143,211.933,-39343.0,0.15419354838709678,2.5175,1.7105000000000001,1.77225,9.786,174018.32915589583,12.06911288677967,20.99388697742741,0.574392369929475,0.13353856882958529,20.49680795345699,75.05512593048132,0.01068524550609241,0.6171017274472169
2009-02-28,43.32473684210526,39.08736842105263,8319.3,1916115.0,14430.902,88.031,55.2398,12371.0,3328.4125,212.705,-28778.0,0.22214285714285714,2.87,1.894736842105263,1.89175,9.223,176370.6586354425,12.242802574070865,21.200180139608197,0.5764920307822754,0.13277860247405188,20.368461880118126,76.82475977015683,0.01058153931220175,0.6275039474730493
2009-03-31,46.540454545454544,47.939090909090915,8386.4,2071556.0,14430.902,86.6528,55.0268,12196.0,3770.875,212.495,-30193.0,0.18064516129032257,2.819545454545455,1.8881818181818182,1.9373999999999998,9.748,167727.99556154144,11.6529140578836,19.999999470755203,0.5811417747830315,0.14355000124039372,21.90190571328951,81.02359628475715,0.010332538395497472,0.6350262195797481
2009-04-30,50.18190476190476,49.64666666666666,8391.1,2066712.0,14381.236,85.9344,55.9681,12017.0,4436.925,212.709,-30473.0,0.15033333333333332,2.927142857142857,2.0,2.02075,9.379,148587.53225507794,10.319906241763247,17.707753721809766,0.5834755788723583,0.14370892738287586,23.591810765837252,88.41683114763433,0.010241136442182788,0.6512886573944777
2009-05-31,57.302499999999995,59.028499999999994,8449.2,2080115.0,14381.236,85.0665,56.7749,11850.0,4591.460526315789,213.022,-25839.0,0.1774193548387097,3.293,2.3635,2.2395,10.176,127271.111986155,8.82903857598883,15.06309614947628,0.5875155654214979,0.14464090569127716,26.899803776135794,80.12670522779617,0.010067994603039341,0.6674178436869979
2009-06-30,68.60954545454545,69.64090909090909,8459.3,2025571.0,14381.236,84.7459,56.502,11713.0,5015.431818181818,214.79,-27152.0,0.20633333333333334,3.7218181818181817,2.5377272727272726,2.5968,10.149,115146.33421632832,7.978559422382987,13.611804075553334,0.5882178694515547,0.14084818578875974,31.94261625520064,73.10107922963277,0.010018074781601317,0.6667225199095177
2009-07-31,64.43545454545455,64.15227272727272,8463.5,2000547.0,14448.882,85.7027,58.8029,11654.0,5228.413043478261,214.726,-33307.0,0.15580645161290324,3.5622727272727275,2.5431818181818184,2.47825,11.566,115177.51217628724,7.943564998439149,13.60873305089942,0.5857546625406728,0.138456871611243,30.008221894625965,81.14186638956654,0.01012615348260176,0.6861265747753572
2009-08-31,72.50857142857143,71.04476190476191,8463.0,2074902.0,14448.882,86.6426,58.9101,11612.0,6176.875,215.445,-31674.0,0.16032258064516128,3.587142857142857,2.4719047619047623,2.5624000000000002,14.754,116694.2509896857,8.02018733109385,13.788757058925404,0.58572005778717,0.14360294450463365,33.65525838546795,85.18820435022461,0.010237811650714877,0.6799207318339939
2009-09-30,67.64619047619047,69.40809523809523,8461.6,2141020.0,14448.882,87.4063,60.0612,11580.0,6195.75,215.861,-35247.0,0.14666666666666667,3.401904761904762,2.4457142857142857,2.48,9.535,129585.12306289884,8.8752938202764,15.314494074749318,0.5856231644773624,0.14817893868882034,31.3378472610571,91.59052352224812,0.010329760329015789,0.6871495532930693
2009-10-31,72.76954545454545,75.71545454545455,8487.9,2161537.0,14651.249,87.6419,59.2092,11527.0,6305.988636363636,216.509,-34959.0,0.11806451612903227,3.3876190476190478,2.4385714285714286,2.50025,10.576,117806.29042253048,8.025176210058499,13.87932120106628,0.5793294482948177,0.14753260967716814,33.61040208700121,86.65697438363951,0.010325510432498028,0.6755809721149358
2009-11-30,76.662,77.99,8517.0,2206359.0,14651.249,88.0221,57.779,11498.0,6682.440476190476,217.234,-38381.0,0.119,3.4026315789473687,2.599473684210526,2.6138,11.041,129348.4440281012,8.794469950926892,15.187089823658706,0.58131562708408,0.15059187104116517,35.29005588443798,87.16757293301082,0.010334871433603381,0.6564146958547911
2009-12-31,74.45636363636363,74.47,8512.2,2234067.0,14651.249,88.3793,57.7191,11465.0,6976.97619047619,217.347,-39426.0,0.11806451612903227,3.5900000000000003,2.7154545454545453,2.56775,11.284,119658.08014844354,8.119970805260506,14.05724491300058,0.5809880099642017,0.15248304086566272,34.25690883074697,93.70557262977472,0.010382662531425483,0.6530839234979231
2010-01-31,76.16736842105263,78.32578947368421,8477.7,2246886.0,14764.61,89.3426,57.3129,11447.0,7367.375,217.488,-37744.0,0.11,3.7331578947368427,2.8042105263157895,2.67825,10.893,128951.53230337078,8.702060415461983,15.21067415730337,0.5741905813970027,0.1521805181444007,35.02141194964901,96.7261328929366,0.010538542293310684,0.6414957702148807
2010-02-28,73.75210526315789,76.38736842105263,8527.3,2286127.0,14764.61,89.6779,58.5238,11439.0,6867.675,217.281,-41504.0,0.12642857142857142,3.691052631578947,2.8342105263157897,2.60325,10.315,124883.18499701504,8.39697509491087,14.645102787167692,0.5775499657627258,0.15483829237616165,33.94319119626561,93.11835879796475,0.01051656444595593,0.6526000274315077
2010-03-31,78.82739130434783,81.20347826086957,8523.5,2307150.0,14764.61,90.2928,58.236,11439.0,7466.934782608696,217.353,-40271.0,0.16451612903225807,3.7273913043478264,2.7686956521739132,2.7418,11.772,118069.09252440617,7.910139436919372,13.852184258157584,0.5772925935734164,0.15626217014875435,36.26699024368094,94.72512865203555,0.010593394732210945,0.6449683695709957
2010-04-30,84.81761904761905,84.29285714285714,8554.8,2330472.0,14980.193,90.5991,57.3517,11475.0,7729.8375,217.403,-41496.0,0.19833333333333333,3.8468181818181817,2.786363636363636,2.8175,11.454,117130.98121757255,7.798050571433772,13.69184331808722,0.5710740842925054,0.1555702252968303,39.01400580839227,91.13480886159097,0.010590440454481697,0.6330272596526897
2010-05-31,75.94550000000001,73.7435,8609.0,2334041.0,14980.193,91.823,57.3274,11511.0,6843.157894736842,217.29,-42088.0,0.2006451612903226,3.4200000000000004,2.5895,2.7954,12.03,142956.56684436536,9.491900672892417,16.60547878317637,0.5746921952207158,0.15580847322861593,34.95121726724654,90.10616685303067,0.010665931002439307,0.6243250601701099
2010-06-30,74.7609090909091,75.3359090909091,8628.1,2330851.0,14980.193,91.9928,58.0556,11529.0,6501.5,217.199,-47316.0,0.17666666666666667,3.2040909090909087,2.4795454545454545,2.6835,11.598,142896.4334489197,9.46255444615374,16.56174979994665,0.575967212171432,0.1555955253714021,34.42046652650753,86.96389702931769,0.010661999745019182,0.6310885199711281
2010-07-31,75.58,76.31952380952382,8639.5,2325298.0,15141.607,92.3421,57.8935,11546.0,6750.568181818182,217.605,-41609.0,0.18258064516129033,3.0114285714285716,2.394761904761905,2.67925,11.948,130654.46158770808,8.604987451502192,15.12291933418694,0.5705801240251448,0.1535700933196853,34.73265779738517,89.31685871683226,0.010688361594999711,0.6269458892531142
2010-08-31,77.03954545454545,76.59909090909092,8687.9,2301015.0,15141.607,92.6805,59.1975,11538.0,7302.666666666667,217.923,-45619.0,0.18935483870967743,2.6986363636363637,2.178181818181818,2.6832000000000003,12.014,145615.41381163508,9.563891266233544,16.760714765551523,0.5737766143316227,0.1519663665818298,35.35172765359574,94.791144256885,0.010667767815007079,0.6387265929726318
2010-09-30,77.8404761904762,75.24190476190476,8718.7,2298691.0,15141.607,92.9537,60.588,11549.0,7729.590909090909,218.275,-44333.0,0.19466666666666665,2.6476190476190475,2.1676190476190476,2.67825,11.922,138883.26260657737,9.096656077014623,15.929354445797808,0.5758107445266544,0.15181288221256833,35.661654422392026,99.30040625877655,0.010661417413146454,0.6518083734160125
2010-10-31,82.6647619047619,81.89285714285714,8768.4,2295392.0,15309.474,92.6903,59.9897,11548.0,8289.761904761905,219.035,-40646.0,0.19129032258064516,2.54,2.164,2.76625,12.414,143399.43524313913,9.360296308927492,16.354116514203177,0.5727433875259202,0.14993278018565498,37.74043504680161,100.28168851816862,0.010570947949454861,0.6472058025489184
2010-11-30,85.2747619047619,84.25285714285714,8789.0,2346001.0,15309.474,92.7709,59.3692,11571.0,8458.420454545456,219.59,-38739.0,0.19433333333333333,2.763,2.309,2.8148,12.3,141365.61018131103,9.221223691923615,16.084379358437936,0.5740889595553708,0.15323851100305602,38.83362717098315,99.19019725897495,0.010555341904653544,0.6399549858845823
2010-12-31,91.44681818181817,89.14590909090909,8823.2,2420570.0,15309.474,93.6787,59.3528,11579.0,9152.857142857143,220.472,-41721.0,0.1832258064516129,3.290909090909091,2.6727272727272724,2.95075,12.605,131698.27982326952,8.584751347986172,14.926362297496318,0.5763228704003809,0.15810928579257524,41.47774691653279,100.08939977177852,0.010617315713119956,0.6335783908188307
2011-01-31,96.5235,89.1705,8849.0,2443527.0,15351.448,93.4814,58.3262,11606.0,9533.2,221.187,-48123.0,0.16838709677419356,3.3939999999999997,2.7794999999999996,3.0578,12.806,117575.23562817572,7.633283055359676,13.286838696821755,0.5764277089692126,0.15917241161876067,43.63886666033718,98.76558558278555,0.010564063736015369,0.6239337451086526
2011-02-28,103.71631578947368,88.57842105263158,8913.3,2533221.0,15351.448,93.1102,57.0785,11637.0,9880.9375,221.898,-44753.0,0.15678571428571428,3.5763157894736843,2.803684210526316,3.16775,13.081,112488.74852388618,7.278708197320487,12.62032563964931,0.5806162389371998,0.16501511779214573,46.740536548086816,95.26888247801442,0.01044620959689453,0.6130209150017936
2011-03-31,114.64347826086957,102.85652173913043,8971.5,2622523.0,15351.448,94.0788,59.4241,11659.0,9503.358695652174,223.046,-44312.0,0.13870967741935483,3.4143478260869564,2.7169565217391307,3.50875,13.259,109594.7241879103,7.067884001986022,12.215875181174864,0.5844074122519257,0.17083228891502614,51.399029016825935,82.89489153519418,0.010486406955358636,0.6316417726416579
2011-04-30,123.25888888888888,109.5325,9035.1,2690985.0,15557.539,93.7749,59.2922,11689.0,9482.75,224.093,-42685.0,0.098,3.4549999999999996,2.7205000000000004,3.7455,13.326,112220.7668467896,7.202839026700375,12.420534011443102,0.5807538068842379,0.1729698379673032,55.00345342732209,76.93359956009483,0.010378955407245077,0.6322821991812307
2011-05-31,114.98904761904762,100.90047619047618,9107.8,2774996.0,15557.539,93.888,59.9714,11697.0,8931.675,224.806,-47725.0,0.09387096774193548,3.168571428571429,2.6133333333333333,3.8494,12.28,119883.8472615068,7.683576728720078,13.162766778092054,0.5854267824750431,0.17836985656921703,51.150346351542055,77.67413666726023,0.010308526757284966,0.6387546864349012
2011-06-30,113.83318181818181,96.26409090909091,9182.1,2865251.0,15557.539,94.172,60.5839,11710.0,9066.852272727274,224.806,-49882.0,0.09200000000000001,3.002272727272727,2.591818181818182,3.628,11.886,123298.03003486188,7.891000819999565,13.428086171449005,0.5902026020953571,0.18417122399628888,50.63618489639147,79.65034560141835,0.010256041646246501,0.6433324130314744
2011-07-31,116.97349999999999,97.3035,9344.2,2863576.0,15647.68,94.636,59.4031,11729.0,9650.464285714286,225.395,-46070.0,0.07096774193548387,3.003,2.5965,3.61425,12.72,129305.47197943446,8.237945763668941,13.838046272493573,0.5971620074030144,0.18300323114992126,51.89711395550034,82.50128692151887,0.010127779799233749,0.6277008749313159
2011-08-31,110.21954545454545,86.33304347826088,9531.0,2853888.0,15647.68,95.2749,61.523,11748.0,8997.988636363636,226.106,-45052.0,0.09580645161290323,2.3030434782608693,2.072608695652174,3.6118,12.604,151794.3108862526,9.640813269676554,15.926378227494766,0.6090998793431358,0.18238409783431153,48.74684681279818,81.63696011679168,0.009996317280453257,0.6457419530222546
2011-09-30,112.83380952380953,85.51523809523809,9551.5,2850921.0,15647.68,95.1961,60.4629,11752.0,8300.136363636364,226.597,-43477.0,0.084,1.975238095238095,1.7638095238095237,3.57325,13.356,151382.79182119854,9.58506326828886,15.849111848526256,0.6104099777091556,0.1821944850610442,49.79492646584444,73.56072083948311,0.009966612573941266,0.6351405152101819
2011-10-31,109.55000000000001,86.32238095238095,9584.4,2845685.0,15842.259,95.8568,62.5921,11762.0,7394.190476190476,226.75,-45509.0,0.0706451612903226,2.152,1.8715,3.4,13.73,151452.84692942255,9.525998012215537,15.802016498625116,0.604989477826363,0.17962621366056444,48.31312017640574,67.49603355719283,0.010001335503526564,0.652975062802013
2011-11-30,110.76809523809524,97.16047619047619,9636.5,2814235.0,15842.259,95.8485,63.8654,11753.0,7581.022727272727,227.169,-47460.0,0.081,2.0134999999999996,1.7600000000000002,3.3295,13.743,152420.79981884058,9.552849746335038,15.817028985507246,0.608278150230974,0.17764101697870235,48.760216067375055,68.44049011565444,0.009946401701862709,0.6663161134498714
2011-12-31,107.87049999999999,98.56285714285715,9683.9,2926095.0,15842.259,96.3571,64.6872,11783.0,7558.875,227.223,-49473.0,0.07161290322580646,1.9780952380952381,1.720952380952381,3.22,13.798,140355.0891318447,8.76552661382777,14.493653293801536,0.6112701477737487,0.18470187869040647,47.473407181491304,70.0736067784983,0.00995023699129483,0.671327800442313
2012-01-31,110.68599999999999,100.2735,9757.6,2919545.0,16068.805,96.9318,65.5871,11820.0,8061.916666666667,227.842,-50126.0,0.08193548387096775,1.9665,1.7260000000000002,3.3296,14.395,152668.0180212651,9.48049380440818,15.64606235357722,0.6072386838971535,0.18169023769969203,48.58015642418869,72.83592023080305,0.00993397966713126,0.6766314047608732
2012-02-29,119.327,102.204,9809.8,2925722.0,16068.805,97.2435,66.4998,11841.0,8441.488095238095,228.329,-42780.0,0.10379310344827586,1.9675,1.6895,3.5165,14.975,135459.93236322247,8.393869631801198,13.80863344443541,0.6104872142016783,0.18207464711906082,52.260991814443194,70.74248154431181,0.00991289322921976,0.6838482777769208
2012-03-31,125.44545454545455,106.15772727272729,9853.9,2878137.0,16068.805,96.74,67.1578,11880.0,8470.784090909092,228.807,-49749.0,0.1267741935483871,2.1727272727272724,1.8281818181818181,3.7735,14.594,133587.90384459076,8.26016967619279,13.556856051369586,0.61323166221757,0.17911331925429427,54.82588143957771,67.52563591564606,0.009817432691624635,0.6942092205912755
2012-04-30,119.42166666666668,103.321,9907.7,2866561.0,16207.115,97.4359,67.3647,11897.0,8285.526315789473,229.187,-46842.0,0.13933333333333334,2.052857142857143,1.7609523809523808,3.8374,14.769,138252.96045907683,8.515618986724439,13.954092318002848,0.6113179304274697,0.1768705287770217,52.106649446376395,69.38042774864532,0.00983436115344631,0.6913745344375122
2012-05-31,110.33952380952381,94.65454545454546,9951.4,2842654.0,16207.115,97.6609,68.1051,11908.0,7896.909090909091,228.713,-45106.0,0.15580645161290324,1.8031818181818182,1.518181818181818,3.64325,14.496,152491.05921634095,9.3763748241652,15.32357851320829,0.6140142770628826,0.17539543589343323,48.24366074929008,71.56917864301568,0.00981378499507607,0.6973630183625176
2012-06-30,95.15571428571428,82.30333333333333,10021.6,2863547.0,16207.115,97.6663,68.136,11918.0,7428.289473684211,228.524,-42941.0,0.16166666666666668,1.6223809523809525,1.3304761904761906,3.4645,14.467,164060.72462877622,10.07036701579448,16.370711725550432,0.6183457080424246,0.176684561070863,41.63926514751811,78.06456532268834,0.009745579548175941,0.6976408443854225
2012-07-31,102.61857142857141,87.8952380952381,10074.5,2846757.0,16319.541,97.8713,69.9759,11944.0,7584.261363636364,228.59,-42406.0,0.15645161290322582,1.5266666666666668,1.2785714285714287,3.3793999999999995,14.38,155129.21361726508,9.491066792766102,15.39820473644003,0.6173274113530521,0.1744385457899827,44.89197752682594,73.90729824099586,0.009714755074693533,0.7149787527089145
2012-08-31,113.35608695652174,94.13130434782609,10145.6,2812806.0,16319.541,97.4525,68.7308,11940.0,7510.431818181818,229.918,-44030.0,0.13225806451612904,1.6782608695652175,1.4095652173913045,3.668,14.444,149447.084459165,9.129338243489912,14.730236206746271,0.6216841515334286,0.17235815639667806,49.30283273015672,66.25521416474511,0.00960539544235925,0.7052748775044253
2012-09-30,112.8636842105263,94.51368421052632,10226.1,2804457.0,16319.541,97.381,71.0467,11934.0,8087.7425,231.015,-38794.0,0.14433333333333334,1.7231578947368422,1.4678947368421054,3.80075,15.099,161056.74306608402,9.823408557247747,15.749576384553643,0.626616888305866,0.17184656112570812,48.85556531416847,71.6593876637397,0.009522789724332834,0.729574557665253
2012-10-31,111.7108695652174,89.4913043478261,10292.4,2823137.0,16420.419,97.7193,73.794,11941.0,8062.032608695652,231.638,-41467.0,0.15838709677419355,1.7461904761904763,1.469047619047619,3.6534,14.83,163242.3836855218,9.907070600200267,15.860477992064224,0.626804955464291,0.17192843861048854,48.226486830838375,72.16873917527779,0.009494316194473593,0.7551630026003051
2012-11-30,109.05857142857143,86.53142857142858,10361.9,2851362.0,16420.419,98.0777,74.5902,11930.0,7711.227272727273,231.249,-45332.0,0.16066666666666668,1.654,1.386,3.38,15.456,159836.82766684654,9.666982515069671,15.425436229537686,0.6310374905780418,0.17364733506495783,47.1606672584839,70.70720963714244,0.009465223559385826,0.7605215048884711
2012-12-31,109.494,87.8595,10484.1,2907300.0,16420.419,98.3101,75.2664,11939.0,7966.486842105263,231.221,-36334.0,0.16451612903225807,1.719,1.462,3.2564,15.462,158091.02778277287,9.528580494706825,15.07912245998921,0.638479444403946,0.177053947283562,47.35469529151764,72.7572911949994,0.00937706622409172,0.7656019066199709
2013-01-31,112.96,94.75666666666667,10508.1,3008704.0,16648.189,98.3342,75.3082,11962.0,8053.738636363636,231.679,-40135.0,0.14258064516129032,1.9147619047619049,1.6495238095238096,3.25475,15.813,151168.20046741108,9.069195900797707,14.385873799013243,0.6311857704162297,0.18072259991762468,48.75711652760932,71.29726129925315,0.009357942920223445,0.7658393519243559
2013-02-28,116.05052631578947,95.30894736842104,10527.5,3090600.0,16648.189,98.7941,76.0834,11974.0,8060.925,232.937,-41004.0,0.14500000000000002,1.9842105263157896,1.7168421052631577,3.605,15.861,149673.21573398216,8.968677340202968,14.21735604217356,0.6323510623287615,0.18564181365312468,49.82056363557076,69.46047774109282,0.009384383756827357,0.770120887785809
2013-03-31,108.474,92.9385,10583.8,3202256.0,16648.189,99.1921,76.7473,11977.0,7652.375,232.282,-34314.0,0.1435483870967742,1.9575,1.7015,3.6477500000000003,15.721,153480.97137144415,9.185767559085,14.50149959102063,0.6357328115388406,0.19234860920908578,46.69927071404586,70.5457068053174,0.009372068633194126,0.773723915513433
2013-04-30,102.24818181818182,92.02136363636363,10611.3,3318649.0,16728.687,99.1065,78.4525,11978.0,7221.161904761905,231.797,-38487.0,0.145,1.7590909090909093,1.526818181818182,3.5014000000000003,15.811,153987.52847447625,9.174129289320271,14.511655355562114,0.6343175647915463,0.19838072169082963,44.11108936620484,70.6238661299876,0.009339713324474853,0.7915979274820522
2013-05-31,102.55863636363637,94.50954545454546,10646.1,3385128.0,16728.687,99.1839,78.4156,11978.0,7248.714285714286,231.893,-41701.0,0.10903225806451612,1.9281818181818182,1.6777272727272725,3.5645000000000002,15.884,147539.2677590169,8.760582394521604,13.858527325407133,0.6363978236905263,0.20235467374098157,44.226706439451114,70.67873114081713,0.009316453912700425,0.7906081531377572
2013-06-30,102.9195,95.77250000000001,10703.3,3478672.0,16728.687,99.3897,78.9238,11982.0,7000.2375,232.445,-34426.0,0.09366666666666666,2.3,1.9665,3.576,16.149,129422.82352365096,7.659265491673916,12.091861717755362,0.6398170998118381,0.20794650530552694,44.27692572436491,68.01662950169793,0.009285893135761869,0.7940842964613033
2013-07-31,107.93318181818182,104.67090909090908,10742.8,3571797.0,16953.838,99.0814,81.5543,11962.0,6906.641304347826,232.9,-36356.0,0.09258064516129033,2.5822727272727275,2.2413636363636367,3.5149999999999997,16.021,131960.21427247452,7.756259430203251,12.28359592215014,0.6336500325177107,0.2106777828123638,46.343143760490264,63.98997220319481,0.009223051718360204,0.8231040336531377
2013-08-31,111.28045454545455,106.57272727272726,10801.2,3644456.0,16953.838,99.6543,81.3853,11992.0,7186.25,233.456,-36617.0,0.08290322580645161,2.7372727272727273,2.380909090909091,3.51475,15.827,131885.34875164257,7.724822882708292,12.210249671484886,0.6370946802723962,0.21496347906592006,47.666564382776436,64.57782752014771,0.00922622486390401,0.8166762497955431
2013-09-30,111.59649999999999,106.2895,10862.0,3734018.0,16953.838,100.161,84.3516,12010.0,7159.269047619048,233.544,-39917.0,0.08,2.8095,2.4055,3.4737999999999998,15.857,133171.02722658054,7.773018022372895,12.260267651130595,0.6406808888937124,0.2202461767064189,47.78392936662898,64.15316831279698,0.00922122997606334,0.8421601222032528
2013-10-31,109.07652173913044,100.53826086956522,10986.3,3843396.0,17192.019,100.082,82.2192,12033.0,7203.021739130435,233.669,-36285.0,0.08709677419354839,2.6159090909090907,2.2804545454545457,3.28475,15.727,133536.1969335292,7.7666906084521985,12.154792508262943,0.6390348917134165,0.22355698885628267,46.67992833415234,66.03640842487923,0.009109709365300419,0.8215183549489419
2013-11-30,107.792,93.864,10995.6,3925876.0,17192.019,100.3158,83.2199,12054.0,7070.654761904762,234.1,-33983.0,0.08433333333333333,2.718421052631579,2.4147368421052633,3.186,16.079,125326.40888807942,7.288589383639985,11.397869046534923,0.6395758403943133,0.22835456382406277,46.04527979495942,65.59535737257646,0.009123267488813707,0.8295791889213863
2013-12-31,110.75666666666666,97.6252380952381,11060.1,4032575.0,17192.019,100.5175,84.0574,12060.0,7214.9,234.719,-33636.0,0.08516129032258064,2.901904761904762,2.5619047619047617,3.2088,15.835,119461.4387672344,6.946923550712367,10.801117419122283,0.6433275812456931,0.23456087385664243,47.186919962451555,65.14190266951576,0.009088299382464896,0.8362464247519089
2014-01-31,108.11772727272728,94.61714285714285,11130.8,4102138.0,17197.738,100.1599,85.9088,12058.0,7291.465909090909,235.288,-37433.0,0.07161290322580646,2.858095238095238,2.4642857142857144,3.25225,15.614,130220.41711330511,7.536806396651793,11.699106723084157,0.6472246524513863,0.2385277645234507,45.95122882285849,67.44005902656616,0.008998445754123693,0.8577165112984338
2014-02-28,108.90052631578948,100.81736842105263,11196.8,4159972.0,17197.738,100.9168,86.9222,12084.0,7149.2125,235.547,-40119.0,0.06642857142857143,2.709473684210526,2.382631578947368,3.305,15.993,136068.8734536791,7.838916307579978,12.152478695134244,0.6510623664577283,0.24189064864228074,46.233034730134314,65.64901696864835,0.009013003715347242,0.8613253690168535
2014-03-31,107.48095238095237,100.80380952380953,11232.6,4226971.0,17197.738,101.8942,88.1845,12096.0,6650.035714285714,236.028,-42940.0,0.07806451612903226,2.723333333333333,2.3242857142857143,3.474,16.985,133988.12646239556,7.683547557239434,11.928505106778088,0.6531440355702592,0.2457864516833551,45.537373693355185,61.871760223295375,0.009071292487936897,0.8654516154992139
2014-04-30,107.7552380952381,102.06904761904761,11277.7,4296049.0,17518.508,101.9928,90.6393,12109.0,6673.5625,236.468,-43735.0,0.09033333333333333,2.705238095238095,2.288095238095238,3.59025,16.695,134771.3307749214,7.661842285909216,11.950249676345477,0.6437591603120539,0.24522915992617636,45.5686342740828,61.93260409393422,0.009043758922475328,0.8886833188225052
2014-05-31,109.53909090909092,102.17714285714285,11342.8,4322654.0,17518.508,102.3836,92.5385,12120.0,6891.125,236.918,-39575.0,0.08709677419354837,2.559047619047619,2.17,3.60075,17.137,129464.87221613726,7.330398880547489,11.413837166849214,0.6474752301965441,0.2467478394849607,46.23502262769858,62.910189803557046,0.009026307437317065,0.90384104485484
2014-06-30,111.79523809523809,105.7942857142857,11398.1,4368348.0,17518.508,102.735,94.754,12146.0,6821.142857142857,237.231,-38895.0,0.09566666666666666,2.5985714285714288,2.146190476190476,3.6257999999999995,17.516,134768.45607476638,7.5999543938168355,11.823765020026704,0.6506318917113261,0.24935616663245522,47.12505452290725,61.01461004387273,0.009013344329318045,0.9223146931425513
2014-07-31,106.76818181818182,103.58863636363638,11453.0,4406637.0,17804.228,102.9632,95.4017,12165.0,7113.380434782609,237.498,-38935.0,0.09096774193548386,2.5422727272727275,2.0359090909090907,3.539,17.277,139193.8266224538,7.806199180638219,12.15348176219801,0.6432741706071164,0.24750508699394325,44.95540249525546,66.62453470357077,0.008990063738758405,0.9265611402909001
2014-08-31,101.60809523809523,96.53619047619047,11477.3,4413736.0,17804.228,102.7688,96.1364,12182.0,7001.8375,237.46,-36935.0,0.08806451612903225,2.42,1.9476190476190476,3.42525,17.239,143137.8500484966,8.01526597072293,12.471387002909797,0.6446390149575707,0.2479038125101521,42.789562552891105,68.91023282734315,0.008954091990276459,0.9354629031379174
2014-09-30,97.09142857142858,93.21190476190476,11519.1,4459050.0,17804.228,103.0641,97.4334,12201.0,6872.215909090909,237.477,-41672.0,0.08833333333333333,2.5342857142857143,1.9676190476190476,3.3536,16.959,147109.3434823977,8.225238316938404,12.770906015435036,0.6469867719060889,0.25044893830836135,40.88456085070494,70.78087129014826,0.008947235461103731,0.945367009463043
2014-10-31,87.42521739130434,84.39695652173914,11593.1,4486754.0,17912.079,103.0764,98.2706,12233.0,6737.478260869565,237.43,-41067.0,0.08903225806451612,2.304090909090909,1.8586363636363636,3.11975,16.756,158256.9427574171,8.816571505674105,13.650959860383944,0.6472224692622224,0.25048761788064916,36.821470492905,77.06561632799212,0.008891185273999189,0.9533763305664535
2014-11-30,79.4378947368421,75.78947368421052,11634.2,4485931.0,17912.079,103.7126,97.78,12260.0,6712.85,236.983,-39808.0,0.09200000000000001,2.3255555555555554,1.7983333333333331,2.875,16.949,195936.35114950943,10.892733273584115,16.84141162688534,0.6495170102811628,0.2504416712320217,33.52050346938055,84.50437945564892,0.008914459094737927,0.942797692855063
2014-12-31,62.33500000000001,59.29045454545455,11717.6,4497660.0,17912.079,103.7044,101.3606,12266.0,6446.452380952381,236.252,-42838.0,0.12258064516129032,2.2072727272727275,1.5718181818181818,2.4882,17.178,243470.2017331023,13.506862657927368,20.778162911611787,0.6541730862174067,0.2510964807602736,26.384961820429037,103.41625701375439,0.008850310643817846,0.9773992231766444
2015-01-31,47.7595,47.219,11805.2,4500064.0,18063.529,102.8905,99.9712,12265.0,5830.535714285714,234.747,-38865.0,0.11483870967741935,1.8815000000000002,1.33,2.04575,16.91,288551.564107449,15.92659511057003,24.442751000190512,0.653537855199834,0.24912429902263283,20.345094931990612,122.08117158441176,0.008715693084403483,0.9716271181498777
2015-02-28,58.0955,50.58421052631579,11922.8,4486725.0,18063.529,102.2335,101.1319,12275.0,5729.275,235.342,-33903.0,0.11071428571428572,1.9752631578947368,1.3563157894736841,2.152,16.891,232703.6037311032,12.805855301694882,19.51752975233194,0.660048210955899,0.2483858497417642,24.685563987728496,98.6182234424353,0.008574621733149932,0.9892246670611883
2015-03-31,55.88545454545454,47.82363636363636,11920.5,4480603.0,18063.529,101.8914,101.7868,12286.0,5939.670454545455,235.976,-48732.0,0.11290322580645161,2.0427272727272725,1.4022727272727273,2.3522,17.896,256330.8389383749,14.064236442912312,21.50336302490457,0.6599208825695134,0.24804693479330645,23.682685758490077,106.28294075544133,0.00854757770227759,0.9989734167947442
2015-04-30,59.52428571428571,54.45285714285714,11954.6,4471499.0,18279.784,101.3355,102.7838,12291.0,6042.0875,236.222,-39836.0,0.12466666666666668,1.935,1.395,2.3689999999999998,17.693,212187.423855964,11.588453876515082,17.749437359339833,0.6539792811556198,0.24461443308082853,25.198451335728976,101.5062579499364,0.008476695163368075,1.01429212862225
2015-05-31,64.075,59.265,11982.6,4463981.0,18279.784,100.8883,101.5082,12306.0,6294.776315789474,237.001,-38502.0,0.12322580645161291,2.1975000000000002,1.5885,2.5775,17.929,218328.43112673904,11.904037010940366,18.220455587830607,0.6555110279202424,0.24420315907452736,27.035750904004622,98.24075405055753,0.008419566705055663,1.0061444191249134
2015-06-30,61.47772727272727,59.819545454545455,12023.2,4495055.0,18279.784,100.571,101.4092,12307.0,5833.011363636364,237.657,-42425.0,0.129,2.3636363636363638,1.675,2.7002,17.889,222614.53786561263,12.117605595878643,18.515415019762845,0.6577320607289452,0.2459030697518089,25.868258571271735,94.88007482384604,0.00836474482666844,1.008334410515954
2015-07-31,56.56130434782609,50.90090909090909,12067.0,4485480.0,18401.626,101.2228,101.7772,12323.0,5456.75,238.034,-40340.0,0.13032258064516128,2.3245454545454547,1.656818181818182,2.6654999999999998,18.318,255307.40676328505,13.867862833177588,21.157487922705315,0.6557572684066071,0.24375454647323014,23.761859376318547,96.47496752273409,0.008388398110549432,1.0054770269148847
2015-08-31,46.515,42.86761904761905,12112.0,4475105.0,18401.626,101.0367,101.1756,12318.0,5127.3,238.033,-44205.0,0.13806451612903226,2.1671428571428573,1.4695238095238095,2.5216000000000003,18.391,260336.80697762605,14.134619101989284,21.494122108456576,0.6582027044783977,0.24319073760112286,19.541408124083638,110.22895840051596,0.008341867569352708,1.0013747479876125
2015-09-30,47.62318181818182,45.47952380952381,12173.9,4484111.0,18401.626,100.7547,101.4714,12326.0,5217.25,237.498,-41641.0,0.136,2.172857142857143,1.4595238095238094,2.275,18.281,280238.4039215686,15.208230602001738,23.01960784313725,0.6615665376527052,0.24368015087362388,20.052034887949297,109.55273883040154,0.008276287796022639,1.0071133158056151
2015-10-31,48.43,46.22363636363636,12225.2,4489339.0,18435.137,100.2675,100.0176,12334.0,5216.090909090909,237.733,-40873.0,0.1235483870967742,2.07,1.4252380952380952,2.23025,18.27,282279.74438827095,15.293219876277533,23.08998988877654,0.6631466855928438,0.24352078316532175,20.371593342110685,107.7037148273985,0.008201706311553184,0.9975076669907996
2015-11-30,44.26761904761905,42.4435,12317.0,4477088.0,18435.137,99.5298,97.9776,12329.0,4799.904761904762,238.017,-40451.0,0.11766666666666666,2.263157894736842,1.378421052631579,2.0882,18.314,294225.620650954,15.92083890704214,23.887766554433224,0.668126306845455,0.2428562369783311,18.598511470869326,108.42925066156064,0.008080685231793457,0.9844046707619226
2015-12-31,38.00545454545455,37.18863636363636,12387.9,4486587.0,18435.137,99.0417,98.4676,12333.0,4638.833333333333,237.761,-41003.0,0.24064516129032257,2.2427272727272727,1.26,1.9460000000000002,17.503,351931.99812231754,19.020026343628228,28.409334763948493,0.6719722234773737,0.24337150301622384,15.984730273448777,122.05704125404645,0.007995035478168213,0.9942034516774247
2016-01-31,30.6995,31.683157894736844,12518.5,4482349.0,18525.933,99.5607,98.2355,12354.0,4471.7875,237.652,-40044.0,0.3429032258064516,2.0852631578947367,1.1857894736842105,1.843,18.054,390286.7540435025,21.014369394862538,31.17679866146124,0.6757284504915353,0.24194997358567583,12.917837846935857,145.66320298376195,0.007953085433558334,0.9866895270925174
2016-02-29,32.1815,30.323,12603.9,4489796.0,18525.933,99.0445,96.5513,12337.0,4598.619047619048,237.336,-43306.0,0.37517241379310345,1.7795,1.046,1.6812,18.096,434500.1036398999,23.336611126882783,34.47346485134759,0.6803382048288742,0.24235195064129833,13.559468432938953,142.89635497472298,0.007858242290084815,0.9748274765383237
2016-03-31,38.210454545454546,37.54636363636364,12661.8,4482840.0,18525.933,98.3096,96.7929,12313.0,4953.797619047619,238.08,-36801.0,0.362258064516129,1.8890909090909092,1.014090909090909,1.8952499999999999,17.291,394285.3161485974,21.124019779504938,31.139752337629517,0.6834635534955242,0.2419764769741961,16.04941807184751,129.6450847805189,0.007764267323761235,0.9845722086144181
2016-04-30,41.583333333333336,40.7552380952381,12743.2,4474665.0,18711.702,98.6421,94.5371,12325.0,4872.738095238095,238.992,-38048.0,0.3653333333333333,1.805238095238095,1.0371428571428571,2.027,17.669,343312.7413577676,18.303241893129943,26.940857975843397,0.681028374650259,0.23913725218582468,17.399466648813906,117.18007443458345,0.007740763701425073,0.9583849086748963
2016-05-31,46.742380952380955,46.712380952380954,12802.0,4461111.0,18711.702,98.4184,94.8499,12303.0,4694.5375,239.557,-39032.0,0.36516129032258066,1.8061904761904761,0.99,2.1994,17.695,313284.29635594925,16.662134637910516,24.471511979061805,0.6841707932287506,0.23841289263798665,19.512007978218527,100.43428264346622,0.0076877362912044995,0.9637415361355194
2016-06-30,48.24727272727273,48.75727272727273,12852.5,4466482.0,18711.702,98.8833,94.1477,12321.0,4641.965909090909,240.222,-41719.0,0.37766666666666665,1.6440909090909093,0.9127272727272728,2.30275,17.735,340441.9220753205,18.06306632616464,26.48838141025641,0.6868696391167409,0.23869993226698458,20.084452184759403,96.21198560446186,0.007693701614471893,0.9521092034752076
2016-07-31,44.951904761904764,44.6515,12911.9,4464498.0,18892.639,98.9992,93.6195,12342.0,4864.904761904762,240.101,-39931.0,0.3916129032258065,1.504,0.8314999999999999,2.15725,18.109,402772.4104581212,21.26365499215499,31.19389171679778,0.6834354904044904,0.23630886082140246,18.722081441520345,108.22466339685802,0.007667283668553815,0.9456591568416715
2016-08-31,45.843043478260874,44.72434782608696,12989.7,4457907.0,18892.639,98.85,93.5225,12319.0,4751.670454545455,240.545,-40146.0,0.3967741935483871,1.556521739130435,0.8191304347826087,2.1194,17.927,360659.4206500956,18.99106154128491,27.76503080518377,0.6875534963643778,0.23595999478950505,19.057990595631118,103.65085068574764,0.007609875516755582,0.9461052099140111
2016-09-30,46.567727272727275,45.18238095238095,13054.9,4452002.0,18892.639,98.7457,91.4917,12317.0,4722.204545454545,241.176,-37004.0,0.39633333333333337,1.6304761904761906,0.8595238095238096,2.161,17.956,350188.51202609047,18.392066384727514,26.82429677945373,0.6910045759091676,0.23564743919576298,19.308607520121104,101.40508936153597,0.007563880228879578,0.9265385733252182
2016-10-31,49.522380952380956,49.775238095238095,13122.8,4454326.0,19089.379,98.7611,93.9838,12316.0,4731.261904761905,241.741,-38555.0,0.3964516129032258,1.7645,0.9215,2.1864,17.954,345651.2393958204,18.06188229486459,26.33974756879785,0.6874398585726649,0.23334053978392907,20.48571857995994,95.5378520534246,0.0075259167250891585,0.9516277157706831
2016-11-30,44.73409090909091,45.66095238095238,13208.7,4446307.0,19089.379,98.3491,93.5075,12311.0,5450.931818181818,242.026,-43896.0,0.4066666666666666,2.1420000000000003,1.1625,2.10475,17.792,306292.1099881094,15.965410304966184,23.18866428854538,0.6919397430372146,0.2329204632586529,18.48317573694186,121.85185185185185,0.00744578194674722,0.9507712831129109
2016-12-31,53.3085,51.9704761904762,13234.9,4451451.0,19089.379,99.0214,93.6673,12324.0,5660.35,242.637,-40976.0,0.54,2.491904761904762,1.2952380952380953,2.192,18.277,267532.722261236,13.910516339860568,20.21418539325843,0.6933122339914776,0.2331899324750166,21.970474412393823,106.18100302953563,0.0074818396814482924,0.9459298697049324
2017-01-31,54.57666666666666,52.504,13315.7,4452838.0,19280.084,98.7611,94.7086,12334.0,5754.559523809524,243.618,-43556.0,0.6496774193548387,2.4325,1.226,2.2854,17.652,289259.74044157244,14.972250337770616,21.723209477652127,0.6906453312132873,0.23095532156395168,22.402559197869888,105.43992286953261,0.007416891338795557,0.958966637674145
2017-02-28,54.8695,53.46842105263158,13394.8,4468702.0,19280.084,98.3646,96.691,12350.0,5940.9125,244.006,-39785.0,0.6567857142857143,2.4189473684210525,1.2178947368421054,2.2265,17.699,300191.76284584985,15.50628267534983,22.411067193675898,0.6947480104339795,0.23177813955582352,22.486947042285845,108.27349438212487,0.007343491504165796,0.9829857489381343
2017-03-31,51.589130434782604,49.32782608695652,13463.6,4469618.0,19280.084,99.0137,97.2847,12361.0,5824.630434782609,243.892,-41124.0,0.7861290322580645,2.4817391304347827,1.168695652173913,2.243,17.061,317776.6251655629,16.38108005191261,23.602649006622517,0.6983164596170847,0.231825649722273,21.15244880306964,112.90421811133119,0.007354177188864791,0.9825377700257641
2017-04-30,52.30789473684211,51.060526315789474,13521.7,4470142.0,19438.643,100.0224,97.1899,12367.0,5683.902777777778,244.193,-44227.0,0.896,2.2973684210526315,1.0563157894736843,2.34,17.166,330313.5837182448,16.937307195723626,24.4284064665127,0.6956092562634131,0.2299616284943347,21.420718340346408,108.66242670199505,0.00739717639054261,0.971681343379083
2017-05-31,50.326521739130435,48.47636363636364,13568.9,4459914.0,19438.643,100.1408,98.6865,12377.0,5599.559523809524,244.004,-43985.0,0.9074193548387097,2.3036363636363637,1.0018181818181817,2.3032,17.081,342189.85387673957,17.48934464464117,25.21868787276342,0.6980374092985812,0.22943546007815463,20.625285544142898,111.2645843643848,0.007380170831828667,0.9854774477535629
2017-06-30,46.36818181818182,45.177727272727275,13580.5,4463347.0,19438.643,100.3471,98.8137,12390.0,5719.761363636364,244.163,-42579.0,1.04,2.186818181818182,0.8445454545454546,2.2565,17.13,351386.93551752926,17.901320499069534,25.87437395659433,0.6986341587733259,0.22961206705632692,18.990666816094908,123.35530830310755,0.007389057840285704,0.9847190402114261
2017-07-31,48.47857142857143,46.630526315789474,13643.1,4465284.0,19692.595,100.1068,100.0805,12390.0,5985.119047619048,244.243,-43854.0,1.1506451612903223,2.318,0.9455,2.2108,17.237,328528.5444697834,16.61020397364644,24.080197643481565,0.692803563979252,0.2267493948867582,19.84849982540807,123.4590638966652,0.007337540588282722,0.9997372805843359
2017-08-31,51.70434782608696,48.03695652173913,13697.7,4452360.0,19692.595,99.6925,99.5159,12435.0,6485.625,245.183,-41391.0,1.1570967741935483,2.2091304347826086,0.8739130434782609,2.2965,17.051,345438.46303724934,17.389439681018814,25.218720152817575,0.6955761797772209,0.22609310758688736,21.088063946557046,125.43674318869827,0.007278046679369528,0.9982285527998597
2017-09-30,56.152857142857144,49.822,13745.1,4455661.0,19692.595,99.7954,101.9091,12443.0,6577.166666666667,246.435,-41593.0,1.153333333333333,2.202,0.8175000000000001,2.57025,18.313,306914.0866840731,15.38342082851272,22.328981723237597,0.6979831759095233,0.2262607340474935,22.78607224739065,117.12968852028052,0.007260434627612749,1.021180334965339
2017-10-31,57.50772727272727,51.57772727272727,13800.1,4461117.0,20037.088,101.0247,103.2235,12457.0,6807.602272727273,246.626,-42848.0,1.1538709677419354,2.3600000000000003,0.8104761904761905,2.4295999999999998,18.482,285362.57655307354,14.1901156514602,20.67829773357248,0.6887278231247974,0.22264298085630008,23.31778777287361,118.37717460894584,0.007320577387120383,1.0217649743082633
2017-11-30,62.71409090909091,56.63857142857143,13843.5,4438592.0,20037.088,101.2664,105.9252,12472.0,6826.545454545455,247.284,-45463.0,1.157,2.3533333333333335,0.6566666666666666,2.474,18.003,277675.86768407805,13.75803087997924,20.058212712397737,0.6908938065251797,0.221518815508521,25.36116000594091,108.85186017351472,0.007315086502690794,1.0460053877692896
2017-12-31,64.3736842105263,57.8815,13881.7,4448680.0,20037.088,101.4644,105.9714,12501.0,6833.894736842105,247.805,-46535.0,1.3016129032258066,2.4025,0.5585,2.38825,17.887,271811.6994888756,13.41903154623358,19.580577269993988,0.6928002711771292,0.22202228188048084,25.977556631434517,106.15975799198759,0.0073092200522990695,1.0444195205411948
2018-01-31,69.07727272727273,63.698571428571434,13900.3,4419225.0,20328.553,101.4625,106.7889,12527.0,7065.852272727273,248.859,-46993.0,1.414516129032258,2.583809523809524,0.5519047619047619,2.4672,17.176,270838.4061413673,13.28183361496794,19.48435689455388,0.6837820675185292,0.2173900424688368,27.757594753363442,102.2891031124564,0.0072993028927433225,1.0524962424541087
2018-02-28,65.3175,62.22947368421052,13949.3,4393401.0,20328.553,101.7085,108.9319,12551.0,7006.525,249.529,-48714.0,1.4175,2.8589473684210525,0.6836842105263158,2.488,17.447,279856.504261796,13.681748429699388,20.062404870624047,0.6861924702658374,0.2161197110291126,26.17631617968252,107.26872583917022,0.007291297771214326,1.0710206128298028
2018-03-31,66.01666666666667,62.724761904761905,14012.7,4392198.0,20328.553,102.2067,111.1569,12576.0,6799.178571428571,249.577,-43514.0,1.5061290322580645,2.8423809523809522,0.5666666666666667,2.488,17.662,264033.3831058021,12.868489642257336,18.84243458475541,0.6893112362694974,0.21606053318207155,26.451422473491814,102.99184910015508,0.007293861996617353,1.0875696016014604
2018-04-30,72.10600000000001,66.25380952380952,14035.9,4372886.0,20580.912,103.3329,112.1323,12595.0,6851.5125,250.227,-46306.0,1.6923333333333332,2.869047619047619,0.4847619047619047,2.652,17.584,245217.6252659574,11.883366610714544,17.470744680851062,0.6819862987607157,0.21247289721660537,28.816234858748256,95.02000527001913,0.0073620430467586685,1.0851558409761073
2018-05-31,76.9752380952381,69.97818181818182,14092.4,4327519.0,20580.912,102.4024,112.0912,12623.0,6825.27380952381,250.792,-41635.0,1.7,2.977727272727273,0.4659090909090909,2.8075,17.829,235720.81443298972,11.393081382047226,16.726804123711343,0.6847315609726138,0.2102685731322305,30.69286025680169,88.66843388102544,0.0072664982543782465,1.0946149699616414
2018-06-30,74.4047619047619,67.87333333333333,14137.2,4305491.0,20580.912,103.198,115.2838,12656.0,6965.857142857143,251.018,-44928.0,1.8196666666666665,2.9123809523809525,0.379047619047619,2.8015,17.743,222756.13296398896,10.738197772392146,15.756736338453791,0.6869083352574463,0.20919826099057223,29.64120577200117,93.62112000000002,0.007299748182101122,1.1171127347429215
2018-07-31,74.2540909090909,70.98142857142857,14174.6,4277681.0,20798.73,103.3646,117.8029,12676.0,6250.75,251.214,-49560.0,1.91,2.889047619047619,0.28238095238095234,2.7704,17.629,233551.59111111113,11.213070135864882,16.47676767676768,0.6815127654428901,0.20567029813839596,29.558102219259634,84.18054713851089,0.007292241050893852,1.1396832184326162
2018-08-31,72.52826086956522,68.05565217391305,14223.2,4218914.0,20798.73,104.0327,122.3271,12688.0,6051.045454545455,251.663,-49301.0,1.9148387096774193,2.889130434782609,0.2534782608695652,2.76775,17.564,220588.2335917313,10.57556222007904,15.50904392764858,0.6838494465767863,0.20284478908087175,28.81959639262236,83.4301744174957,0.00731429636087519,1.1758524002549198
2018-09-30,78.89099999999999,70.2321052631579,14245.5,4192909.0,20798.73,104.1004,122.7068,12710.0,6050.7625,252.182,-50245.0,1.9546666666666668,3.004210526315789,0.23631578947368423,2.7685,17.776,204492.68521864832,9.789921251563808,14.3548970003614,0.68492162742629,0.20159447235480243,31.283358844009484,76.6977538629248,0.0073075988908778205,1.1787351441493021
2018-10-31,81.03217391304348,70.74869565217391,14256.6,4139731.0,20917.867,103.9856,122.9406,12731.0,6219.586956521739,252.772,-52160.0,2.187741935483871,3.152272727272727,0.2913636363636364,2.7852,17.991,229072.0211836356,10.925724541392828,16.067787634052692,0.6815513264330442,0.19790406928201618,32.057416926338156,76.75453657699035,0.007293856880322097,1.1822848548260527
2018-11-30,64.74818181818182,56.963499999999996,14282.8,4097170.0,20917.867,104.0681,124.8729,12741.0,6195.920454545455,252.594,-49143.0,2.197666666666667,3.117,0.258,2.561,18.061,297359.62316865416,14.150054444832916,20.819420783645658,0.6828038441969251,0.19586939720001087,25.633301589975144,95.69257824017522,0.007286253395692722,1.1999152478040822
2018-12-31,57.36235294117647,49.522777777777776,14386.8,4075636.0,20917.867,104.0936,126.682,12761.0,6075.315789473684,252.767,-54997.0,2.274193548387097,2.8326315789473684,0.1563157894736842,2.2630000000000003,18.077,338528.48640705366,16.07206031386775,23.5304922850845,0.6877756704352312,0.19483994233255236,22.693766568094915,105.91120269602182,0.007235354630633637,1.2170008530783833
2019-01-31,59.40954545454545,51.37571428571429,14459.7,4039678.0,21111.6,103.4021,126.8843,12790.0,5939.102272727273,252.561,-48785.0,2.4,2.713809523809524,0.17047619047619048,2.145,16.97,308468.92729035387,14.56197142079152,21.33301017935046,0.6849172966520776,0.19134873718713882,23.522850105339085,99.96882196769727,0.007151054309563822,1.2270959680702809
2019-02-28,63.9605,54.95473684210527,14506.3,3974590.0,21111.6,102.8371,123.7277,12782.0,6300.4875,253.319,-47570.0,2.4,2.6763157894736844,0.17210526315789473,2.2225,16.962,288630.2783927217,13.57955376474436,19.896891584533737,0.6871246139563084,0.18826569279448266,25.248994350996178,98.50591380617725,0.007089133686743002,1.2031426401561303
2019-03-31,66.13857142857144,58.151428571428575,14557.5,3955617.0,21111.6,102.8757,126.4961,12788.0,6439.464285714286,254.277,-48154.0,2.4051612903225807,2.570952380952381,0.16142857142857142,2.443,17.842,276701.8259461051,12.974643130908674,19.007509939625976,0.6895498209515148,0.18736699255385664,26.010441930875167,97.3632200790548,0.007066852138073158,1.229601353866851
2019-04-30,71.23333333333333,63.862380952380946,14594.7,3928273.0,21397.938,102.274,129.8612,12785.0,6438.3625,255.233,-49769.0,2.423666666666667,2.532380952380952,0.18761904761904763,2.694,16.968,257266.92636351145,11.978301790557351,17.62742134908641,0.6820610471906219,0.18358184793319804,27.909139230951062,90.38412494150678,0.007007612352429306,1.2697381543696344
2019-05-31,71.31772727272727,60.82681818181818,14704.4,3851444.0,21397.938,102.392,130.6128,12778.0,6017.904761904762,255.296,-51047.0,2.390967741935484,2.395,0.18863636363636366,2.73125,17.967,297114.90790899243,13.782403189981148,20.20585048754063,0.6871877093951764,0.17999136178448596,27.935309316529544,84.38161158573655,0.006963357906476972,1.2756152824439408
2019-06-30,64.2205,54.657500000000006,14802.8,3826817.0,21397.938,102.4375,132.1394,12787.0,5882.225,255.213,-48703.0,2.377666666666667,2.074,0.26,2.60125,17.781,314199.3345498783,14.521147432807092,21.22566909975669,0.6917862833325342,0.17884045649632221,25.163490888003352,91.59419500003894,0.006920143486367445,1.2899514338010982
2019-07-31,63.9191304347826,57.35809523809524,14886.8,3779102.0,21717.171,101.9408,128.6592,12790.0,5941.195652173913,255.802,-48436.0,2.4029032258064515,2.059090909090909,0.2240909090909091,2.6404,17.682,322593.02639656235,14.817432465901303,21.66973603437692,0.6854852319392798,0.17401446993257086,24.98773677875177,92.94863074265037,0.006847730875675095,1.262097217208419
2019-08-31,59.041818181818186,54.80590909090909,14974.4,3759946.0,21717.171,102.639,133.9838,12789.0,5709.440476190476,256.036,-48676.0,2.1258064516129034,1.6263636363636365,0.055,2.521,17.882,377472.9488156369,17.295284926935217,25.20788471094915,0.6895189064910895,0.17313240292669796,23.059967419354383,96.70163711097717,0.006854298001923283,1.3053887898362222
2019-09-30,62.826666666666675,56.947,15047.0,3857715.0,21717.171,102.2917,135.0291,12787.0,5759.25,256.43,-44400.0,2.043,1.6995,0.051500000000000004,2.4888,17.72,364440.4195459033,16.656931146147116,24.220138203356367,0.6928618833456716,0.1776343244707149,24.500513460463548,91.66887733446518,0.006798145809795973,1.3200396513109078
2019-10-31,59.71304347826087,53.96304347826087,15184.1,4019823.0,21933.217,101.4281,136.767,12733.0,5757.297826086957,257.155,-41305.0,1.8296774193548386,1.7068181818181818,0.15545454545454546,2.49725,17.049,381115.865448505,17.412312761256143,25.099667774086377,0.6922878663900512,0.18327557694796892,23.220642600089782,96.41608417067133,0.0066798888310798795,1.34841330952665
2019-11-30,63.21190476190476,57.048947368421054,15296.0,4052875.0,21933.217,101.9372,136.7113,12777.0,5859.952380952381,257.879,-38786.0,1.5533333333333335,1.8121052631578947,0.19947368421052633,2.48,17.549,358147.25788378424,16.39701160899383,23.41443893068673,0.6973897171582263,0.18478251503188065,24.512234327690415,92.70330332592565,0.00666430439330544,1.3411325796666966
2019-12-31,67.21714285714286,59.81666666666667,15347.5,4165591.0,21933.217,101.7003,137.4773,12760.0,6077.0625,258.63,-43639.0,1.550967741935484,1.8628571428571428,0.24952380952380954,2.4692,17.491,351936.85185185185,16.146312196806278,22.93121693121693,0.6997377539282085,0.18992156964479948,25.989692942482645,90.40941405253761,0.006626505945593745,1.3517885394635023
2020-01-31,63.64545454545455,57.519047619047626,15427.1,4151630.0,21751.238,101.0338,137.5497,12745.0,6031.209090909091,259.127,-43562.0,1.5506451612903225,1.7576190476190479,0.23857142857142857,2.459,16.85,421426.45485812554,19.782492143360574,27.31728288907997,0.7092515837489342,0.19086867607259872,24.561490908108592,94.76260534209399,0.006549111628238619,1.3614226130265317
2020-02-29,55.657000000000004,50.54263157894737,15493.4,4158637.0,21751.238,101.3735,136.8962,12743.0,5687.75,259.25,-39931.0,1.5831034482758621,1.5042105263157897,0.1731578947368421,2.348,17.13,484519.7977485213,23.233050545764797,31.272657889715703,0.7122996861144179,0.1911908186559312,21.468466730954678,102.19289577231974,0.006543011863115908,1.350414062846799
2020-03-31,32.01136363636363,29.207727272727276,16033.0,5254278.0,21751.238,97.4078,136.0303,12684.0,5182.631818181818,258.076,-42374.0,0.6522580645161291,0.87,0.42181818181818187,2.1256,11.825,1115041.5184859156,54.64141338233867,69.54665492957747,0.7371074694690941,0.24156225038777104,12.40385143770193,161.8997515086972,0.006075456870205201,1.3965031547781597
2020-04-30,18.3785,16.547619047619047,17065.3,6655929.0,19958.291,84.5619,127.4167,11382.0,5057.972,256.032,-51888.0,0.049,0.6576190476190477,0.43285714285714283,1.721,8.919,1140005.260387811,55.89678365202213,66.80253264740799,0.8550481601856591,0.3334919307469763,7.17820428696413,275.21136110128685,0.004955195630900131,1.5067861531020472
2020-05-31,29.378947368421056,28.5625,17932.9,7097316.0,19958.291,85.9604,104.5475,11610.0,5239.826315789474,255.802,-53995.0,0.05,0.674,0.5035000000000001,1.7690000000000001,12.543,829152.5184594954,39.80308339192265,46.23638778220452,0.8985188160649628,0.35560740145536507,11.485034271984212,178.35309924758153,0.004793446681797144,1.2162286355112353
2020-06-30,40.26681818181818,38.307272727272725,18184.3,7082302.0,19958.291,91.5934,112.7894,11950.0,5754.595454545455,257.042,-49161.0,0.07766666666666668,0.7286363636363636,0.5436363636363637,1.9978000000000002,13.532,783731.4044206947,36.85043591494584,43.09934418265728,0.911115084953917,0.3548551326363565,15.665462524341619,142.9116010249811,0.005036949456399202,1.2314140538510416
2020-07-31,43.24217391304348,40.710454545454546,18335.4,6949032.0,21704.437,95.0256,118.9753,11973.0,6372.460869565217,258.352,-58882.0,0.09258064516129033,0.6236363636363637,0.4754545454545455,2.09925,15.182,835787.5911295912,38.3386732454503,45.58327558327559,0.8447765772500803,0.32016642495725645,16.737696597294963,147.36680173341242,0.005182630321672829,1.252034188681787
2020-08-31,44.736000000000004,42.33904761904762,18411.2,6990418.0,21704.437,95.9549,113.8319,11999.0,6508.392857142857,259.316,-61843.0,0.09516129032258065,0.65,0.5104761904761905,2.093,16.09,793088.5164690383,36.22103649104363,43.076416337285906,0.8482689507219192,0.3220732240140576,17.25153866325256,145.48446122011035,0.0052117678369688015,1.1863062751355065
2020-09-30,40.90954545454545,39.63428571428571,18602.5,7056129.0,21704.437,95.9669,117.4397,12057.0,6704.9,259.997,-57002.0,0.09,0.6795238095238095,0.5447619047619048,2.09475,16.713,856733.5675873869,38.957523404769915,46.05475433879247,0.8570828167530905,0.3251007616553242,15.734622112772628,163.895734491839,0.005158817363257627,1.2237521478759865
2020-10-31,40.18954545454546,39.39590909090909,18757.6,7146306.0,22087.16,96.7394,111.9053,12086.0,6713.811363636364,260.319,-61126.0,0.09,0.7871428571428571,0.6376190476190476,2.073,16.564,938930.9861259338,42.22658180955097,50.05602988260406,0.8492535934905167,0.3235502436709835,15.438575537915195,167.05367746021693,0.005157344223141554,1.1567706642794973
2020-11-30,42.69238095238095,40.93736842105263,18997.0,7216480.0,22087.16,97.0816,118.2808,12118.0,7068.907142857143,260.911,-64349.0,0.08633333333333333,0.8700000000000001,0.7042105263157895,2.0148,16.298,709144.1584366462,31.680954565171852,37.32927085522168,0.8600924700142526,0.32672738369260695,16.362813738163954,165.57772101635177,0.005110364794441227,1.2183647570703409
2020-12-31,49.99363636363637,47.025,19115.7,7363351.0,22087.16,98.363,118.4432,12153.0,7772.238095238095,262.045,-61928.0,0.09,0.9336363636363636,0.7977272727272727,2.10525,16.906,696981.0323637066,30.93251602240674,36.46118281641303,0.8654666331026715,0.3333769936922628,19.07826379577415,155.4645483018185,0.005145665604712356,1.2041438345719429
2021-01-31,54.774,52.008421052631576,19379.0,7404926.0,22680.693,98.8822,119.3212,12142.0,7972.1475,262.687,-62826.0,0.08516129032258064,1.0810526315789473,0.9500000000000001,2.2437500000000004,16.719,655268.7750637988,28.65565460562597,33.813343055049216,0.8544271552901845,0.32648587942176194,20.851431551618465,145.54619892649796,0.005102543990918004,1.2067004981685279
2021-02-28,62.2765,59.04631578947369,19641.8,7590111.0,22680.693,95.6149,105.9713,12172.0,8470.94,263.579,-65630.0,0.07571428571428572,1.2578947368421052,1.1426315789473684,2.4114999999999998,16.146,521948.4592320635,22.640941872558404,26.573351690377844,0.8660141028318667,0.33465075339629174,23.62726165589823,136.02145271490852,0.004867929619484976,1.1083136624103564
2021-03-31,65.41,62.333043478260876,19873.2,7688988.0,22680.693,98.3856,120.7977,12229.0,8988.247826086958,264.961,-65658.0,0.06967741935483872,1.6108695652173912,1.463913043478261,2.7252,18.451,533691.832678094,22.964754153718552,26.854851391728257,0.8762166129579904,0.3390102762733043,24.68665199784119,137.41397073974863,0.004950667230239719,1.227798580280041
2021-04-30,64.8065,61.71666666666666,20176.9,7780962.0,23425.91,98.5587,121.3844,12193.0,9324.8175,266.614,-65115.0,0.069,1.635,1.471818181818182,2.77075,18.574,530469.8083680763,22.510893059462784,26.290946992257297,0.8613069887146327,0.33215196336022806,24.307238179540462,143.88707151288835,0.004884729566980061,1.2315949784240254
2021-05-31,68.53421052631579,65.1695,20460.4,7903541.0,23425.91,99.4333,122.8609,12216.0,10166.285,268.383,-65779.0,0.05806451612903226,1.621,1.466,2.8850000000000002,17.519,563066.6676279742,23.75393331018439,27.519826964671957,0.8734089732266538,0.33738458826145923,25.53597304088403,148.3388357716085,0.004859792574925221,1.2356112087198152
2021-06-30,73.1640909090909,71.37818181818182,20477.8,8078544.0,23425.91,99.7987,122.8354,12247.0,9631.5,270.654,-71187.0,0.078,1.5190909090909093,1.3163636363636364,2.964,16.056,482369.591689972,20.23085585972615,23.55573312025569,0.874151740530037,0.34485507713467695,27.03233312978596,131.6424475494064,0.004873506919688638,1.2308316641399137
2021-07-31,75.1659090909091,72.4852380952381,20633.3,8221473.0,23982.379,100.2519,123.2021,12305.0,9450.820454545456,271.903,-69169.0,0.09806451612903226,1.3185714285714287,1.099047619047619,3.044,15.187,489564.81542086654,20.238159840426455,23.726927608325695,0.8603525113167463,0.34281307121366067,27.64438387620184,125.73280319293684,0.004858742905885147,1.2289253370759057
2021-08-31,70.74714285714286,67.73045454545455,20840.9,8332743.0,23982.379,100.0437,121.4114,12353.0,9370.138571428572,272.676,-72588.0,0.09225806451612903,1.2831818181818182,1.0659090909090911,3.0616,13.874,515893.0038392979,21.144898182667795,24.753873577402985,0.869008866885141,0.34745272768810803,25.945496801017644,132.44546978171758,0.004800354111386744,1.2135836639388586
2021-09-30,74.48863636363636,71.64619047619047,20981.0,8447981.0,23982.379,98.8579,117.2195,12393.0,9324.709545454545,273.91,-74657.0,0.07933333333333333,1.3747619047619049,1.1338095238095238,3.0805,12.731,467627.5987803328,19.004775238171604,22.2881463600559,0.8748506559753726,0.35225783897419016,27.19456623111108,125.18298093058733,0.004711782088556313,1.1857373057691898
2021-10-31,83.53809523809524,81.47666666666666,21160.6,8556181.0,24813.6,100.1861,123.8712,12453.0,9829.219047619048,276.55,-66003.0,0.07903225806451614,1.5825,1.19,3.1925,13.156,452202.6068982094,18.14414300592647,21.370027640908543,0.8527823451655544,0.34481820453299805,30.20723024339007,117.66151741435331,0.004734558566392258,1.2364110390563163
2021-11-30,81.05,79.14750000000001,21335.5,8681771.0,24813.6,100.8654,125.3885,12498.0,9728.904545454545,278.919,-79425.0,0.07966666666666668,1.5595,1.0515,3.275,13.37,539069.2694389063,21.5352285124026,25.266305895756197,0.8598308991843183,0.349879541864139,29.05861558373578,120.03583646458415,0.004727585479599728,1.2431269791226724
2021-12-31,74.1704761904762,71.71181818181819,21498.5,8757460.0,24813.6,100.5726,124.5714,12537.0,9551.18,280.845,-79238.0,0.07967741935483871,1.4649999999999999,0.785,3.168,13.123,505829.1510041194,20.119562739914496,23.52857878475798,0.8663998774865397,0.3529298449237515,26.409754914802182,128.773340695181,0.0046781217294229824,1.2386216524182532
2022-01-31,86.50523809523808,83.22200000000001,21650.1,8860485.0,25250.347,100.1856,122.5644,12564.0,9782.3375,282.543,-83599.0,0.07935483870967742,1.764,0.7835,3.1870000000000003,14.886,426452.8684787374,16.787445220010344,19.697501096010523,0.8574179198408639,0.35090547468515976,30.616662984125632,113.0837590346855,0.004627489018526473,1.2233734189344578
2022-02-28,97.12899999999999,91.64105263157894,21725.2,8928129.0,25250.347,100.8064,122.7717,12601.0,9943.175,284.5,-84685.0,0.08,1.9342105263157894,0.49894736842105264,3.3995,14.198,410802.60760998813,16.0747186217209,18.909036860879905,0.8603921363932147,0.3535844081667472,34.1402460456942,102.37081613112458,0.0046400677554176714,1.2178958875626944
2022-03-31,117.24521739130434,108.50260869565217,21787.2,8937142.0,25250.347,101.3907,126.2353,12674.0,10230.89391304348,287.674,-99398.0,0.2009677419354839,2.1278260869565218,0.21826086956521737,4.078,14.221,391259.6937354989,15.219046046003532,17.958236658932716,0.8628475481940902,0.3539413537564454,40.75627877086714,87.26065029073219,0.004653681978409341,1.245038253015316
2022-04-30,104.57526315789474,101.7775,21769.4,8939199.0,25861.292,101.44,126.4918,12726.0,10174.34761904762,288.561,-82878.0,0.33,2.7475,0.20950000000000002,3.9595000000000002,14.615,378926.7251141553,14.585299029087722,17.40639269406393,0.8417754225117601,0.34565941253051086,36.24026225231225,97.2921062955941,0.004659751761647082,1.2469617507886435
2022-05-31,113.33761904761906,109.55238095238094,21719.9,8914281.0,25861.292,101.3335,126.4243,12735.0,9395.027272727273,291.298,-82157.0,0.765483870967742,2.8980952380952383,0.2814285714285714,4.2722,13.291,323820.75300813006,12.407496812999971,14.908943089430894,0.8398613650083685,0.34469588758365205,38.90779169359867,82.89416481194942,0.004665468073057426,1.2476061717003755
2022-06-30,122.71095238095238,114.83714285714285,21651.5,8913553.0,25861.292,101.018,128.3347,12767.0,9067.551818181819,294.957,-79785.0,1.2049999999999998,3.1433333333333335,0.14523809523809525,4.7635000000000005,13.821,340404.36789094383,12.983835442560745,15.721976209082229,0.8372164855491365,0.34466773740461226,41.60299717618242,73.89358196839581,0.004665635175392005,1.2704141836108416
2022-07-31,111.92571428571429,101.619,21652.9,8890004.0,26336.304,101.223,129.3709,12800.0,7544.809523809524,294.913,-68396.0,1.6758064516129034,2.896,-0.13999999999999999,4.41325,13.87,368597.8865131579,13.938358353850695,17.023026315789473,0.8221692762963247,0.33755700875870814,37.95211275383394,67.40908085294667,0.00467480106590803,1.2780781047785583
2022-08-31,100.44636363636364,93.66521739130435,21638.4,8826093.0,26336.304,101.0963,129.9953,12832.0,7990.812173913043,295.097,-66959.0,2.33,2.8978260869565218,-0.3521739130434782,3.8216,14.184,382847.0253807107,14.41799903660998,17.692945198383924,0.8216187054948941,0.33513028251800253,34.038422497132686,79.55302595961976,0.004672078342206448,1.285856158929654
2022-09-30,89.7647619047619,84.25809523809524,21536.7,8795567.0,26336.304,101.2918,132.8355,12849.0,7746.011363636364,296.349,-67781.0,2.555,3.5190476190476194,-0.3376190476190476,3.5625,14.12,406521.43173809256,15.247243971081897,18.875753097646925,0.8177571158048601,0.33397119808459075,30.290219270104473,86.29234010395619,0.004703218227490748,1.3114141519846623
2022-10-31,93.33190476190477,87.5547619047619,21461.7,8723090.0,26770.514,101.2529,132.1729,12883.0,7651.082857142857,298.007,-74773.0,3.08,3.9835000000000003,-0.3915,3.6372,15.099,367489.9239815204,13.670484651833776,17.123057538849224,0.8016917418918442,0.32584693741778736,31.318695454101668,81.97714250728328,0.004717841550296574,1.3053739695356874
2022-11-30,91.41545454545455,84.37047619047618,21406.7,8584576.0,26770.514,100.9552,132.1196,12896.0,8049.861363636364,298.786,-62798.0,3.7800000000000002,3.8909999999999996,-0.6125,3.53025,14.583,444087.4347316616,16.451655842725334,20.745254277009607,0.7996372426767749,0.3206728118854946,30.595628491781596,88.05799198464553,0.004716056188015902,1.308695342092334
2022-12-31,80.924,76.43714285714286,21290.9,8551169.0,26770.514,99.7664,129.3304,12895.0,8371.091363636364,298.832,-70521.0,4.104193548387097,3.616190476190476,-0.6723809523809524,3.0835,13.874,449940.9378406587,16.59994703887325,21.13301635161777,0.7953115879657746,0.31942490906226156,27.080098516892438,103.44386540008358,0.004685870489270064,1.296332232094172
2023-01-31,82.50142857142858,78.123,21279.9,8470557.0,27216.445,100.505,135.4897,12903.0,9007.346363636363,300.42,-68800.0,4.33,3.5315,-0.6759999999999999,3.2543999999999995,15.657,485792.7420042645,17.797965055648852,22.82871357498223,0.7818765455958705,0.31122936886136304,27.462029349387045,109.17806539359411,0.004723001517864275,1.3480891497935426
2023-02-28,82.58500000000001,76.83263157894737,21243.7,8382190.0,27216.445,100.6416,135.6246,12898.0,8936.587,301.45,-69202.0,4.57,3.7468421052631578,-0.7868421052631579,3.3040000000000003,15.47,462690.673542387,16.90302297105338,21.780135924645283,0.7805464674023371,0.3079825451119718,27.39591972134683,108.21077677544346,0.004737479817545907,1.3475997996852196
2023-03-31,78.43434782608696,73.27782608695652,20947.4,8705942.0,27216.445,101.0205,136.613,12888.0,8856.310869565217,301.821,-58587.0,4.6490322580645165,3.6630434782608696,-0.6395652173913043,3.31575,15.621,517264.4919142536,18.842745146735833,24.69349379465965,0.769659667160792,0.3198780002311103,25.987041268197693,112.9136802310434,0.004822579413196864,1.3523294776802728
2023-04-30,84.63833333333334,79.44631578947369,20761.4,8562768.0,27530.055,101.253,136.1916,12884.0,8809.1575,302.845,-71110.0,4.83,3.46,-0.5559999999999999,3.493,16.41,518774.3093922652,18.75115918588813,24.987443495730787,0.7541357981304433,0.311033450532518,27.94774004303632,104.07999724317192,0.004876983247757858,1.3450623685224141
2023-05-31,75.466,71.57818181818182,20829.6,8385854.0,27530.055,100.9286,136.9696,12869.0,8243.156086956522,303.334,-65814.0,5.055806451612903,3.5736363636363637,-0.5581818181818181,3.4322000000000004,15.931,564448.2953981813,20.302105938402132,27.098374207770735,0.7566130906749006,0.30460723743559537,24.878846420117757,109.2300650220831,0.004845441103045666,1.3570940248849188
2023-06-30,74.83909090909091,70.24809523809525,20799.4,8340914.0,27530.055,100.1196,137.622,12875.0,8396.517727272727,304.014,-65163.0,5.076333333333333,3.7480952380952384,-0.8914285714285713,3.44575,16.606,530370.8152202937,18.983410023077752,25.499332443257675,0.7555161077593198,0.3029748396797609,24.61698833247512,112.19427741943319,0.004813581160995029,1.3745760070955138
2023-07-31,80.10809523809523,76.0695,20791.4,8243344.0,28074.846,100.9067,138.8995,12862.0,8476.679047619047,304.609,-63759.0,5.12,3.8994999999999997,-0.9289999999999999,3.4768,16.321,477878.816044907,16.96873343135701,22.9844462635949,0.740570402416455,0.2936202748894865,26.29866328246875,105.81551118429266,0.004853290302721317,1.3765141462360773
2023-08-31,86.14772727272727,81.38608695652174,20777.5,8121316.0,28074.846,100.8393,139.0001,12861.0,8347.828260869564,306.082,-59165.0,5.33,4.167826086956522,-0.7339130434782608,3.72675,16.071,463945.4671120839,16.422973963697704,22.329224743693125,0.7400752972963769,0.2892737506022295,28.145309842698126,96.90131736664316,0.004853293225845265,1.3784318217203015
2023-09-30,93.72238095238096,89.425,20747.8,8002064.0,28074.846,101.0211,140.6596,12872.0,8276.71380952381,307.276,-59565.0,5.33,4.379,-0.643,3.68975,16.209,402006.3084023917,14.186495367154738,19.37585230252806,0.7390174108167858,0.28502610486269453,30.501041718969578,88.31096399193159,0.00486900297862906,1.39237842391342
2023-10-31,90.59590909090909,85.63952380952381,20732.9,7907830.0,28424.722,100.4689,139.6284,12837.0,7941.355909090909,307.696,-64100.0,5.33,4.798095238095239,-0.26952380952380955,3.4394,15.738,470462.7514298787,16.510024450716074,22.69160375200183,0.7293967554018647,0.2782025449536499,29.443317134739832,87.6568929963725,0.004845868161231666,1.3897673807516555
2023-11-30,82.94,77.685,20746.4,7796145.0,28424.722,100.8639,140.9522,12859.0,8189.587727272727,308.148,-65053.0,5.33,4.502857142857143,-0.3795238095238095,3.17225,15.782,511396.6274035555,17.90200670964059,24.649897206433668,0.7298716940837627,0.2742733948286284,26.915637940210544,98.74111077010762,0.004861754328461805,1.3974494343367647
2023-12-31,77.63105263157895,71.9,20777.8,7712781.0,28424.722,100.6031,140.945,12872.0,8407.900476190476,308.741,-63888.0,5.33,4.0200000000000005,-0.437,3.0135,16.321,558325.6946684006,19.496449396341095,26.871261378413525,0.7309763662772145,0.27134059569694297,25.144393725348742,108.30589295359225,0.004841855249352675,1.401000565588933
2024-01-31,80.12409090909091,74.15238095238095,20843.7,7630124.0,28708.161,99.2223,134.2553,12875.0,8351.339565217391,309.698,-67077.0,5.33,4.058095238095238,-0.2647619047619048,2.9568000000000003,15.558,518699.5984367367,17.99922710963087,24.885197850512945,0.7260548664193432,0.26578240243253476,25.871684966997176,104.23006951420956,0.0047603016738870735,1.3530758710491493
2024-02-29,83.47809523809524,77.249,20926.9,7567807.0,28708.161,100.285,141.3976,12852.0,8304.950476190475,310.967,-66431.0,5.33,4.2075000000000005,-0.3365,3.102,16.255,511312.9225251076,17.675606629519596,24.43328550932568,0.7289529970240867,0.26361169564292186,26.84467973710884,99.4865833067129,0.004792157462404847,1.409957620780775
2024-03-31,85.4085,81.27799999999999,20973.2,7484739.0,28708.161,100.4575,140.216,12836.0,8692.819047619048,312.345,-66266.0,5.33,4.2085,-0.3795,3.3175,16.21,541403.4541479693,18.64508823649815,25.81406052237947,0.7305657788389859,0.2607181630338495,27.344282764251066,101.77931994613004,0.004789803177388286,1.3957743324291367
2024-04-30,89.93809523809524,85.34727272727274,20958.8,7402434.0,29147.044,100.2434,142.2807,12833.0,9445.593636363636,313.023,-73110.0,5.33,4.539090909090909,-0.33409090909090905,3.4664,16.458,547318.5038689121,18.719296078014654,26.114019116977698,0.7190712032410559,0.2539686014128911,28.732104426222747,105.02327863802421,0.004782878790770464,1.419352296510294
2024-05-31,81.74619047619048,80.02454545454545,21019.9,7284319.0,29147.044,100.863,142.6593,12825.0,10117.16347826087,313.175,-74456.0,5.33,4.482272727272727,-0.3740909090909091,3.45875,16.361,599342.8461632753,20.43491466478516,28.513115959794067,0.721167470704748,0.24991621791904522,26.10239976888017,123.76311873771796,0.004798452894637938,1.41438684155736
2024-06-30,82.24600000000001,79.76736842105262,21067.7,7231163.0,29147.044,100.894,142.6062,12814.0,9648.167,313.044,-73892.0,5.33,4.3052631578947365,-0.431578947368421,3.32625,15.79,575052.5039323865,19.545973998355585,27.295457213287943,0.722807431175525,0.24809249953442963,26.272983989471133,117.30864722904455,0.0047890372465907525,1.4134259718120006
2024-07-31,85.15304347826087,81.80045454545454,21094.4,7178391.0,29511.664,99.9757,141.913,12806.0,9385.313043478262,313.569,-78639.0,5.33,4.248636363636364,-0.24727272727272728,3.3775999999999997,16.337,638997.0506501548,21.595002070549672,30.292260061919503,0.7147817893291276,0.24323911386358965,27.156078400052575,110.21700059228398,0.004739442695691747,1.4194749324085754
2024-08-31,80.3552380952381,76.68318181818182,21185.8,7123238.0,29511.664,100.4309,143.1677,12772.0,8981.117727272727,314.062,-71214.0,5.33,3.8709090909090906,-0.09454545454545454,3.2952500000000002,15.978,671730.4534957493,22.641259142616015,31.70663621367847,0.7178788698597273,0.24137025956923336,25.58578818680327,111.7676699137919,0.0047404818321706045,1.4255343723893743
2024-09-30,74.01666666666667,70.236,21268.6,7080059.0,29511.664,99.8084,140.4738,12758.0,9259.128571428571,314.732,-81498.0,5.13,3.7235,0.101,3.1058,16.341,779256.3915343916,26.196307705152226,36.63881927039822,0.7206845401872289,0.23990714315533004,23.51736292041059,125.09518448225947,0.00469275833858364,1.4074346447793973
2024-10-31,75.63260869565217,71.985,21331.0,7013490.0,29825.182,99.4695,143.3645,12697.0,9533.991304347826,315.631,-74250.0,4.83,4.095454545454545,0.12318181818181818,3.036,16.493,801349.0537399154,26.819436071448333,37.56734582250787,0.7152010002822446,0.23515330099242981,23.962351193530477,126.05662383949874,0.004663142843748535,1.4412910490150246
2024-11-30,74.3452380952381,69.95,21451.6,6905140.0,29825.182,99.2925,141.8787,12711.0,9075.727142857142,316.528,-79752.0,4.638333333333334,4.35578947368421,0.09842105263157895,2.95825,16.908,779068.9388538525,26.026528803542984,36.31752125034275,0.7192445632016595,0.2315204648206338,23.487728761827736,122.0754331465172,0.004628675716496672,1.4288964423294812
2024-12-31,73.8595,70.11809523809524,21485.3,6885963.0,29825.182,100.3273,142.4524,12693.0,8909.907727272726,317.604,-96948.0,4.47516129032258,4.3914285714285715,0.1657142857142857,2.9259999999999997,17.301,754714.2479946524,25.16730898292327,35.12700534759358,0.7203744808665375,0.23087748467050428,23.255217188700396,120.63319853604109,0.004669578735228272,1.4198767434187904
2025-01-31,79.27045454545454,75.74249999999999,21547.6,6818186.0,30042.113,100.0647,140.9664,12673.0,8976.68043478261,318.961,-128331.0,4.33,4.629047619047618,0.35714285714285715,2.98125,15.95,788712.3476221499,26.156996085073335,36.60325732899023,0.7172464866236272,0.2269542758194139,24.85271069047769,113.24118785814812,0.0046438907349310365,1.4087525371084908
2025-02-28,75.438,71.53315789473685,21613.2,6766101.0,30042.113,101.0993,142.6966,12671.0,9330.975,319.679,-119780.0,4.33,4.451052631578947,0.24105263157894738,3.003,16.419,840877.4901639344,27.784816454019108,38.90573770491803,0.7194300880234357,0.22522054290921548,23.59804679068691,123.69064662371748,0.004677664575352099,1.4114499309095117
2025-03-31,72.73285714285714,68.23904761904762,21693.5,6740253.0,30042.113,101.0404,142.9873,12666.0,9735.823333333334,319.785,-135856.0,4.33,4.2804761904761905,0.31047619047619046,2.976,18.35,908765.2895546342,29.91837120229118,41.891132807275646,0.7221030025417986,0.22436015069912027,22.74429918315654,133.85729250551594,0.004657634775393551,1.4151497816714897
2025-04-30,68.1345,63.53666666666667,21775.5,6709277.0,30485.729,101.1279,144.0325,12662.0,9172.69590909091,320.302,-60084.0,4.33,4.279047619047619,0.5014285714285714,3.0484999999999998,17.583,1128523.6547298366,36.83315031312618,51.8253842497227,0.7142850348108782,0.22007927053343548,21.27195584167442,134.6263039883012,0.004644113797616587,1.42426076285575
2025-05-31,64.453,62.16761904761905,21833.8,6673244.0,30485.729,100.9655,144.7568,12651.0,9531.200909090909,320.62,-70564.0,4.33,4.423809523809524,0.5038095238095238,3.0220000000000002,16.043,1123769.3900797998,36.495643106919296,51.46925363792834,0.716197405021871,0.21889730765500146,20.10261368598341,147.87831302019933,0.004624275206331468,1.4337253814421758
2025-06-30,71.4447619047619,68.16900000000001,21938.7,6662200.0,30485.729,101.4785,146.4884,12636.0,9835.068095238095,321.435,-57637.0,4.33,4.3835,0.49450000000000005,3.034,16.282,1073932.1335403726,34.70459789978261,48.95149364093463,0.7196383593123196,0.21853503978861716,22.2268147229648,137.6597504565632,0.004625547548396213,1.443541242726292
2025-07-31,71.04130434782608,68.39090909090909,22019.9,6642578.0,31098.027,101.894,147.1127,12625.0,9770.580434782609,322.169,-74233.0,4.33,4.391818181818182,0.5095454545454546,3.018,16.998,998628.444045812,32.023599561258145,45.35117979853732,0.7080802907528507,0.2136012680161349,22.050943556899046,137.5337984638453,0.004627359797274284,1.443781773215302
2025-08-31,67.87,64.86428571428571,22086.8,6603384.0,31098.027,101.6247,147.3034,12615.0,9671.875714285714,323.291,-56011.0,4.33,4.2647619047619045,0.5609523809523809,3.027,16.9,1138405.359632211,36.40537500037052,51.542340204656675,0.7102315526319403,0.2123409308249684,20.9934702790984,142.50590414447788,0.004601150913667892,1.4494842297197434
2025-09-30,67.98545454545454,63.959047619047624,22169.8,6608395.0,31098.027,101.668,147.5052,12612.0,9994.773181818182,324.245,-49168.0,4.224666666666667,4.12047619047619,0.5519047619047619,3.0414000000000003,16.985,1270307.092912448,40.51193213450345,57.29898749255509,0.712900532242769,0.2125020664494246,20.96731007277045,147.01340527385537,0.004585878086405832,1.4508517921076445
2025-10-31,64.54347826086956,60.89454545454546,22250.4,6587034.0,31442.483,101.2075,146.84,12603.0,10739.91826086957,,-31102.0,4.088064516129032,4.0618181818181816,0.5404545454545455,2.9375,15.845,1366522.0301260375,43.4610087926592,61.41561635413464,0.707654036101411,0.20949471452365895,,166.39819467834295,0.004548569913349872,1.4508806165550974
