date,w1
2010-12-17,0.006477406902025589
2010-12-20,0.0
2010-12-21,0.003672969362136122
2010-12-22,0.010184449882270226
2010-12-23,0.0
2010-12-27,0.0
2010-12-28,0.0
2010-12-29,0.004379131365971292
2010-12-30,0.0025612178858914754
2010-12-31,0.003271445631980896
2011-01-03,0.007789663757128969
2011-01-04,0.0052621227598413645
2011-01-05,0.0001241185175975365
2011-01-06,0.0
2011-01-07,0.0018596190550658604
2011-01-10,0.003458140417933464
2011-01-11,0.004592306384563143
2011-01-12,0.005720171897783486
2011-01-13,0.0037589193680047264
2011-01-18,0.004946119699393687
2011-01-19,0.005623942647653986
2011-01-20,0.0
2011-01-21,0.006820340014951959
2011-01-24,0.004036000652649448
2011-01-25,0.0016651470214128494
2011-01-26,0.002736758192850337
2011-01-27,0.0
2011-01-28,0.00011080143055711382
2011-01-31,0.002325566953332976
2011-02-01,0.0010083802044391632
2011-02-02,0.0005388184822534314
2011-02-03,0.0
2011-02-04,0.007440952347613453
2011-02-07,0.00106209926538552
2011-02-08,0.0
2011-02-09,0.013371225446462631
2011-02-10,0.0
2011-02-11,0.024312809552451915
2011-02-14,0.025408837946825028
2011-02-15,0.005566755751318894
2011-02-16,0.0
2011-02-17,0.0
2011-02-18,0.0
2011-02-21,0.0
2011-02-22,0.0
2011-02-23,0.0
2011-02-24,0.0
2011-02-25,0.0
2011-02-28,0.0
2011-03-01,0.000863581023454129
2011-03-02,0.0008142757961414618
2011-03-03,0.004226226099460403
2011-03-04,0.00474316512970955
2011-03-07,0.0
2011-03-08,0.0018343683332204819
2011-03-09,0.002980442051317212
2011-03-10,0.005694390366899665
2011-03-11,0.000647522509098053
2011-03-14,1.77517257571859e-05
2011-03-15,0.005233049810544979
2011-03-16,0.011651006982979583
2011-03-17,0.004406688431741213
2011-03-18,0.012730339926905549
2011-03-21,0.002456418186214923
2011-03-22,0.0011060141766526081
2011-03-23,0.011566766796321676
2011-03-24,0.001601939125049812
2011-03-25,0.006661689058941873
2011-03-28,0.0027709305108974155
2011-03-30,0.0013060001839578469
2011-03-31,0.003944436624259529
2011-04-01,0.0
2011-04-04,0.0002146723387122095
2011-04-05,0.0
2011-04-06,0.0
2011-04-07,0.005096907952475506
2011-04-08,0.0026193476096111096
2011-04-10,0.0
2011-04-11,5.573393879959946e-05
2011-04-12,0.0012533761519071304
2011-04-13,0.0011871410623832447
2011-04-14,0.0
2011-04-15,0.0018672700971364975
2011-04-18,0.00246402198486929
2011-04-19,0.0
2011-04-20,0.007622406384253994
2011-04-21,0.0019389381068743489
2011-04-25,0.0
2011-04-26,0.0
2011-04-27,0.0034434475727226563
2011-04-28,0.010834941155281233
2011-04-29,0.006707008444733763
2011-05-01,0.008511374274744661
2011-05-02,0.003215419128537178
2011-05-03,0.002032369055497409
2011-05-04,0.0007576532661914825
2011-05-05,0.0009272398868627838
2011-05-06,0.0
2011-05-09,0.0009272398868627838
2011-05-10,0.0013569915447931332
2011-05-11,0.0024276375770568848
2011-05-12,0.0006124021357689158
2011-05-13,0.022305205415848392
2011-05-16,0.0003584548830986023
2011-05-17,0.010428148274099798
2011-05-18,0.0021508932909466176
2011-05-19,0.011449708207459866
2011-05-20,0.0016714483499526978
2011-05-23,0.0
2011-05-24,0.00021243855574113599
2011-05-25,0.003194403161960799
2011-05-26,0.0
2011-05-27,0.00014525384503673652
2011-05-30,0.0015884449146577522
2011-05-31,0.0
2011-06-01,0.0024694864819027277
2011-06-02,0.004468116485363454
2011-06-03,0.0
2011-06-06,0.0022632706185113276
2011-06-07,0.0
2011-06-08,0.0
2011-06-09,0.00151782128453267
2011-06-10,0.010169066187322471
2011-06-13,0.0014775526049585481
2011-06-14,0.002092836007122861
2011-06-15,0.00840022993464653
2011-06-16,0.00420902795376584
2011-06-17,0.0
2011-06-20,0.003423312004189305
2011-06-21,0.0
2011-06-22,0.00018536974228501238
2011-06-23,0.007670017835092146
2011-06-24,0.0
2011-06-27,0.0
2011-06-28,0.0
2011-06-29,0.0020771152326282977
2011-06-30,0.003849655925759747
2011-07-01,0.0
2011-07-04,0.009069764723521527
2011-07-05,0.00859330316265056
2011-07-06,0.0010000187903642654
2011-07-07,0.0011849467920826433
2011-07-08,0.0
2011-07-11,0.0
2011-07-12,0.0025260871705686267
2011-07-13,0.0005396653704906961
2011-07-14,0.0042708683758974075
2011-07-15,0.0021462979673699156
2011-07-18,0.004240623414858003
2011-07-19,0.0
2011-07-20,0.004807116194533367
2011-07-21,0.004498391559464113
2011-07-22,0.006381961001788171
2011-07-25,0.0034153000633624572
2011-07-26,0.0012917853891849518
2011-07-27,0.0
2011-07-28,0.0
2011-07-29,0.0018476453988217198
2011-08-01,0.003214897811859359
2011-08-02,0.002472488233063923
2011-08-03,0.004144012784891813
2011-08-04,0.0
2011-08-05,0.004060001307242877
2011-08-08,0.00047795184755862415
2011-08-09,0.0034104772944893317
2011-08-10,0.0013777772295531468
2011-08-11,0.004427879988013454
2011-08-12,7.586432731961151e-05
2011-08-15,0.0
2011-08-16,0.008791366743299405
2011-08-17,0.007244198210282816
2011-08-18,0.004819370955031268
2011-08-19,0.0
2011-08-22,0.0
2011-08-23,0.020118608655019066
2011-08-24,0.004336315387535789
2011-08-25,0.0
2011-08-26,0.0022722208969193276
2011-08-29,0.00547072415698683
2011-08-30,0.001372243435598028
2011-08-31,0.005224483828739954
2011-09-01,0.004424267957843923
2011-09-02,0.014097511173437157
2011-09-05,0.0007775947451591492
2011-09-06,0.0
2011-09-07,0.015685067587716296
2011-09-08,0.003629712902481237
2011-09-09,0.0018931679464805427
2011-09-12,0.005957773727348369
2011-09-13,0.014519089143001995
2011-09-14,0.01003484357522343
2011-09-16,0.00196916398270174
2011-09-19,0.0015747274325564732
2011-09-20,0.0020295999292883424
2011-09-21,0.0014633425326211463
2011-09-22,0.0119800617552622
2011-09-23,0.007976554498489918
2011-09-26,0.0038001547909165823
2011-09-27,0.0
2011-09-28,0.0
2011-09-29,0.017349918294856784
2011-09-30,0.0
2011-10-03,0.0
2011-10-04,0.0
2011-10-05,0.0027302306996872102
2011-10-06,0.0008064852146120241
2011-10-07,0.0
2011-10-10,0.0
2011-10-11,0.0
2011-10-12,0.0
2011-10-13,0.0
2011-10-14,0.0
2011-10-17,0.0
2011-10-18,0.009291725832848095
2011-10-19,0.0055570998848283705
2011-10-20,0.007494661957025528
2011-10-21,0.000995898420176083
2011-10-24,0.0012784930394416165
2011-10-25,0.005678561148804072
2011-10-26,0.026388436880610346
2011-10-27,0.018100702783575978
2011-10-28,0.0
2011-10-31,0.0
2011-11-01,0.0016957652789456649
2011-11-02,0.009378589689731598
2011-11-03,0.033628232655478416
2011-11-04,0.0022221729159355164
2011-11-07,0.012429380616471267
2011-11-08,0.010851554354455967
2011-11-09,0.025278606233540616
2011-11-10,0.003306812167477557
2011-11-11,0.0026979616007708125
2011-11-14,0.004080384968425637
2011-11-15,0.004480952834913049
2011-11-16,0.005783361576706545
2011-11-17,0.006197354765040301
2011-11-18,6.246566772460938e-05
2011-11-21,0.005857100450682063
2011-11-22,0.006532081262030952
2011-11-23,0.0004237180731482126
2011-11-24,0.010089809336627278
2011-11-25,0.0
2011-11-29,0.0010992721272276155
2011-11-30,0.00919173111792704
2011-12-01,0.0009152952065769942
2011-12-02,0.0
2011-12-05,0.0021450910717248917
2011-12-06,0.0020226707239753344
2011-12-07,0.008165893797807643
2011-12-08,0.007709240745987587
2011-12-09,0.0010745918547019507
2011-12-12,0.002602461725473404
2011-12-13,0.00550703130243751
2011-12-14,0.007870765098509893
2011-12-15,6.754559309477524e-05
2011-12-16,0.0014849072300236938
2011-12-19,0.004068892449140549
2011-12-20,0.018203558275677656
2011-12-21,0.011798666155016586
2011-12-22,0.005442236838660505
2011-12-23,0.0016814327162739298
2011-12-27,0.014606071986277162
2011-12-28,0.0026805326342582703
2011-12-29,0.0015265377796403366
2011-12-30,0.00741240382194519
2012-01-03,0.013282884872859993
2012-01-04,0.001427392586874515
2012-01-05,0.0
2012-01-06,0.005944963857271983
2012-01-09,0.0181373115937198
2012-01-10,0.004998432743804776
2012-01-11,0.002719263117332176
2012-01-12,0.0
2012-01-13,0.006375656259026061
2012-01-17,0.0021501846970560295
2012-01-18,0.0
2012-01-19,0.00255825099314519
2012-01-20,0.0
2012-01-23,0.007754863058242603
2012-01-24,0.0
2012-01-25,0.0
2012-01-26,0.023590610444200716
2012-01-27,0.009611006826162338
2012-01-30,0.008204000375727258
2012-01-31,0.0013488387637843068
2012-02-01,0.000338663098675195
2012-02-02,0.0
2012-02-03,0.0
2012-02-06,0.00930082816589333
2012-02-07,0.0006207124430881307
2012-02-08,0.00042038056958175967
2012-02-09,0.0043945121272331925
2012-02-10,0.0
2012-02-12,0.015002164203890979
2012-02-13,0.00030884420335373897
2012-02-14,0.0016107261180877686
2012-02-15,0.002220338126402416
2012-02-16,0.006328375645691066
2012-02-17,0.0021912455558776855
2012-02-20,0.0011165961623191833
2012-02-21,0.0035201203703150883
2012-02-22,0.0015605706721544266
2012-02-23,0.0008285187967601099
2012-02-24,0.0010023547905323128
2012-02-27,0.00045739735637546436
2012-02-28,0.0007607374447314891
2012-02-29,0.0028835214218993653
2012-03-01,0.0010745918547019507
2012-03-02,0.0004677996039390564
2012-03-05,0.0
2012-03-06,0.001247849315404892
2012-03-07,0.0027302306996872102
2012-03-08,0.0043410068586106606
2012-03-09,0.0
2012-03-12,0.0
2012-03-13,0.0
2012-03-14,0.0
2012-03-15,0.00272429589658127
2012-03-16,0.0
2012-03-19,0.002675671604289856
2012-03-20,0.0
2012-03-21,0.0
2012-03-22,0.0020911185230460434
2012-03-23,0.0
2012-03-26,0.0046022263260659555
2012-03-27,0.001318424940109253
2012-03-28,0.006751990985896028
2012-03-29,0.0
2012-03-30,0.001455020159482956
2012-04-02,0.0061042350206908895
2012-04-03,0.002466284743798716
2012-04-04,0.0004165978899279025
2012-04-05,0.00284663577201872
2012-04-09,0.00025775036915739216
2012-04-10,0.0017951758651481955
2012-04-11,0.0014890208840370178
2012-04-12,0.006961862535145044
2012-04-13,0.014468299546482655
2012-04-16,0.012068629920230266
2012-04-17,0.021891632997716154
2012-04-18,0.004783783807738246
2012-04-19,0.0013493187774367733
2012-04-20,0.0
2012-04-23,0.0018777685417058667
2012-04-24,0.0
2012-04-25,0.007426150901252037
2012-04-26,0.0037095248699188232
2012-04-27,0.007661715149879456
2012-04-30,0.004272094405955887
2012-05-01,0.008408956670112855
2012-05-02,0.005187512556023552
2012-05-03,0.0
2012-05-04,0.012158403276598543
2012-05-06,0.007906227600883576
2012-05-07,0.004939764738082886
2012-05-08,0.006221283989269072
2012-05-09,0.0
2012-05-10,0.0034362641692295775
2012-05-11,0.009083524346351624
2012-05-14,0.004069017440101673
2012-05-15,0.0012451021987088362
2012-05-16,0.009052385350744612
2012-05-17,0.0004463772725788811
2012-05-18,0.005537784716429026
2012-05-20,0.006157617962047157
2012-05-21,0.0
2012-05-22,0.015766413375318547
2012-05-23,0.0
2012-05-24,0.008610271345936222
2012-05-25,0.009986311553909314
2012-05-30,0.0001266002655029297
2012-05-31,0.0
2012-06-01,0.0
2012-06-03,0.0025172481861824936
2012-06-04,0.0012043382936647075
2012-06-05,0.0012043382936647075
2012-06-06,0.0
2012-06-07,0.0
2012-06-08,0.0
2012-06-11,0.004394553112554726
2012-06-12,0.0
2012-06-13,0.0
2012-06-14,0.0062711955431519455
2012-06-15,0.0054870982076333
2012-06-18,0.004345627206878658
2012-06-19,0.011490777134895325
2012-06-20,0.0008760643931474467
2012-06-21,0.0
2012-06-22,0.0
2012-06-25,0.0
2012-06-26,0.0
2012-06-27,0.00565403924040692
2012-06-28,0.003508771236647493
2012-06-29,0.0
2012-07-02,0.002848491072654724
2012-07-03,0.0
2012-07-04,0.0027856248295206856
2012-07-05,0.005575176328420639
2012-07-06,0.0
2012-07-09,0.008424638718433465
2012-07-10,0.01264771345307937
2012-07-11,0.01349000483630055
2012-07-12,0.02649510528583538
2012-07-13,0.004961816766285975
2012-07-16,0.03145071592867811
2012-07-17,0.016213489057991665
2012-07-18,0.016925299782714655
2012-07-19,0.014470671554720907
2012-07-20,0.006661452353000641
2012-07-23,0.0
2012-07-24,0.02375943272110627
2012-07-25,0.001483336091041565
2012-07-26,0.0192053846595049
2012-07-27,0.0
2012-07-30,0.0006043910980224609
2012-07-31,0.010520148061873215
2012-08-01,0.013330411860462082
2012-08-02,0.009481803858518423
2012-08-03,0.005380503559393199
2012-08-06,0.001267482175268125
2012-08-07,0.0
2012-08-08,0.003140820029524277
2012-08-09,0.0
2012-08-10,0.006139626728469728
2012-08-13,0.014087117572855074
2012-08-14,0.009143492732457252
2012-08-15,0.018847444910230528
2012-08-16,0.010896384716033936
2012-08-17,0.0
2012-08-20,0.0203407065624412
2012-08-21,0.014648437136570911
2012-08-22,0.0071133977378091025
2012-08-23,0.00238800882649089
2012-08-24,0.0
2012-08-27,0.015662381654506917
2012-08-28,0.012583335021879378
2012-08-29,0.013393823546154201
2012-08-30,0.0013958105128745338
2012-08-31,0.01413207886276334
2012-09-03,0.0
2012-09-04,0.004765776993208329
2012-09-05,0.006339617073535919
2012-09-06,0.0
2012-09-07,0.005410535823135229
2012-09-10,0.0022972337901592255
2012-09-11,0.014432169995387593
2012-09-13,0.009292025119066238
2012-09-14,0.006273456923020823
2012-09-17,0.0011218016343367998
2012-09-18,0.0007805780736679862
2012-09-19,0.002723612985926497
2012-09-20,0.0043951945349055156
2012-09-21,0.005197141778168039
2012-09-24,0.0021304994846234097
2012-09-25,0.013842484389360922
2012-09-26,0.00011455267667770386
2012-09-27,0.00811074742997057
2012-09-28,0.0030188681233580205
2012-10-01,0.0
2012-10-02,0.033893972990284446
2012-10-03,0.01961359515352348
2012-10-04,0.02332867367981687
2012-10-05,0.016446832842398187
2012-10-08,0.0
2012-10-09,0.007764212787151337
2012-10-10,5.221467694893523e-05
2012-10-11,0.0
2012-10-12,0.007448497021162622
2012-10-14,0.001710548996925354
2012-10-15,0.0014526993036270142
2012-10-16,0.0031031127524105764
2012-10-17,0.004362335798135198
2012-10-18,0.0035282649729527805
2012-10-19,0.0006825588643550873
2012-10-22,0.011328947440602505
2012-10-23,0.013755211292830125
2012-10-24,0.011301672704702639
2012-10-25,0.006895532503759311
2012-10-26,0.012013654120011048
2012-10-29,0.009317410752773281
2012-10-30,0.011641894553217031
2012-10-31,0.0010498754824556354
2012-11-01,0.002418349642177669
2012-11-02,0.004602386888228112
2012-11-05,0.019726327103953025
2012-11-06,0.014416918677731304
2012-11-07,0.0034977023287552063
2012-11-08,0.005270238965749741
2012-11-09,0.0019454195019219195
2012-11-12,0.001541847757587857
2012-11-13,0.00010848467097802663
2012-11-14,0.001170781499715939
2012-11-15,0.0027648411803515875
2012-11-16,0.008304452060691348
2012-11-19,0.009318128076470917
2012-11-20,0.0014977544443825063
2012-11-21,0.006245232952035088
2012-11-23,0.006819040036431778
2012-11-26,0.009642882837928732
2012-11-27,0.007340994320796543
2012-11-28,0.00414507369897581
2012-11-29,0.007710663202124834
2012-11-30,0.007105277065370986
2012-12-03,0.0030345337696042023
2012-12-04,0.010272742960638208
2012-12-05,0.0030464641749858856
2012-12-06,0.031725660289675356
2012-12-07,0.0003874467587375416
2012-12-09,0.0024190611623432557
2012-12-10,0.00130667923938148
2012-12-11,0.0
2012-12-12,0.002214507255295055
2012-12-13,0.0029079026819664945
2012-12-14,0.0020996044618306737
2012-12-17,0.0004146825522184372
2012-12-18,0.0012367340736458997
2012-12-19,0.0
2012-12-20,0.007968767601988301
2012-12-21,0.0012761578406162834
2012-12-23,0.0
2012-12-24,0.0
2012-12-26,0.013644706927982083
2012-12-27,0.012268044078456317
2012-12-28,1.1835247278213501e-05
2012-12-31,0.005343684294798562
2013-01-02,0.0027542247995687654
2013-01-03,0.018397794539355986
2013-01-04,0.005338810772500628
2013-01-07,0.012912756023065986
2013-01-08,0.0029274845361632754
2013-01-09,0.0012391265481710434
2013-01-10,0.0025911341547550843
2013-01-11,0.0030212161626710842
2013-01-14,0.0
2013-01-15,0.0070596310824150455
2013-01-16,0.005794015775658582
2013-01-17,0.02954274870892735
2013-01-18,0.005912932702465212
2013-01-22,0.006096784640024274
2013-01-23,0.004061352640573252
2013-01-24,0.0
2013-01-25,0.0
2013-01-28,0.00322062149643898
2013-01-29,0.005218766374170503
2013-01-30,0.009641315788030624
2013-01-31,0.008047506152672614
2013-02-01,0.005764627276736664
2013-02-04,0.004247162491083145
2013-02-05,0.00412239134311676
2013-02-06,0.0023462610956724132
2013-02-07,0.01470687751599041
2013-02-08,0.00649144226320174
2013-02-10,0.0019605234265327454
2013-02-11,0.0
2013-02-12,0.0012928414071815193
2013-02-13,0.0
2013-02-14,0.0
2013-02-15,0.0
2013-02-19,0.0
2013-02-20,0.0
2013-02-21,0.0
2013-02-22,0.0
2013-02-25,0.0
2013-02-26,0.0
2013-02-27,0.0
2013-02-28,0.0
2013-03-01,0.002665776287965804
2013-03-04,0.0005243942141532898
2013-03-05,0.0019822195172309875
2013-03-06,0.018487253914114293
2013-03-07,0.005003413071588187
2013-03-08,0.0
2013-03-11,0.001570159767849104
2013-03-12,0.000888118391821567
2013-03-13,0.0069032112441750875
2013-03-14,0.0
2013-03-15,0.0020472355293794727
2013-03-17,0.0024751052260398865
2013-03-18,0.0003466525606460484
2013-03-19,0.0027131467380611205
2013-03-20,0.016303557408169845
2013-03-21,0.0
2013-03-22,0.0
2013-03-25,0.009989829500885426
2013-03-26,0.010940779194627201
2013-03-27,0.004222575531384061
2013-03-28,0.009607542880509665
2013-04-01,0.0
2013-04-02,0.01140305376975511
2013-04-03,0.00531192963687192
2013-04-04,0.00451469469199543
2013-04-05,0.011689124763763391
2013-04-08,0.00034313835203647614
2013-04-09,0.00827397200034307
2013-04-10,0.0026156281502300255
2013-04-11,0.023386603714640658
2013-04-12,0.010669978723576412
2013-04-15,0.0
2013-04-16,1.5567992168740385e-06
2013-04-17,0.0030864163506308037
2013-04-18,0.009031541483189194
2013-04-19,0.0
2013-04-22,0.0
2013-04-23,0.004080654078861601
2013-04-24,0.0008121654391288757
2013-04-25,0.001786608201099342
2013-04-26,0.0003861494260568164
2013-04-28,0.013616926713347204
2013-04-29,0.0
2013-04-30,0.0026036907139338236
2013-05-01,0.002389300890815543
2013-05-02,0.00021540464020508625
2013-05-03,0.010263745667631935
2013-05-05,0.0030748024582862854
2013-05-06,0.002216648847865213
2013-05-07,0.0046283206078204025
2013-05-08,0.007804122521608722
2013-05-09,0.0005052067839716662
2013-05-10,0.002999783605517922
2013-05-12,0.004667919641516556
2013-05-13,0.004804433848501205
2013-05-14,0.0016390504770396656
2013-05-15,0.0
2013-05-16,0.0
2013-05-17,0.001904177493564988
2013-05-19,0.0
2013-05-20,0.0
2013-05-21,0.0
2013-05-22,0.0
2013-05-23,0.0
2013-05-24,0.0
2013-05-28,0.0
2013-05-29,0.0
2013-05-30,0.0
2013-05-31,0.002648497423712461
2013-06-02,0.0018066720766240533
2013-06-03,0.0
2013-06-04,0.0
2013-06-05,0.0
2013-06-06,0.007499213919957356
2013-06-07,0.015344127905678386
2013-06-10,0.0
2013-06-11,0.0009571180511899592
2013-06-12,0.006996537957023599
2013-06-13,0.010113755332026537
2013-06-14,0.0
2013-06-16,0.0
2013-06-17,0.0
2013-06-18,0.010197877054174194
2013-06-19,0.003440152911129366
2013-06-20,0.0
2013-06-21,0.005192063119993004
2013-06-23,0.00568143276821356
2013-06-24,0.002036297839500152
2013-06-25,0.012333276854953014
2013-06-26,0.0
2013-06-27,0.00735178217291832
2013-06-28,0.0017279417636057001
2013-06-30,0.005324770188976071
2013-07-01,0.005967751404763662
2013-07-02,0.0
2013-07-03,0.0
2013-07-05,0.0
2013-07-07,0.011570711693801496
2013-07-08,0.006048016126485612
2013-07-09,0.004127699024118993
2013-07-10,0.00010340465864344843
2013-07-11,0.0
2013-07-12,0.0
2013-07-15,0.0
2013-07-16,0.012447194217947821
2013-07-17,0.020635668551764127
2013-07-18,0.0075108765008571315
2013-07-19,0.012349396017213968
2013-07-22,0.001341216266155243
2013-07-23,0.00737787266564
2013-07-24,0.0
2013-07-25,0.002281947599302233
2013-07-26,0.0
2013-07-29,0.000976010376034967
2013-07-30,0.0
2013-07-31,0.0
2013-08-01,0.007832812953391962
2013-08-02,0.009650282968050192
2013-08-04,0.0
2013-08-05,0.010200751695709087
2013-08-06,0.00021877770517497594
2013-08-07,0.004317544216584056
2013-08-08,0.004258871175451225
2013-08-09,0.00955830374620689
2013-08-11,0.0
2013-08-12,0.0
2013-08-13,0.004004866660172125
2013-08-14,0.01921780568677563
2013-08-15,0.008511489895558739
2013-08-16,0.0067212399151808724
2013-08-18,0.00017727352678775787
2013-08-19,0.004544185474514961
2013-08-20,0.004643334106117161
2013-08-21,0.005886776225890481
2013-08-22,0.0
2013-08-23,0.011570561042170949
2013-08-25,0.0067906454205513
2013-08-26,0.001308120956855733
2013-08-27,0.0
2013-08-28,0.00449589744529213
2013-08-29,3.9268285036087036e-05
2013-08-30,0.0
2013-09-03,0.0
2013-09-04,0.010939512401819229
2013-09-05,0.008552671078660253
2013-09-06,0.017671017749003315
2013-09-09,0.0011621400786821876
2013-09-10,0.0074036302126838024
2013-09-11,0.0068585382189315725
2013-09-12,0.008928958688091725
2013-09-13,0.013631561018750734
2013-09-16,0.0
2013-09-17,0.004431226139115269
2013-09-18,0.014089028834898204
2013-09-19,0.005890396132677983
2013-09-20,0.005890396132677983
2013-09-23,0.008667555020313158
2013-09-24,0.0006260732716698469
2013-09-25,0.004724090100853126
2013-09-26,0.0023592650982865574
2013-09-27,0.001539718359708786
2013-09-29,0.004064738217888791
2013-09-30,0.0003844464299591698
2013-10-01,0.006981022980415915
2013-10-02,0.0009420346468687057
2013-10-03,0.0021889822038049364
2013-10-04,0.0028731049969792366
2013-10-07,0.0010596053573337864
2013-10-08,0.0
2013-10-09,0.00023043921132233426
2013-10-10,0.0065386135942764965
2013-10-11,0.0018404211655691483
2013-10-14,0.0
2013-10-15,0.0018822729861404691
2013-10-16,0.003554194898279605
2013-10-17,0.0
2013-10-18,0.0050499942153692245
2013-10-21,0.0015087932279923995
2013-10-22,0.0033262260258197784
2013-10-23,0.003032841562426251
2013-10-24,0.002960636983784142
2013-10-25,0.0008309448747275177
2013-10-28,0.0004341844469308853
2013-10-29,0.0
2013-10-30,0.0015693070543375883
2013-10-31,0.0017871670424938202
2013-11-01,0.0
2013-11-03,0.0071442688271441245
2013-11-04,0.006277620479251027
2013-11-05,0.00015739008536983656
2013-11-06,0.003843049911292507
2013-11-07,0.0
2013-11-08,0.0008691512093456172
2013-11-11,0.004237426897639398
2013-11-12,0.004056891973099946
2013-11-13,0.0021879127119183604
2013-11-14,0.0
2013-11-15,0.004325163594837604
2013-11-18,0.0027579475209391835
2013-11-19,0.001973578865083254
2013-11-20,0.0
2013-11-21,9.746250385485383e-05
2013-11-22,0.0006966070634551059
2013-11-25,0.0
2013-11-26,0.0
2013-11-27,0.00022847806577756238
2013-11-29,0.0
2013-12-01,0.007303661622767245
2013-12-02,0.0011315234005451202
2013-12-03,0.002083389088511467
2013-12-04,0.0
2013-12-05,0.0
2013-12-06,0.0
2013-12-09,0.0
2013-12-10,0.0011621400786821876
2013-12-11,0.004852601044983239
2013-12-12,0.005145245119361442
2013-12-13,0.0010711463498361833
2013-12-16,0.004229121039552213
2013-12-17,0.004172279853131386
2013-12-18,0.008477685967299834
2013-12-19,0.011915875598788261
2013-12-20,0.001145067970857242
2013-12-23,0.008788784965872765
2013-12-24,0.004456441298730464
2013-12-26,0.005050508813227362
2013-12-27,0.02850769633574636
2013-12-29,0.0003335738667175063
2013-12-30,0.009939201524740633
2013-12-31,0.0
2014-01-02,0.0
2014-01-03,0.0
2014-01-06,0.010239621679494696
2014-01-07,0.004998044307648025
2014-01-08,0.0013022683560848236
2014-01-09,0.006484248648232431
2014-01-10,0.004485411569476128
2014-01-13,0.006898318512784724
2014-01-14,0.014108430408595989
2014-01-15,0.0005018616230099556
2014-01-16,0.0008482856687117245
2014-01-17,0.010058033267674148
2014-01-21,0.010245345759466899
2014-01-22,0.016162582582172753
2014-01-23,0.007260883822533388
2014-01-24,0.003520320508567108
2014-01-27,0.0029336531745660756
2014-01-28,0.003387750811812633
2014-01-30,0.013417982071753997
2014-01-31,0.012683292850852013
2014-02-02,0.000902720957741569
2014-02-03,0.0
2014-02-04,0.009649701339092657
2014-02-05,0.00017414221696841238
2014-02-06,0.0036211826511752987
2014-02-07,0.004548852430493435
2014-02-09,0.0030869930156663845
2014-02-10,0.002240263049035945
2014-02-11,0.0010561809258922753
2014-02-12,0.003617930276560503
2014-02-13,0.0011389290189538276
2014-02-14,0.0003192492094106159
2014-02-18,0.0015408795619351809
2014-02-19,0.004870475805022864
2014-02-20,0.009231978943136925
2014-02-21,0.008037606466055697
2014-02-23,0.010798033326864243
2014-02-24,0.006131316890143164
2014-02-25,0.008014485658650549
2014-02-26,0.00959623725112419
2014-02-27,0.011146825915782175
2014-02-28,0.00556132360802369
2014-03-02,0.0028846798016889073
2014-03-03,0.0036050035029199386
2014-03-04,0.004176581903437407
2014-03-05,0.005901049806534062
2014-03-06,0.004810971944390462
2014-03-07,0.0030418034853297356
2014-03-10,0.004332148422646646
2014-03-11,0.002146123968099758
2014-03-12,0.0063642629492123605
2014-03-13,0.0019492377237704992
2014-03-14,0.0004668994321263216
2014-03-16,0.006686054465153871
2014-03-17,0.0
2014-03-18,0.001765341823303054
2014-03-19,0.004962323845557111
2014-03-20,0.0010567232966423035
2014-03-21,0.012220423294973823
2014-03-24,0.004436802119016647
2014-03-25,0.01435580939308253
2014-03-26,0.0034624489139010606
2014-03-28,0.005354870761996742
2014-03-31,0.008173449202335783
2014-04-01,0.0019469492103463435
2014-04-02,0.023444531585539965
2014-04-03,0.009829868648436336
2014-04-04,0.008534231242265627
2014-04-06,0.008715711883968195
2014-04-07,0.00795817825377894
2014-04-08,0.00356495776741635
2014-04-09,0.005289537180665318
2014-04-10,0.008610947545186865
2014-04-11,0.004161136868883103
2014-04-13,0.00043494889118734885
2014-04-14,0.004793928613486363
2014-04-15,0.006651379873055445
2014-04-16,0.00302349110580404
2014-04-17,0.006975455497999002
2014-04-21,0.001005746294748419
2014-04-22,0.010598384868110749
2014-04-23,0.009993743332937066
2014-04-24,0.009699637970716171
2014-04-25,0.012562427411920938
2014-04-28,0.012821995058364174
2014-04-29,0.004129970532079508
2014-04-30,0.0005360963050086835
2014-05-01,0.011938457040190139
2014-05-02,0.007436545367766044
2014-05-05,0.002379273892136994
2014-05-06,0.002484475552522307
2014-05-07,0.008205149836245498
2014-05-08,0.0
2014-05-09,0.005213442658493234
2014-05-12,0.0009311424216170939
2014-05-13,0.008300945906276596
2014-05-14,0.0
2014-05-15,0.007629943969003673
2014-05-16,0.004530569926693843
2014-05-19,0.005488560136052083
2014-05-20,0.005236400562579683
2014-05-21,0.007721730286174651
2014-05-22,0.00436941251741798
2014-05-23,0.005260489025684224
2014-05-25,0.0007382046858463434
2014-05-26,0.0004926472902297974
2014-05-27,0.012938991733051053
2014-05-29,0.0051443027727813805
2014-05-30,0.01005585642807553
2014-06-01,0.0023075425901494923
2014-06-02,0.0004955828189849854
2014-06-03,0.015897942723546096
2014-06-04,0.008163055757362762
2014-06-05,0.0022174998071706506
2014-06-06,0.0011655688285827637
2014-06-08,0.004734041995267432
2014-06-09,0.003608735771959172
2014-06-10,0.0007401257753372192
2014-06-11,0.005678171291947365
2014-06-12,0.0023241043090820312
2014-06-16,0.0
2014-06-17,0.0
2014-06-18,0.0
2014-06-19,0.0
2014-06-20,0.00010807044648250495
2014-06-23,0.0
2014-06-24,0.0
2014-06-25,0.0
2014-06-26,0.0
2014-06-27,0.0024993885308504105
2014-06-30,0.0
2014-07-01,0.0001831359593139318
2014-07-02,0.0003006269984720896
2014-07-03,0.0068565615147968845
2014-07-04,0.0
2014-07-06,0.00370416007507695
2014-07-07,0.004504232787310198
2014-07-08,0.0011937776570909372
2014-07-09,0.005540696949705956
2014-07-10,0.0
2014-07-11,0.0026185102746103207
2014-07-14,0.004104643793171785
2014-07-15,0.008417137573086904
2014-07-16,0.003136841177524926
2014-07-17,0.003926925843495337
2014-07-18,0.004201152361929417
2014-07-21,0.004109014704129188
2014-07-22,0.0018033682092358943
2014-07-24,0.007201862289750608
2014-07-25,0.003135662308937754
2014-07-28,0.007924949202513767
2014-07-29,0.004465731237155533
2014-07-30,0.0016017865867549194
2014-07-31,0.0
2014-08-01,0.004765320255994083
2014-08-03,0.004005079853705739
2014-08-04,0.006357249016224498
2014-08-05,0.001881100217475061
2014-08-06,0.0031101628070441573
2014-08-07,0.0012228079713460468
2014-08-08,0.006508116154528216
2014-08-10,0.003532418922037102
2014-08-11,0.004667746424959395
2014-08-12,0.006113055171883297
2014-08-13,0.0023742776797703626
2014-08-14,0.0008101814204479215
2014-08-15,0.005184389308821726
2014-08-17,0.0033430523204801598
2014-08-18,0.005827451991327734
2014-08-19,0.0011323442324185093
2014-08-20,0.003109272555925328
2014-08-21,0.001132329085894824
2014-08-22,0.009104309665948107
2014-08-25,0.0
2014-08-26,0.0023743149808598185
2014-08-27,0.002991451699102753
2014-08-28,0.0010394435375928879
2014-08-29,0.00700096880269655
2014-08-31,0.003682616717842064
2014-09-01,0.004531202593541324
2014-09-02,0.002101971505124512
2014-09-03,0.0009736478716927414
2014-09-04,0.007824878652487616
2014-09-05,0.0056422666773103545
2014-09-08,0.006095725041910931
2014-09-10,0.0034098321502291484
2014-09-12,0.011053647126931293
2014-09-14,0.0
2014-09-15,0.0014594446066225437
2014-09-16,0.003912949815341477
2014-09-17,0.0032499549146326715
2014-09-18,0.004261314275064713
2014-09-19,1.853012536561866e-05
2014-09-21,0.0036409259149144503
2014-09-22,0.002989232808931261
2014-09-26,0.004179849897427867
2014-09-28,0.0004935125957377432
2014-09-29,0.0036269829618506004
2014-09-30,0.00636955927487945
2014-10-01,0.004580631448730326
2014-10-02,0.0007405379090381284
2014-10-03,0.00023945731981464723
2014-10-05,0.0025293881037141445
2014-10-06,0.00043934863060712814
2014-10-07,0.0
2014-10-08,0.0
2014-10-09,0.0028663571178432993
2014-10-10,0.0011394210159778595
2014-10-12,0.002148155062882424
2014-10-13,0.0003672426132326296
2014-10-14,0.0005864924528475253
2014-10-15,0.00273318774998188
2014-10-16,0.00036509521305561066
2014-10-17,0.005477767949044201
2014-10-19,0.007324566138204418
2014-10-20,0.007758849827834954
2014-10-21,0.002417789526230872
2014-10-22,0.005021911588212038
2014-10-23,0.0
2014-10-24,0.00649564456740953
2014-10-27,0.012691729038606093
2014-10-28,0.0073905081578501544
2014-10-30,0.0
2014-10-31,0.0
2014-11-02,0.004181196545769472
2014-11-03,0.0005588145276938229
2014-11-04,0.009815089541732304
2014-11-05,0.0016460135584565922
2014-11-06,0.0
2014-11-07,0.0
2014-11-10,0.0
2014-11-11,0.003012467070740411
2014-11-12,0.0009033232927322388
2014-11-13,0.004088294354939336
2014-11-14,0.006237878459404078
2014-11-17,0.014363302205087152
2014-11-18,0.0029310807585716248
2014-11-19,0.00010807044648250495
2014-11-20,0.005742207813313676
2014-11-21,0.0016025758724665805
2014-11-24,0.0
2014-11-25,0.0011899701695895358
2014-11-26,0.0
2014-11-27,0.0
2014-11-28,0.001392006356282572
2014-11-30,0.0
2014-12-01,0.001392006356282572
2014-12-02,0.0
2014-12-03,0.0
2014-12-04,0.0
2014-12-05,0.0
2014-12-07,0.0
2014-12-08,0.0
2014-12-09,0.0
2014-12-10,0.00014535262671293102
2014-12-11,0.0
2014-12-12,0.0
2014-12-14,0.0
2014-12-15,0.0
2014-12-16,0.0
2014-12-17,0.0
2014-12-18,0.0016039365156635395
2014-12-19,0.0
2014-12-22,0.0
2014-12-23,0.0035756807774305344
2014-12-24,0.001000925898551941
2014-12-25,0.0
2014-12-26,0.0
2014-12-29,0.001233737037590068
2014-12-30,0.0015955443985278769
2015-01-01,0.0
2015-01-02,0.0033437386658580056
2015-01-04,0.0
2015-01-05,0.0
2015-01-06,0.0
2015-01-07,0.0
2015-01-08,0.0
2015-01-09,0.0
2015-01-11,0.0
2015-01-12,0.0
2015-01-13,0.0
2015-01-14,0.001132329085894824
2015-01-15,0.0
2015-01-16,0.0
2015-01-19,0.0
2015-01-20,0.0
2015-01-21,0.0008801987355685595
2015-01-22,0.0
2015-01-23,0.0018471106606812353
2015-01-26,0.0021042564859802965
2015-01-27,0.0
2015-01-28,0.0
2015-01-29,0.0025361595918367333
2015-01-30,0.002431450098347001
2015-02-01,0.0017954860396114556
2015-02-02,0.001453152857720852
2015-02-03,0.0
2015-02-04,0.0004279992709946062
2015-02-05,0.0
2015-02-06,0.0
2015-02-08,0.0
2015-02-09,0.0
2015-02-10,0.0
2015-02-11,0.0008944825659467189
2015-02-12,0.0
2015-02-13,0.031761010905582955
2015-02-15,0.12629835438793577
2015-02-16,0.06232118148085515
2015-02-17,6.872175358603242e-05
2015-02-18,6.872175358603242e-05
2015-02-19,0.030707765995973458
2015-02-20,0.0071672797203063965
2015-02-22,0.0
2015-02-23,0.003037059756846527
2015-02-24,0.0
2015-02-25,0.003037059756846527
2015-02-26,0.0
2015-02-27,7.423113693987089e-06
2015-03-02,0.0
2015-03-03,0.003231346191769613
2015-03-04,0.0
2015-03-05,0.0007738345373771536
2015-03-06,0.0
2015-03-08,0.0
2015-03-09,0.0
2015-03-10,0.002326442817528589
2015-03-11,0.006772570312023163
2015-03-12,0.01308143516472661
2015-03-13,0.0072392188012599945
2015-03-16,0.002922120032601252
2015-03-17,0.016027390956878662
2015-03-18,0.0
2015-03-19,0.00884919149066158
2015-03-20,0.0014883242547512054
2015-03-23,0.013254899046054053
2015-03-24,0.030653795277658293
2015-03-25,0.024680048361501478
2015-03-26,0.027429321056840164
2015-03-27,0.03343903197824899
2015-03-29,0.013599925487076548
2015-03-30,0.007259003818035126
2015-03-31,0.01635157057115784
2015-04-01,0.0
2015-04-02,0.027438192762941904
2015-04-05,0.0036065382881902922
2015-04-06,0.0
2015-04-07,0.012128538009885254
2015-04-08,0.007611624896526337
2015-04-09,0.0
2015-04-10,0.0
2015-04-13,0.004088294354939336
2015-04-14,0.015747802721834528
2015-04-15,0.003733571618795395
2015-04-16,0.0
2015-04-17,0.0
2015-04-20,0.0
2015-04-21,0.020818699239759316
2015-04-22,0.013722067200153565
2015-04-23,0.004842321699543482
2015-04-24,0.0
2015-04-27,0.0
2015-04-28,0.005338261880473153
2015-04-29,0.005338261880473153
2015-04-30,0.0
2015-05-01,0.0
2015-05-03,0.0
2015-05-04,0.0
2015-05-05,0.0
2015-05-06,0.0
2015-05-07,0.016068875853127083
2015-05-08,0.04195429545812135
2015-05-11,0.0
2015-05-12,0.014933151852926266
2015-05-13,0.0
2015-05-14,0.0303071066737175
2015-05-15,0.0062552580625865875
2015-05-17,0.017402948828008837
2015-05-18,0.009305864572525024
2015-05-19,0.0
2015-05-20,0.024620649277205454
2015-05-21,0.00853089988231659
2015-05-22,0.038127157500236895
2015-05-26,0.0012141690460798745
2015-05-27,0.0
2015-05-28,0.028382219891198525
2015-05-29,0.006327220346542651
2015-05-31,0.03240198161315246
2015-06-01,0.002188815412153596
2015-06-02,0.006671219916332509
2015-06-03,0.002527127879613723
2015-06-04,0.005137810365999621
2015-06-05,0.0
2015-06-07,0.0038365647196769714
2015-06-08,0.01566278965063561
2015-06-09,0.0
2015-06-10,0.008241228038090931
2015-06-11,0.0
2015-06-12,0.050398752093315125
2015-06-15,0.05647813851880737
2015-06-16,0.050144841851196074
2015-06-17,0.0016674821094168225
2015-06-18,0.0
2015-06-19,0.05058124949311387
2015-06-22,0.0018222637763950496
2015-06-23,0.0015985300386490613
2015-06-24,7.794137669778906e-05
2015-06-25,0.0019883473842192737
2015-06-26,0.00023554819961526434
2015-06-28,0.0006687098010079462
2015-06-29,0.008968772971955351
2015-06-30,0.013955367262520458
2015-07-01,0.008144510256870819
2015-07-02,0.020927100779645963
2015-07-03,0.003635141998529434
2015-07-05,0.014176859042446534
2015-07-06,0.0
2015-07-07,0.0
2015-07-08,0.004975723526454268
2015-07-09,0.00271567702293396
2015-07-10,0.03722372054464676
2015-07-13,0.001725133729823665
2015-07-14,0.0
2015-07-15,0.008701430243494688
2015-07-16,0.006670214235782623
2015-07-17,0.01657399230068403
2015-07-19,0.0
2015-07-20,0.0007883014836576064
2015-07-21,0.03061155373557999
2015-07-22,0.0017770560130110542
2015-07-23,0.00795312216780687
2015-07-24,0.004830203280460369
2015-07-26,0.021805831834392872
2015-07-27,0.025711986462659823
2015-07-28,0.005277724986441331
2015-07-29,0.0036612809250731806
2015-07-30,0.006422173580945517
2015-07-31,0.006213936415271861
2015-08-02,0.005689824548970701
2015-08-03,0.003851755704384069
2015-08-04,0.013718724904496164
2015-08-05,0.015875006187688025
2015-08-06,0.0004813854986232462
2015-08-07,0.008098757127744823
2015-08-09,0.009548241120779878
2015-08-10,0.008362576149214188
2015-08-11,0.021559331842657195
2015-08-12,0.0
2015-08-13,0.006404614026291209
2015-08-14,0.0022617289658181435
2015-08-16,0.005689824548970701
2015-08-17,0.0018210520545003691
2015-08-18,0.0
2015-08-19,0.0
2015-08-20,0.0017311349511146545
2015-08-21,0.005643023107877382
2015-08-23,0.003798931837081909
2015-08-24,0.003456592121101996
2015-08-25,0.0004058688828038502
2015-08-26,0.013037947942236344
2015-08-27,0.0
2015-08-28,0.0
2015-08-30,0.0
2015-08-31,0.00363523417269346
2015-09-01,0.0
2015-09-02,0.0
2015-09-03,0.009925793558558119
2015-09-04,0.0
2015-09-06,0.0033255812766839095
2015-09-07,0.008154816636636848
2015-09-08,0.029971926823800572
2015-09-09,0.07838247114863532
2015-09-10,0.011328335309879414
2015-09-11,0.005600004893051319
2015-09-14,0.009647223107037192
2015-09-15,0.06403350808055323
2015-09-16,0.002556496121769243
2015-09-17,0.0008720920526753343
2015-09-18,0.001661655307610203
2015-09-20,0.0
2015-09-21,0.03266747464588309
2015-09-22,0.0027598493974782434
2015-09-23,0.0
2015-09-24,0.04463451874041628
2015-09-25,0.021943860672623994
2015-09-28,0.01513097042727639
2015-09-29,0.013026500325012135
2015-09-30,0.0012936817099737127
2015-10-01,0.004251350428747271
2015-10-02,0.0004738991646565288
2015-10-04,0.003589817192282074
2015-10-05,0.010312785921585138
2015-10-06,0.011803798686192309
2015-10-07,0.012430454325015043
2015-10-08,0.016445621263609937
2015-10-09,0.0
2015-10-11,0.010906629264354706
2015-10-12,0.001688413288058547
2015-10-13,0.0019893087446689606
2015-10-14,0.0
2015-10-15,0.0
2015-10-16,0.005811729039932401
2015-10-18,0.0008934657732263853
2015-10-19,0.004526505157415798
2015-10-20,0.0007275415331730876
2015-10-21,0.0018179647978469656
2015-10-22,0.025107796986072774
2015-10-23,0.003755853184775561
2015-10-26,0.005756891355234292
2015-10-27,0.006123383957421904
2015-10-28,0.003663854517010394
2015-10-29,0.011636262378121529
2015-10-30,0.0009487360966923762
2015-11-01,0.005128580179191041
2015-11-02,0.006269164247668584
2015-11-03,0.016410141519697836
2015-11-04,0.02331103545695151
2015-11-05,0.01587965090195121
2015-11-06,0.016316040731497672
2015-11-09,0.00887252946491022
2015-11-10,0.004887453920444552
2015-11-11,0.006425589323043823
2015-11-12,0.03355630408197241
2015-11-13,0.007074310326972109
2015-11-16,0.0
2015-11-17,0.009711611050193778
2015-11-18,0.004669064756529298
2015-11-19,0.012898881672021717
2015-11-20,0.029681236033043797
2015-11-23,0.0036872103810310364
2015-11-24,0.0
2015-11-25,0.0
2015-11-26,0.00868443189265462
2015-11-27,0.014444938265898632
2015-11-29,0.0
2015-11-30,0.0023065819216774586
2015-12-01,0.0
2015-12-02,0.010115090860288722
2015-12-03,0.011825591731145002
2015-12-04,0.010545266846206937
2015-12-06,0.015790509452394186
2015-12-07,0.027633549616031313
2015-12-08,0.001676459388149658
2015-12-09,0.0
2015-12-10,0.0
2015-12-11,0.0
2015-12-13,0.0
2015-12-14,0.003916332578836853
2015-12-15,0.0
2015-12-16,0.0
2015-12-17,0.0
2015-12-18,0.0
2015-12-21,0.0
2015-12-22,0.0
2015-12-23,0.0
2015-12-24,0.0
2015-12-27,0.0
2015-12-28,0.0
2015-12-29,0.0
2015-12-30,0.0
2015-12-31,0.0
2016-01-03,0.0
2016-01-04,0.0
2016-01-05,0.0
2016-01-06,0.0
2016-01-07,0.0
2016-01-08,0.0
2016-01-11,0.0
2016-01-12,0.003554578275533756
2016-01-13,0.0
2016-01-14,0.0
2016-01-15,0.0
2016-01-18,0.0
2016-01-19,0.0
2016-01-20,0.002723899446865747
2016-01-21,0.006234330221595073
2016-01-22,0.0
2016-01-25,0.002688205023365792
2016-01-26,0.0
2016-01-27,0.0
2016-01-28,0.001676459388149658
2016-01-29,0.016592260686291476
2016-01-31,0.0
2016-02-01,0.0
2016-02-02,0.0
2016-02-03,0.0
2016-02-04,0.0
2016-02-05,0.034140274919552314
2016-02-07,0.0
2016-02-08,0.00340193510055542
2016-02-09,0.11637128560807426
2016-02-10,0.008457365746302183
2016-02-11,0.013427983301392844
2016-02-12,0.011266105488053069
2016-02-14,0.0
2016-02-15,0.011942395899301282
2016-02-16,0.0
2016-02-17,0.0
2016-02-18,0.0633978263487962
2016-02-19,0.010829232731095307
2016-02-21,0.016035277396440506
2016-02-22,0.05149395700987043
2016-02-23,0.0751252279977901
2016-02-24,0.017403204581844273
2016-02-25,0.06872914816818718
2016-02-26,0.028590969009683196
2016-02-28,0.10387209034789133
2016-02-29,0.14976771144507983
2016-03-01,0.017612925648323712
2016-03-02,0.012721810664362555
2016-03-03,0.026654850963874974
2016-03-04,0.016501900564447856
2016-03-06,0.02487674532835805
2016-03-07,0.011857145238752333
2016-03-08,0.005478276141685777
2016-03-09,0.0102698172095283
2016-03-10,0.00012142507055996004
2016-03-11,0.04139812966805733
2016-03-14,0.04984513018547448
2016-03-15,0.11114673441860229
2016-03-16,0.00408828118404918
2016-03-17,0.0
2016-03-18,0.09419757563236
2016-03-20,0.02422255277633667
2016-03-21,0.05830740594965264
2016-03-22,0.0
2016-03-23,0.002240165190018412
2016-03-24,0.0018820201050494074
2016-03-28,0.007951418748216725
2016-03-29,0.04264521737117009
2016-03-30,0.012485366400268637
2016-03-31,0.0010243356227874756
2016-04-01,0.0044531792760765035
2016-04-03,0.01213971482727474
2016-04-04,0.003957359488723838
2016-04-05,0.030052162322897206
2016-04-06,0.0
2016-04-07,0.0004511820133091321
2016-04-08,0.041149854595038
2016-04-10,0.01886911690235138
2016-04-11,0.004512310090205153
2016-04-12,0.020847896469065232
2016-04-13,0.006575629115104675
2016-04-14,0.006738729967069221
2016-04-15,0.006550505011309917
2016-04-17,0.034821469379373644
2016-04-18,0.025175102868966605
2016-04-19,0.028920536905996868
2016-04-20,0.019638098776340485
2016-04-21,0.016028478808002306
2016-04-22,0.015742585488667884
2016-04-25,0.0075343698263168335
2016-04-26,0.0
2016-04-27,0.0
2016-04-28,0.0
2016-04-29,0.006108706271252286
2016-05-01,0.0
2016-05-02,0.013879689516130295
2016-05-03,0.0
2016-05-04,0.027435259230499675
2016-05-05,0.0055349767208099365
2016-05-06,0.02837382152004706
2016-05-08,0.027661197948654476
2016-05-09,0.0131346912851396
2016-05-10,0.0
2016-05-11,0.0
2016-05-12,0.007193892789998678
2016-05-13,0.029031267939051916
2016-05-15,0.014969462111961577
2016-05-16,0.0
2016-05-17,0.0
2016-05-18,0.0
2016-05-19,0.0
2016-05-20,0.0
2016-05-23,0.004551417097267198
2016-05-24,0.02750038575166633
2016-05-25,0.0
2016-05-26,0.002949267871398335
2016-05-27,0.01632182016446527
2016-05-29,0.008670165184433682
2016-05-30,0.012609473064065044
2016-05-31,0.00490025602567975
2016-06-01,0.010567684793022957
2016-06-02,0.021907433536368613
2016-06-03,0.05035852974051414
2016-06-05,0.08517076240258775
2016-06-06,0.031007126199251115
2016-06-07,0.007475143978467932
2016-06-08,0.01100582235671796
2016-06-09,0.04055173677473997
2016-06-10,0.014262139797210693
2016-06-12,0.16918442522615731
2016-06-13,0.030653397653617305
2016-06-14,0.0
2016-06-15,0.0037032328444097677
2016-06-16,0.0
2016-06-17,0.009657876579286512
2016-06-19,0.006977826971107574
2016-06-20,0.006778441369533539
2016-06-21,0.009396865963935852
2016-06-22,0.021102663631601494
2016-06-23,0.009556558151284582
2016-06-24,0.039898851515156375
2016-06-27,0.03986793680177368
2016-06-28,0.05317776220272055
2016-06-29,0.03181007049579413
2016-06-30,0.06478873257336343
2016-07-01,0.0516231015169928
2016-07-03,0.09250744127161015
2016-07-04,0.027044046413715588
2016-07-05,0.06266090969750002
2016-07-06,0.019638071182560068
2016-07-07,0.003273213817409128
2016-07-08,0.0
2016-07-10,0.0
2016-07-11,0.0
2016-07-12,0.010432509313136395
2016-07-13,0.015593121355063057
2016-07-14,0.0
2016-07-15,0.0
2016-07-18,0.0
2016-07-19,0.00981934642428778
2016-07-20,0.006660424172878265
2016-07-21,0.012310601770877838
2016-07-22,0.0019248992550532135
2016-07-25,0.02343285751864753
2016-07-26,0.0
2016-07-27,0.02239421165736932
2016-07-28,0.010124041641003124
2016-07-29,0.02804473427010363
2016-07-31,0.0
2016-08-01,0.014215603470802307
2016-08-02,0.017773866653442383
2016-08-03,0.0
2016-08-04,0.013909950852394104
2016-08-05,0.0
2016-08-07,0.013055386721310321
2016-08-08,0.01353862081787505
2016-08-09,0.0
2016-08-10,0.026925829154619343
2016-08-11,0.022191170131751117
2016-08-12,0.029308235013011753
2016-08-15,0.0
2016-08-16,0.020181747089104342
2016-08-17,0.03141371598494123
2016-08-18,0.015488785759947107
2016-08-19,0.03329040903917428
2016-08-22,0.0
2016-08-23,0.020364233413892197
2016-08-24,0.03711147156738864
2016-08-25,0.012358278036117554
2016-08-26,0.019319130117600964
2016-08-29,0.03426711706758934
2016-08-30,0.004606745372649873
2016-08-31,0.029487660766738567
2016-09-01,0.04629846615932667
2016-09-02,0.02121485024690628
2016-09-04,0.0033010676159187617
2016-09-05,0.0
2016-09-06,0.012336807912360208
2016-09-07,0.035205605004294
2016-09-08,0.012144647538661957
2016-09-09,0.006137339786459393
2016-09-11,0.006111682892428376
2016-09-12,0.03331502650454562
2016-09-13,0.02561251488375859
2016-09-14,0.0480068569868285
2016-09-15,0.039110219716885594
2016-09-16,0.05658079862794685
2016-09-21,0.012959256768226624
2016-09-22,0.01341505249465304
2016-09-26,0.02795499329259444
2016-09-27,0.03820921055559978
2016-09-29,0.021351940285026034
2016-09-30,0.01967222680770687
2016-10-03,0.01503182117929969
2016-10-04,0.011355998645653453
2016-10-05,0.016128503107057875
2016-10-06,0.003592316061258316
2016-10-07,0.00897946838531279
2016-10-09,0.030820538967123744
2016-10-10,0.005276287134490965
2016-10-11,0.007648931239946534
2016-10-12,0.004463978191675287
2016-10-13,0.02643375527947169
2016-10-14,0.018640364288567617
2016-10-17,0.01098797545202167
2016-10-18,0.010995956788887706
2016-10-19,0.032971125030935355
2016-10-20,0.0034600771386382382
2016-10-24,0.024857536902149195
2016-10-25,0.020935667889402997
2016-10-26,0.0036039348693180507
2016-10-27,0.003850894208751677
2016-10-28,0.023994102344147693
2016-10-31,0.06896878238866608
2016-11-01,0.009994097613538595
2016-11-02,0.0024792830952972853
2016-11-03,0.014023773786120866
2016-11-04,0.03096177246216888
2016-11-06,0.02637155667923526
2016-11-07,0.0014741569757461548
2016-11-08,0.02865984230005674
2016-11-09,0.03749719999261096
2016-11-10,0.01712371121949243
2016-11-11,0.04543554092977422
2016-11-13,0.008885737762908099
2016-11-14,0.03391263043076087
2016-11-15,0.020771725634598462
2016-11-16,0.017938263108647014
2016-11-17,0.028499656545102257
2016-11-18,0.007171544423575774
2016-11-22,0.010913264809716439
2016-11-23,0.014296972292346536
2016-11-25,0.023122822725950926
2016-11-28,0.03119511783706691
2016-11-29,0.02827595580741951
2016-11-30,0.04399800945134172
2016-12-01,0.03759519313180426
2016-12-02,0.03184226832098685
2016-12-04,0.009202942252159119
2016-12-05,0.0
2016-12-06,0.0368949042333995
2016-12-07,0.04627702162179669
2016-12-08,0.049464302747084944
2016-12-09,0.0004113953883148452
2016-12-11,0.0
2016-12-12,0.07591443419202117
2016-12-13,0.0
2016-12-14,5.263614543405085e-05
2016-12-15,0.0
2016-12-16,0.0
2016-12-19,0.0
2016-12-20,0.02009296233758971
2016-12-21,0.008140985159599087
2016-12-22,0.0
2016-12-23,0.0
2016-12-27,0.011718899011611938
2016-12-28,0.0
2016-12-29,0.005193424235565454
2016-12-30,0.005043381454866665
2017-01-03,0.029697659911716003
2017-01-04,0.00624597328849622
2017-01-05,0.008471572684609756
2017-01-06,0.019140355526850797
2017-01-09,0.010685681750060828
2017-01-10,0.08586670461135178
2017-01-11,0.025230377912521362
2017-01-12,0.041075751185417175
2017-01-13,0.0030107498168945312
2017-01-16,0.0
2017-01-17,0.061724777510421276
2017-01-18,0.017169946465406018
2017-01-19,0.007995936780448847
2017-01-20,0.003255798213511802
2017-01-22,0.008961131221484704
2017-01-23,0.04228321079000683
2017-01-24,0.0
2017-01-25,0.006729063183072813
2017-01-26,0.01696392521262169
2017-01-27,0.0
2017-01-29,0.0
2017-01-30,0.007666938480972801
2017-01-31,0.000964535896527885
2017-02-01,0.0018984705468588089
2017-02-02,0.006955249979427536
2017-02-03,0.005273020639351089
2017-02-05,0.011847774095822997
2017-02-06,0.009393873658389017
2017-02-07,0.019126682580608144
2017-02-08,0.004290810162066602
2017-02-09,0.010763509506224775
2017-02-10,0.007301646476572831
2017-02-13,0.002331392438050588
2017-02-14,0.02331386265941297
2017-02-15,0.0
2017-02-16,0.0
2017-02-17,0.01791646198294308
2017-02-19,0.013055616668944066
2017-02-20,0.005343945198974853
2017-02-21,0.012548148127179663
2017-02-22,0.0016796886920928955
2017-02-23,0.0003288560538623208
2017-02-24,0.008902343775957014
2017-02-26,0.01675308779185296
2017-02-27,0.0
2017-02-28,0.0
2017-03-01,0.0
2017-03-02,0.0
2017-03-03,0.0
2017-03-06,0.0011823705659674152
2017-03-07,0.007641400124953245
2017-03-08,0.0
2017-03-09,0.0
2017-03-10,0.011788351393205172
2017-03-12,0.0
2017-03-13,0.0
2017-03-14,0.0
2017-03-15,0.014693647623062134
2017-03-16,0.028906255960464478
2017-03-17,0.013784729722743475
2017-03-19,0.03534311801195145
2017-03-20,0.0018539875745773315
2017-03-21,0.012461408972740173
2017-03-22,0.0
2017-03-23,0.0
2017-03-24,0.07127428590944179
2017-03-27,0.0009052695249874966
2017-03-28,0.015270150926997173
2017-03-29,7.269014279114155e-05
2017-03-30,0.0024801681791160267
2017-03-31,0.027084872828381096
2017-04-02,0.00012940168380737305
2017-04-03,0.007791101932525635
2017-04-04,0.01676979660987854
2017-04-05,0.06379439094207764
2017-04-06,0.07788281767264053
2017-04-07,0.056308416559967454
2017-04-09,0.04039108954699309
2017-04-10,0.035598120841962066
2017-04-11,0.04521164867575127
2017-04-12,0.033019592724385934
2017-04-13,0.01277400553226471
2017-04-16,0.02172219753265381
2017-04-17,0.0008011609315872192
2017-04-18,0.014799490571022034
2017-04-19,0.008688672919286027
2017-04-20,0.003284718841314316
2017-04-21,0.0
2017-04-23,0.0
2017-04-24,0.005779349723563902
2017-04-25,0.0
2017-04-26,0.0
2017-04-27,0.0
2017-04-28,0.0
2017-04-30,0.0
2017-05-01,0.0
2017-05-02,0.00015719984241154735
2017-05-03,0.0
2017-05-04,0.0
2017-05-05,0.0
2017-05-07,0.0
2017-05-08,0.0
2017-05-09,0.007850414249252856
2017-05-10,0.02125504029403655
2017-05-11,0.0
2017-05-12,0.02597123839809118
2017-05-14,0.005041552964806862
2017-05-15,0.0
2017-05-16,0.0
2017-05-17,0.0
2017-05-18,0.003324730350420549
2017-05-22,0.006888538599014282
2017-05-23,0.0
2017-05-24,0.0
2017-05-25,0.03680649703243219
2017-05-28,0.009102021933320326
2017-05-29,0.012986681551613095
2017-05-30,0.019215673633766955
2017-05-31,0.006992578368086392
2017-06-01,0.013354898031896895
2017-06-02,0.00038283563009264705
2017-06-04,0.0
2017-06-05,0.0027196044255064044
2017-06-06,0.0
2017-06-07,0.0
2017-06-08,0.0013979951600381784
2017-06-09,0.0005852564067783444
2017-06-11,0.0006068870425224304
2017-06-12,0.0
2017-06-13,0.0
2017-06-14,0.0
2017-06-15,0.004069251881946506
2017-06-16,0.0
2017-06-19,0.0012244555112945648
2017-06-20,0.0
2017-06-21,0.0045601754895452104
2017-06-22,0.004323818803040372
2017-06-23,0.015825712841057223
2017-06-25,0.007254302501678467
2017-06-26,0.0
2017-06-27,0.002338014543056488
2017-06-28,0.005117336003113135
2017-06-29,0.012085608810498874
2017-06-30,0.0029799059960877172
2017-07-03,0.0
2017-07-04,0.0
2017-07-05,0.0013855354979471356
2017-07-06,0.0
2017-07-07,0.001361817358947635
2017-07-10,0.011831652974796502
2017-07-11,0.007302710684497746
2017-07-12,0.030423080931573376
2017-07-13,0.03874572954496654
2017-07-14,0.006583945662705958
2017-07-17,0.022011529871452815
2017-07-18,0.028285998636048172
2017-07-19,0.009056391997531775
2017-07-20,0.006336816989346518
2017-07-21,0.0035663293437341996
2017-07-24,0.01398500946950823
2017-07-25,0.018536354758752992
2017-07-26,0.019453054459114442
2017-07-28,0.011752109577984022
2017-07-30,0.01263379047856681
2017-07-31,0.0037514409365720742
2017-08-01,0.0
2017-08-02,0.01162729297364111
2017-08-03,0.013110383970804712
2017-08-04,0.0
2017-08-06,0.002012122158046476
2017-08-07,0.0
2017-08-08,0.009147169442999228
2017-08-09,0.009920027687260633
2017-08-10,0.027723721726073285
2017-08-11,0.013712016123154445
2017-08-13,0.0
2017-08-14,0.01297650102632806
2017-08-15,0.0023254629033007167
2017-08-16,0.007528931259701924
2017-08-17,0.016031649649179858
2017-08-18,0.0010310620627242996
2017-08-21,0.009302576933053943
2017-08-22,0.017748847807568576
2017-08-23,0.006504236012997617
2017-08-24,0.02158803161144038
2017-08-25,0.017079684444988013
2017-08-27,0.017586375330878312
2017-08-28,0.028724388498004932
2017-08-29,0.008723178017326309
2017-08-30,0.011366801675862551
2017-08-31,0.01819089591866571
2017-09-01,0.012252628278853386
2017-09-03,0.004666294520286394
2017-09-04,0.04243132051544721
2017-09-05,0.0033115893602371216
2017-09-06,0.015654856163723092
2017-09-07,0.019195715379940963
2017-09-08,0.0016220062971115112
2017-09-11,0.059641097328832056
2017-09-12,0.0053318970993229044
2017-09-14,0.009675472888539781
2017-09-15,0.011999932092237976
2017-09-18,0.0
2017-09-19,0.0
2017-09-20,0.0
2017-09-21,0.009386743268637868
2017-09-22,0.0056167542934417725
2017-09-25,0.009245996502213784
2017-09-26,0.0012339701623459017
2017-09-28,0.0
2017-09-29,0.0
2017-10-02,0.0
2017-10-03,0.0
2017-10-04,0.0024406015872955322
2017-10-05,0.0028765961678534173
2017-10-06,0.0
2017-10-09,0.001185242086648941
2017-10-10,0.007905964150390878
2017-10-11,0.017150605271753064
2017-10-12,0.0013433992862701416
2017-10-13,0.0037781596183776855
2017-10-16,0.015949963946730157
2017-10-17,0.022484846621039323
2017-10-19,0.02591007276361671
2017-10-20,0.01911737323516507
2017-10-23,0.0
2017-10-24,0.011553604526859839
2017-10-25,0.0120546921239624
2017-10-26,0.0
2017-10-27,0.0017321327408545023
2017-10-29,0.005632170294385827
2017-10-30,0.011295479207287119
2017-10-31,0.0
2017-11-01,0.0
2017-11-03,0.0019087359386492512
2017-11-06,0.008757020735259973
2017-11-07,0.005194675470130628
2017-11-08,0.020153939723968506
2017-11-09,0.018056489618764476
2017-11-10,0.0
2017-11-13,0.0
2017-11-14,0.0
2017-11-15,0.0
2017-11-16,0.0
2017-11-17,0.00028958045940623663
2017-11-20,0.0
2017-11-22,0.0
2017-11-29,0.0
2017-11-30,0.00722352729285788
2017-12-01,0.00653112306045274
2017-12-03,0.0030935154604268666
2017-12-04,0.00424451691730103
2017-12-05,0.0034346155497125834
2017-12-06,0.012206696706270677
2017-12-07,0.017336974426054693
2017-12-08,0.024558009786494375
2017-12-11,0.0
2017-12-12,0.0
2017-12-13,0.00038708192508011944
2017-12-14,0.010467162336733081
2017-12-15,0.0029335523652598335
2017-12-18,0.0
2017-12-19,0.0
2017-12-20,0.0
2017-12-21,0.0
2017-12-22,0.0005435784419571462
2017-12-26,0.0
2017-12-27,0.0
2017-12-28,0.00043989719462034503
2017-12-29,0.0
2018-01-01,0.0
2018-01-02,0.0
2018-01-03,0.003845228907731085
2018-01-04,0.004987568334138848
2018-01-07,0.002749856643114114
2018-01-08,0.0028024519587886623
2018-01-09,0.003011602908372879
2018-01-10,0.0
2018-01-11,0.010468288313760316
2018-01-12,0.020427909249934626
2018-01-16,7.436284584141662e-05
2018-01-17,0.0011019161834271655
2018-01-18,0.0
2018-01-19,0.01775170294573642
2018-01-22,0.001552900633383896
2018-01-23,0.011189998816354504
2018-01-24,0.0068657163076484016
2018-01-25,0.006036072848909357
2018-01-26,0.004904307391492848
2018-01-30,0.0
2018-01-31,0.001767056673201841
2018-02-01,0.012490159296046889
2018-02-02,0.00989099760689991
2018-02-04,0.008610811885018218
2018-02-05,0.001708548944934624
2018-02-06,0.0
2018-02-07,0.0
2018-02-08,0.0
2018-02-09,0.004028145533758231
2018-02-12,0.0
2018-02-13,0.019760009917836135
2018-02-14,0.0
2018-02-15,0.009834056059992196
2018-02-16,0.009085809314828478
2018-02-19,0.012723859997737036
2018-02-20,0.014073431491851807
2018-02-21,0.0005060993134975433
2018-02-22,0.01016381575497973
2018-02-23,0.005391373125153802
2018-02-26,0.0059363915152935275
2018-02-27,0.0
2018-02-28,0.002732072025537491
2018-03-01,0.0030331032214425623
2018-03-02,0.0062423512937023
2018-03-05,0.0
2018-03-06,0.0016293971634311717
2018-03-07,0.007717273893192116
2018-03-08,0.004931297153234482
2018-03-09,0.015404969678406474
2018-03-13,0.003103179054478995
2018-03-14,0.009858605927988805
2018-03-16,0.005715768568407191
2018-03-19,0.0055149272084236145
2018-03-21,0.013472849363358906
2018-03-23,0.0
2018-03-25,0.0
2018-03-26,0.0
2018-03-27,0.0036067508056341745
2018-03-28,0.0
2018-03-29,0.0
2018-04-01,0.005395444617190296
2018-04-02,0.0036918153435111494
2018-04-03,0.0015577457425495784
2018-04-04,0.0010315678249064322
2018-04-05,0.0
2018-04-06,0.0016613997923410964
2018-04-08,0.008893333791919963
2018-04-09,0.010451539198829756
2018-04-10,0.00923037938967763
2018-04-11,0.007126204368603878
2018-04-12,0.0
2018-04-13,0.0
2018-04-15,0.0
2018-04-16,0.0
2018-04-17,0.0
2018-04-18,0.0
2018-04-19,0.0
2018-04-20,0.0
2018-04-22,0.0
2018-04-23,0.0003531695170970423
2018-04-24,0.0
2018-04-25,0.0
2018-04-26,0.0
2018-04-27,0.0
2018-04-30,0.0
2018-05-01,0.0
2018-05-02,0.0
2018-05-07,0.0
2018-05-08,0.0007678312861714745
2018-05-10,0.0
2018-05-14,0.0019161300763848768
2018-05-15,0.0007152892649173737
2018-05-16,0.0
2018-05-17,0.002551492303609848
2018-05-18,0.0
2018-05-21,0.0020366497337818146
2018-05-30,0.009518742561340332
2018-05-31,0.0
2018-06-01,0.009602913795472484
2018-06-03,0.0032078705421079642
2018-06-04,0.002874361041255765
2018-06-05,0.02024931206223072
2018-06-06,0.003656439483165741
2018-06-07,0.007528163957282891
2018-06-08,0.0050841992426246
2018-06-11,0.015027636340215441
2018-06-12,0.005691610133461377
2018-06-13,0.012925474329131523
2018-06-14,0.023019646258450044
2018-06-15,0.007721700400864286
2018-06-18,0.024461034281580578
2018-06-19,0.024503256560124025
2018-06-20,0.014279561091288875
2018-06-21,0.010202760097846993
2018-06-22,0.01865532777954975
2018-06-25,0.016843438435046838
2018-06-26,0.02217136091947506
2018-06-27,0.011554170296002602
2018-06-28,0.0002520233392715454
2018-06-29,0.01982958883389213
2018-07-02,0.0017824914527170123
2018-07-03,0.016293546702041035
2018-07-04,0.00033079832792282104
2018-07-05,0.007401142015016886
2018-07-06,0.010835172131740818
2018-07-09,0.005856965206506961
2018-07-10,0.004329753650058246
2018-07-11,0.005324561520529075
2018-07-12,0.002660542202763471
2018-07-13,0.0005721338093280792
2018-07-16,0.0017229052152086522
2018-07-18,0.0
2018-07-19,0.005760881501382051
2018-07-23,0.004373596203839023
2018-07-26,0.0042251888662576675
2018-07-29,0.015137211837147831
2018-07-30,0.011416967378306234
2018-07-31,0.004717905357394462
2018-08-01,0.00819822848241099
2018-08-02,0.006395842136099551
2018-08-03,0.019933621052844533
2018-08-06,0.022168058586522498
2018-08-07,0.0045119598507881165
2018-08-08,0.003336113747568109
2018-08-09,0.006611197758960879
2018-08-10,0.010096765934038058
2018-08-13,0.007053693932605201
2018-08-14,0.012431029687589476
2018-08-15,0.010114907473752868
2018-08-16,0.0012327643896762272
2018-08-17,0.0070996688428181754
2018-08-20,0.002659807267092552
2018-08-21,0.003971649000418391
2018-08-22,0.005299289216490727
2018-08-23,0.0063917376101017
2018-08-24,0.0
2018-08-26,0.005835660547352491
2018-08-27,0.01653113458506049
2018-08-28,0.002018976289285559
2018-08-29,0.010037757456302643
2018-08-30,0.000845693051815033
2018-08-31,0.0
2018-09-03,0.017070176972446633
2018-09-04,0.0
2018-09-05,0.0
2018-09-06,0.026809351083549926
2018-09-07,0.002402849495410919
2018-09-11,0.0
2018-09-12,0.0
2018-09-13,0.004317529499530792
2018-09-18,0.011173687875270844
2018-09-25,0.0
2018-09-27,0.013974057468359356
2018-09-28,0.0
2018-09-30,0.006975290184155865
2018-10-01,0.007939544297141282
2018-10-02,0.0
2018-10-03,0.002438516556075119
2018-10-04,0.0
2018-10-05,0.014721346275824656
2018-10-08,0.001695399128199229
2018-10-09,0.0
2018-10-10,0.0
2018-10-11,0.0
2018-10-12,0.006791822612285614
2018-10-15,0.011344912192234324
2018-10-16,0.0
2018-10-17,0.0
2018-10-22,0.0
2018-10-23,0.0034815878364469945
2018-10-24,0.0003531695170970423
2018-10-25,0.0
2018-10-26,0.0
2018-10-30,0.010221824049949646
2018-10-31,0.03430966879932768
2018-11-01,0.0218504541346092
2018-11-02,0.0
2018-11-05,0.0
2018-11-06,0.0
2018-11-07,0.0021631922681777105
2018-11-09,0.0
2018-11-12,0.0
2018-11-13,0.0
2018-11-16,0.0
2018-11-20,0.0007678312861714745
2018-11-23,0.0
2018-11-26,0.0
2018-11-27,0.0
2018-11-28,0.0
2018-11-29,0.00021489097548886484
2018-11-30,0.010846288632570127
2018-12-02,0.0
2018-12-03,0.0
2018-12-04,0.003689168967897228
2018-12-05,0.0
2018-12-06,0.013563854408199653
2018-12-07,0.012488245556857543
2018-12-09,0.0
2018-12-10,0.0
2018-12-11,0.0
2018-12-12,0.0031964265168241343
2018-12-13,0.0037946151145154244
2018-12-14,0.0067740832090436975
2018-12-17,0.0
2018-12-18,0.002149245612587649
2018-12-19,0.011179153905397048
2018-12-20,0.010266638762128563
2018-12-21,0.0005155955687239313
2018-12-24,0.0071452161345325685
2018-12-25,0.006998356431722641
2018-12-26,0.0
2018-12-27,0.015113280356839596
2018-12-28,0.0
2018-12-31,0.0
2019-01-02,0.014430245895694
2019-01-03,0.0
2019-01-04,0.01167008303102998
2019-01-07,0.005517843495300386
2019-01-08,0.006664853543043137
2019-01-09,0.0
2019-01-11,0.0
2019-01-14,0.001688998075581636
2019-01-15,0.002011660486459732
2019-01-17,0.010272902266753613
2019-01-18,0.02998499605143899
2019-01-22,0.006882116198539734
2019-01-23,0.03641315031485019
2019-01-24,0.053895598543351936
2019-01-28,0.0
2019-01-30,0.027121794262258095
2019-01-31,0.028247264018257744
2019-02-01,0.002378546859000196
2019-02-03,0.0049884934077022505
2019-02-04,0.0018044857088575555
2019-02-05,0.0012483817503585915
2019-02-06,0.010689157278787428
2019-02-07,0.005898601597247453
2019-02-08,0.0055404877279844915
2019-02-11,0.0023294389247894287
2019-02-12,0.0
2019-02-13,0.0019748445876276045
2019-02-14,0.004554878407201151
2019-02-15,0.003226824873553849
2019-02-17,0.005271676927804947
2019-02-18,0.0
2019-02-19,4.444912011080432e-05
2019-02-20,0.007964268692148975
2019-02-21,0.003668263554573059
2019-02-22,0.0
2019-02-25,0.0
2019-02-26,0.0027407779485270622
2019-02-27,0.0010191191728662159
2019-02-28,0.003407322455192754
2019-03-01,0.02842842754839316
2019-03-04,0.0
2019-03-05,0.0
2019-03-06,0.0007621467299785626
2019-03-07,0.009765737609318204
2019-03-08,0.01128644877045483
2019-03-11,0.015167168099331564
2019-03-12,0.0017526398168330915
2019-03-15,0.0
2019-03-18,0.0
2019-03-19,0.0
2019-03-20,0.0
2019-03-25,0.0
2019-03-26,0.0
2019-03-28,0.001549739619745597
2019-03-29,0.0
2019-03-31,0.0
2019-04-01,0.008667714893817902
2019-04-02,0.03080482375019509
2019-04-03,0.01047066801610695
2019-04-04,0.004873085003176204
2019-04-05,0.004464116073496216
2019-04-07,0.0014791857953383562
2019-04-08,0.0
2019-04-09,0.0
2019-04-10,0.00011031674179923931
2019-04-11,0.0
2019-04-12,0.0
2019-04-15,0.0
2019-04-16,0.0
2019-04-17,0.0
2019-04-18,0.0
2019-04-23,0.015294058726814962
2019-04-24,0.010606348514556885
2019-04-25,0.000887751579284668
2019-04-29,0.0003612041473388672
2019-04-30,0.013339790856096743
2019-05-01,0.011329028755426407
2019-05-02,0.017751306295394897
2019-05-03,0.008572012186050415
2019-05-06,0.01799778043189695
2019-05-07,0.004790134213054894
2019-05-09,0.006493375289255192
2019-05-10,0.03211355683089513
2019-05-12,0.0
2019-05-13,0.004705590269120063
2019-05-14,0.012842112656105003
2019-05-15,0.008682429790496826
2019-05-16,0.009245166736133716
2019-05-17,0.005802548506034214
2019-05-30,0.0
2019-05-31,0.05691692801268924
2019-06-02,0.010518984109568637
2019-06-03,0.00021489097548886484
2019-06-04,0.0
2019-06-05,0.006352199151811846
2019-06-06,0.045262738679524156
2019-06-07,0.027589345332961354
2019-06-09,0.0
2019-06-10,0.0
2019-06-11,0.004628050604572156
2019-06-12,0.012381785251697062
2019-06-13,0.021152920669181927
2019-06-14,0.015348067872990983
2019-06-17,0.005369368888852227
2019-06-18,0.002468507150583206
2019-06-19,0.027857756253417566
2019-06-20,0.026004777043242833
2019-06-21,0.029485341504212444
2019-06-23,0.008701068237713265
2019-06-24,0.03945095199165506
2019-06-25,0.04220032337409775
2019-06-26,0.0432338847830659
2019-06-27,0.015456575646089796
2019-06-28,0.027883020918753984
2019-06-30,0.02208545965024672
2019-07-01,0.0055027267858967464
2019-07-02,0.008615673836432265
2019-07-03,0.024780214056344313
2019-07-04,0.0
2019-07-05,0.0
2019-07-08,0.0
2019-07-09,0.0037343319502546888
2019-07-10,0.01023255939544466
2019-07-11,0.0026034004986286163
2019-07-12,0.0
2019-07-14,0.004609904435619
2019-07-15,0.0013734367182464768
2019-07-16,0.0012414301545323233
2019-07-17,0.0
2019-07-18,0.0
2019-07-19,0.0
2019-07-22,0.0
2019-07-23,0.0
2019-07-26,0.0022504590451717377
2019-07-30,0.002832745006155862
2019-07-31,0.004339407912545273
2019-08-01,0.0
2019-08-02,0.001086898148059845
2019-08-04,0.009192973132609042
2019-08-05,0.004035849500612832
2019-08-06,0.0
2019-08-07,0.001166714083606042
2019-08-08,0.006053530524133877
2019-08-09,0.004310948221285847
2019-08-12,0.0053896863040124934
2019-08-13,0.0032284723035367743
2019-08-14,0.001252325114872392
2019-08-15,0.001252325114872392
2019-08-16,0.0009046504931499688
2019-08-19,0.0
2019-08-20,0.0
2019-08-21,0.0
2019-08-22,0.0019258897059931963
2019-08-23,0.0010212392128432276
2019-08-26,0.002927604391263738
2019-08-27,0.0071639053072831685
2019-08-28,0.027414895642102196
2019-08-29,0.03344911336898804
2019-08-30,0.004710326521221468
2019-09-02,0.02417449961001418
2019-09-03,0.010172089299450522
2019-09-04,0.01975456998052548
2019-09-05,0.049628878933731066
2019-09-06,0.012100438449581256
2019-09-09,0.0094289630651474
2019-09-10,0.01459582242424714
2019-09-11,0.004926204681396484
2019-09-12,0.005682717775520523
2019-09-13,0.005576651832301442
2019-09-15,0.0012455061078071594
2019-09-16,0.017013650146059458
2019-09-17,0.0
2019-09-18,0.0
2019-09-19,0.0015264166074508755
2019-09-20,0.022312473113038512
2019-09-23,0.021182205271453657
2019-09-24,0.005173320721975455
2019-09-25,0.05974417982526871
2019-09-27,0.0
2019-09-29,0.006633195746277694
2019-09-30,0.013800926402924836
2019-10-01,0.020856479986003814
2019-10-02,0.048015582915613975
2019-10-03,0.0034085894948261268
2019-10-04,0.0
2019-10-06,0.009576991200447083
2019-10-07,0.007232799599530297
2019-10-08,0.008909411850666389
2019-10-09,0.0026345520852114404
2019-10-10,0.0019815525219859147
2019-10-11,0.0066732791121239055
2019-10-13,0.0
2019-10-14,0.029159639052740532
2019-10-15,0.0025014971186405575
2019-10-16,0.0
2019-10-17,0.024538604752103066
2019-10-18,0.0089369083534582
2019-10-20,0.008490095408348924
2019-10-21,0.009831937648721159
2019-10-22,0.002208833060650078
2019-10-23,0.012737053827040438
2019-10-24,0.00720983746962595
2019-10-25,0.002910411111249313
2019-10-28,0.006140466555783286
2019-10-29,0.0
2019-10-30,0.0006588948536609694
2019-10-31,0.0
2019-11-01,0.0
2019-11-04,0.0
2019-11-05,0.0004007454065317483
2019-11-06,0.01592043201849368
2019-11-07,0.007838325851886577
2019-11-08,0.007491514487699429
2019-11-11,0.0
2019-11-12,0.0027342583578980396
2019-11-13,0.0017915571630768364
2019-11-14,0.00493125766693754
2019-11-18,0.006854341126518609
2019-11-19,0.01115268831871024
2019-11-20,0.0
2019-11-22,0.038466443378374175
2019-11-25,0.0007513307949794693
2019-11-27,0.002958263589377372
2019-11-28,0.0
2019-11-29,0.009483235844125538
2019-12-01,0.012988502641899179
2019-12-02,0.01813128774571884
2019-12-03,0.0
2019-12-04,0.0
2019-12-05,0.007326511585477355
2019-12-06,0.011564552590714764
2019-12-09,0.0
2019-12-10,0.001944750420701806
2019-12-11,0.0052643828094005585
2019-12-12,0.0056672312039908294
2019-12-13,0.0
2019-12-16,0.008031988140993864
2019-12-17,0.010473268494552422
2019-12-19,0.0
2019-12-20,0.019984756577613526
2019-12-23,0.026349433354822108
2019-12-24,0.03708885986197595
2019-12-26,0.005905014171674275
2019-12-30,0.01698827864839988
2019-12-31,0.01889164000749588
2020-01-02,0.0054718773318267085
2020-01-03,0.012023863677430448
2020-01-05,0.02040106902455676
2020-01-06,0.016314191584884764
2020-01-07,0.0072086527943611145
2020-01-08,0.023614800786218037
2020-01-09,0.015275936608374771
2020-01-10,0.0023276018558626484
2020-01-12,0.004283189284987811
2020-01-13,0.01848026037547333
2020-01-14,0.034949281042540886
2020-01-15,0.022124149973351413
2020-01-16,0.03580596297979355
2020-01-17,0.009996041655540466
2020-01-20,0.01438845694065094
2020-01-21,0.006396450102329254
2020-01-22,0.02049435289868769
2020-01-23,0.003461040491209247
2020-01-24,0.008678136207158335
2020-01-26,0.0036299184014250115
2020-01-27,0.019002923443856908
2020-01-28,0.0
2020-01-30,0.022522808980160375
2020-01-31,0.0037933638799502816
2020-02-02,0.0
2020-02-03,0.005841553998397765
2020-02-04,0.005410723388195038
2020-02-05,0.011407110999846697
2020-02-06,0.0
2020-02-07,0.023973161677310957
2020-02-09,0.0
2020-02-10,0.017797060310840607
2020-02-11,0.006565124547382626
2020-02-12,0.0
2020-02-13,0.0071155707745752745
2020-02-14,0.00716797262430191
2020-02-17,0.00043013691902160645
2020-02-18,0.0071755127682095275
2020-02-19,0.005932455679851592
2020-02-20,0.013055813645741621
2020-02-21,0.005154143372753301
2020-02-23,0.0
2020-02-24,0.0014417593938606701
2020-02-25,0.012933362231488974
2020-02-26,0.01676766702225342
2020-02-27,0.0
2020-03-01,0.0
2020-03-02,0.0
2020-03-03,0.016004894302909543
2020-03-04,0.0
2020-03-05,0.0
2020-03-06,0.0001650997423293069
2020-03-08,0.009152134333500636
2020-03-09,0.006041147507267358
2020-03-10,0.0
2020-03-11,0.0
2020-03-12,0.013679061084985733
2020-03-13,0.0009669698770293872
2020-03-15,0.0
2020-03-16,0.0
2020-03-17,0.0
2020-03-18,0.0
2020-03-19,0.04313350676670577
2020-03-20,0.0
2020-03-22,0.03322053585463543
2020-03-23,0.0027816709282947605
2020-03-24,0.0
2020-03-25,0.0
2020-03-26,0.0
2020-03-29,0.0
2020-03-30,0.003551974892616272
2020-03-31,0.0
2020-04-01,0.00565954730667169
2020-04-02,0.0
2020-04-03,0.0
2020-04-05,0.00045357384696212226
2020-04-06,0.0
2020-04-07,0.0026426203548908234
2020-04-08,0.0
2020-04-09,0.001808394829056937
2020-04-13,0.0
2020-04-14,0.007573045790195465
2020-04-15,0.008200649292022319
2020-04-16,0.13135528953753756
2020-04-17,0.2084458255943181
2020-04-20,0.006001584231853485
2020-04-21,0.022459444442152143
2020-04-22,0.0
2020-04-23,0.0
2020-04-24,0.004653719001700381
2020-04-27,0.03539311350323215
2020-04-28,0.0
2020-04-29,0.0
2020-04-30,0.004266873186258024
2020-05-01,0.3729422896074377
2020-05-03,0.0669713020324707
2020-05-04,0.014815036085886345
2020-05-05,0.0
2020-05-06,0.09053829000099568
2020-05-07,0.3803734849596211
2020-05-08,0.0019047372563967841
2020-05-10,0.009777882937180755
2020-05-11,0.019848076218752633
2020-05-12,0.012719971564148473
2020-05-13,0.02965189045951123
2020-05-14,0.13274414691890568
2020-05-15,0.11483403089634805
2020-05-17,0.035752771228474665
2020-05-18,0.2981697989542053
2020-05-19,0.12189814259264031
2020-05-20,0.05137737711970435
2020-05-21,0.0
2020-05-22,0.0
2020-05-25,0.008978290257184766
2020-05-26,0.0
2020-05-27,0.03625011444091797
2020-05-28,0.10265229525067879
2020-05-29,0.09010350704193115
2020-05-31,0.0
2020-06-01,0.0
2020-06-02,0.0
2020-06-03,0.0
2020-06-04,0.0
2020-06-05,0.0
2020-06-07,0.0
2020-06-08,0.0
2020-06-09,0.008748379198557808
2020-06-10,0.0
2020-06-11,0.014217459281660703
2020-06-12,0.11152384861400967
2020-06-15,0.06349480152130127
2020-06-16,0.0764643441965475
2020-06-17,0.0026236772537231445
2020-06-18,0.03757916364563405
2020-06-19,0.19995293864646363
2020-06-21,0.09604024414202163
2020-06-22,0.001990469214624026
2020-06-23,0.017764095857220184
2020-06-24,0.02048128843307495
2020-06-25,0.03924673795700073
2020-06-26,0.0032816379187552863
2020-06-28,0.0
2020-06-29,0.01961581764654637
2020-06-30,0.0
2020-07-01,0.04517585039138794
2020-07-02,0.0
2020-07-06,0.0
2020-07-07,0.0
2020-07-08,0.0
2020-07-09,0.004572427301249888
2020-07-10,0.006868882636062985
2020-07-13,0.013164531253885335
2020-07-14,0.01597264909194819
2020-07-15,0.021948575516675776
2020-07-16,0.0
2020-07-17,0.00591458842372325
2020-07-20,0.0010704878053282056
2020-07-21,0.0
2020-07-22,0.0074577346958549055
2020-07-23,0.0
2020-07-24,0.0
2020-07-26,0.012063443660736084
2020-07-27,0.0017886226887492665
2020-07-28,0.017310169030401768
2020-07-30,0.07170502907762488
2020-07-31,0.025091127452459
2020-08-02,0.046201348304748535
2020-08-03,0.019887208938598633
2020-08-04,0.00484274138253056
2020-08-05,0.008723580925628834
2020-08-06,0.037465579202460866
2020-08-07,0.06506884098052979
2020-08-09,0.05912664625436744
2020-08-10,0.013338342146329053
2020-08-11,0.06579648061842391
2020-08-12,0.1181663496226087
2020-08-13,0.03204519684065874
2020-08-14,0.015057772397994995
2020-08-17,0.015201330184936523
2020-08-18,0.07615652169270704
2020-08-19,0.04862860320974059
2020-08-20,0.0
2020-08-21,0.01922925816636014
2020-08-23,0.020398337618702182
2020-08-24,0.12543079484284936
2020-08-25,0.03586596676015716
2020-08-26,0.026272516595633576
2020-08-27,0.06105313662817557
2020-08-28,0.06120761227896596
2020-08-31,0.04109978533120688
2020-09-01,0.07735086049618718
2020-09-02,0.0006936937570571899
2020-09-03,0.022619086167599414
2020-09-04,0.16767041533059168
2020-09-07,0.015181169090831732
2020-09-08,0.014297998990047165
2020-09-09,0.0
2020-09-10,0.24343013763427734
2020-09-11,0.021350979804992676
2020-09-14,0.04444899367025616
2020-09-15,0.0
2020-09-16,0.0
2020-09-17,0.03659676183816123
2020-09-18,0.14335826945153082
2020-09-21,0.056920810239568465
2020-09-23,0.00020685791969299316
2020-09-24,0.3157357633560966
2020-09-25,0.0753791290794095
2020-09-29,0.02800025880821251
2020-09-30,0.0
2020-10-01,0.06977899674421256
2020-10-02,0.0
2020-10-04,0.05889937785700421
2020-10-05,0.031868509165797684
2020-10-06,0.05944804499951043
2020-10-07,0.13232460093576007
2020-10-08,0.0
2020-10-09,0.0032139922268952675
2020-10-12,0.0
2020-10-13,0.06285035929158207
2020-10-14,0.001613333821296692
2020-10-15,0.02284504595917824
2020-10-16,0.0
2020-10-19,0.0
2020-10-20,0.02348635314237027
2020-10-21,0.052702118870529564
2020-10-22,0.052363164235657185
2020-10-23,0.02508749737085663
2020-10-25,0.02465318087291028
2020-10-26,0.029322695205582755
2020-10-27,0.0
2020-10-28,0.09062929558364277
2020-10-29,0.03361013394665537
2020-10-30,0.007399321797996852
2020-11-02,0.0
2020-11-03,0.02048327354588542
2020-11-04,0.032096576835565535
2020-11-05,0.06201721204902189
2020-11-06,0.0007955639124916677
2020-11-09,0.020289447866610973
2020-11-10,0.043471239468364065
2020-11-11,0.03223212263718284
2020-11-12,0.03588250283512036
2020-11-13,0.0
2020-11-16,0.015714873935772013
2020-11-17,0.01471260080475869
2020-11-19,0.006865426594485095
2020-11-20,0.0
2020-11-23,0.009197748897380939
2020-11-24,0.0
2020-11-25,0.0
2020-11-26,0.0013111978769302368
2020-11-27,0.0
2020-11-29,0.005363501608371735
2020-11-30,0.0
2020-12-01,0.0
2020-12-02,0.0014357790350914001
2020-12-03,0.0
2020-12-04,0.017879275291666327
2020-12-06,0.0
2020-12-07,0.007512077725989076
2020-12-08,0.012683331966400146
2020-12-09,0.0
2020-12-10,0.0
2020-12-11,0.00713061456531564
2020-12-13,0.006549729270014348
2020-12-14,0.005965111958375666
2020-12-15,0.0
2020-12-16,0.0039724985228336875
2020-12-17,0.018716050919467524
2020-12-18,0.0067678125417779764
2020-12-20,0.0
2020-12-21,0.014070188003043466
2020-12-22,0.03433467801978817
2020-12-23,0.004850342369952116
2020-12-24,0.0
2020-12-28,0.0
2020-12-29,0.0
2020-12-30,0.02754197603469218
2020-12-31,0.024917638308125694
2021-01-03,0.010176656869251016
2021-01-04,0.0
2021-01-05,0.05555133061854062
2021-01-06,0.03815407735392664
2021-01-07,0.0
2021-01-08,0.00484274138253056
2021-01-11,0.003275670111179352
2021-01-12,0.036230463577753086
2021-01-13,0.010548386804761042
2021-01-14,0.0
2021-01-15,0.002935364679745801
2021-01-17,0.020628169178962708
2021-01-18,0.010930171749671423
2021-01-19,0.003771454095840454
2021-01-20,0.010842750496110639
2021-01-21,0.0
2021-01-22,0.011611193418502808
2021-01-25,0.0036541768533089217
2021-01-26,0.0
2021-01-28,0.0021330730765606203
2021-01-29,0.0
2021-01-31,0.0
2021-02-01,0.0
2021-02-02,0.02210066939420308
2021-02-03,0.06309589932764333
2021-02-04,0.0
2021-02-05,0.011406349126473073
2021-02-07,0.01942007712096989
2021-02-08,0.0
2021-02-09,0.0
2021-02-10,0.0665737710618074
2021-02-11,0.02540765864233764
2021-02-12,0.014909763762092656
2021-02-15,0.0
2021-02-16,0.017700469921036886
2021-02-17,0.023395747218533675
2021-02-18,0.0
2021-02-19,0.0
2021-02-22,0.0
2021-02-23,0.025353468331864734
2021-02-24,0.0
2021-02-25,0.012196286434688532
2021-02-26,0.0
2021-02-28,0.0
2021-03-01,0.022630086495060528
2021-03-02,0.022630086495060528
2021-03-03,0.0
2021-03-04,0.040448781850603036
2021-03-05,0.0
2021-03-07,0.0
2021-03-08,0.018405824899673462
2021-03-09,0.005103719936866084
2021-03-10,0.0
2021-03-11,0.01916478314720695
2021-03-12,0.0600614994764328
2021-03-15,0.0
2021-03-16,0.04736952707158798
2021-03-17,0.03016597988730084
2021-03-18,0.014130089211489578
2021-03-19,0.07010414696726625
2021-03-24,0.00589921536072892
2021-03-25,0.00654004238726888
2021-03-26,0.03983819166343709
2021-03-30,0.06734855071719165
2021-03-31,0.05963698949612263
2021-04-01,0.042638943848922126
2021-04-04,0.01177966594696045
2021-04-05,0.0
2021-04-06,0.058794820424726314
2021-04-07,0.0801506618131673
2021-04-08,0.0593668200671549
2021-04-09,0.0
2021-04-11,0.010871273811203062
2021-04-12,0.0
2021-04-13,0.012201170200759686
2021-04-14,0.0
2021-04-15,0.030634187161922455
2021-04-16,0.0
2021-04-19,0.027666753192890726
2021-04-20,0.020977850088624923
2021-04-21,0.026078510587890572
2021-04-22,0.0
2021-04-23,0.0
2021-04-26,0.0
2021-04-27,0.004521938113872949
2021-04-28,0.006683237850666046
2021-04-29,0.0067227805856999515
2021-04-30,0.008047550916671753
2021-05-03,0.020340168081796152
2021-05-04,0.006234361854913042
2021-05-05,0.0446533804321976
2021-05-06,0.023209429765582996
2021-05-07,0.0023482995396450664
2021-05-10,0.0031022820049171284
2021-05-11,0.002655454287894786
2021-05-12,0.01725306773931945
2021-05-13,0.022293343068824
2021-05-14,0.047141205022975564
2021-05-17,0.01944276253072929
2021-05-18,0.00012203619986329804
2021-05-19,0.007927310038435447
2021-05-20,0.014375689434474702
2021-05-21,0.0
2021-05-24,0.015956270010618116
2021-05-25,0.02410041586222457
2021-05-27,0.0018627941608428955
2021-05-28,0.003761760599186722
2021-05-30,0.0
2021-05-31,0.0
2021-06-01,0.002043914052713855
2021-06-02,0.03891108355141406
2021-06-03,0.010215690119328175
2021-06-04,0.0007350252329618083
2021-06-06,0.0034117610451765592
2021-06-07,0.005291342735290527
2021-06-08,0.0005107149481773376
2021-06-09,0.014594133675542081
2021-06-10,0.00864233585364736
2021-06-11,0.0
2021-06-14,0.007216575666454618
2021-06-15,0.013478779201903868
2021-06-16,0.011961582424310736
2021-06-17,0.0
2021-06-18,0.0
2021-06-20,0.0008188921931424338
2021-06-21,0.0
2021-06-22,0.0119783661544629
2021-06-23,0.0007229074835777283
2021-06-24,0.0
2021-06-25,0.0008252669039797081
2021-06-29,0.0
2021-06-30,0.0
2021-07-01,0.0
2021-07-02,0.0
2021-07-04,0.0
2021-07-05,0.0
2021-07-06,0.0
2021-07-07,0.0
2021-07-08,0.004501072686720956
2021-07-09,0.0
2021-07-12,0.0
2021-07-13,0.0
2021-07-14,0.0
2021-07-15,0.00819297856559337
2021-07-16,0.031972715184197656
2021-07-19,0.0
2021-07-20,0.05150328576564789
2021-07-21,0.014860384166240692
2021-07-22,0.07244832888741787
2021-07-23,0.001761300994202076
2021-07-26,0.001761300994202076
2021-07-27,0.0
2021-07-29,0.0
2021-07-30,0.00726368618602993
2021-08-01,0.03435876418223275
2021-08-02,0.012114297571628348
2021-08-03,0.018030941486358643
2021-08-04,0.0
2021-08-05,0.052289597530918816
2021-08-06,0.017770025147510853
2021-08-08,0.01799212547714581
2021-08-09,0.017804041391324407
2021-08-10,0.0
2021-08-11,0.0
2021-08-12,0.0034117610451765592
2021-08-13,0.0
2021-08-16,0.039702553296184856
2021-08-17,0.025213022692827936
2021-08-18,0.02098705468431987
2021-08-19,0.030195260599000066
2021-08-20,0.00944756443049832
2021-08-22,0.0
2021-08-23,0.0
2021-08-24,0.05555569013081247
2021-08-25,0.05321595083201824
2021-08-26,0.023527563147249558
2021-08-27,0.02202791156875108
2021-08-29,0.05292251099012451
2021-08-30,0.019437462525825216
2021-08-31,0.013599216938018799
2021-09-01,0.008359799572122325
2021-09-02,0.007006026561117519
2021-09-03,0.012934504291424988
2021-09-06,0.03470634303774413
2021-09-07,0.02722061337757993
2021-09-08,0.008350849454524488
2021-09-09,0.07472944924457786
2021-09-13,0.003933184201428758
2021-09-14,0.009970856442150355
2021-09-15,0.005931320294448628
2021-09-16,0.019696577047081096
2021-09-17,0.016345725548190138
2021-09-20,0.008779247813654996
2021-09-21,0.0017783441260686753
2021-09-22,0.0
2021-09-23,0.01988823368532889
2021-09-24,0.0011401110847991478
2021-09-27,0.010366367736932641
2021-09-28,0.0010285200809234784
2021-09-29,0.0077062562222774056
2021-09-30,0.0016484446823596954
2021-10-01,0.0
2021-10-03,0.0
2021-10-04,0.0026554542878947877
2021-10-05,0.0
2021-10-06,0.011691448489199932
2021-10-07,0.005448510598958625
2021-10-08,0.013367137723505356
2021-10-11,0.0
2021-10-12,0.0
2021-10-13,0.0011420636908118288
2021-10-14,0.0010168559405980895
2021-10-15,0.0029389102833767733
2021-10-18,0.0
2021-10-19,0.018909905753610606
2021-10-20,0.01052625336589414
2021-10-21,0.03713966698518386
2021-10-22,0.014664307236671448
2021-10-25,0.022001399830593668
2021-10-26,0.020855550994635957
2021-10-27,0.027446839431754067
2021-10-28,0.053394563496112823
2021-10-29,0.0011922605873883033
2021-11-01,0.0
2021-11-02,0.026149322073021494
2021-11-03,0.001721605658531189
2021-11-04,0.0
2021-11-05,0.0
2021-11-08,0.0
2021-11-09,0.005973251568494349
2021-11-10,0.0
2021-11-11,0.006540629808969959
2021-11-12,0.0
2021-11-15,0.0
2021-11-17,0.0
2021-11-22,0.0
2021-11-23,0.013830672731312124
2021-11-24,0.025034024622221925
2021-11-25,0.0
2021-11-28,0.013160109276628841
2021-11-29,0.018471804663990815
2021-11-30,0.043245211243629456
2021-12-01,0.0
2021-12-02,0.0
2021-12-03,0.0
2021-12-05,0.024579155970674407
2021-12-06,0.014496606626183657
2021-12-07,0.003930091857910156
2021-12-08,0.013323076069355011
2021-12-09,0.019044619653965818
2021-12-10,0.0009984193285526083
2021-12-13,0.0014190056773353782
2021-12-14,0.012279086304126956
2021-12-15,0.033694908022880554
2021-12-16,0.028690509038653857
2021-12-17,0.015785686098826843
2021-12-20,0.02823215964711872
2021-12-21,0.0027670636773109436
2021-12-22,0.01243137044637965
2021-12-23,0.004082885614402176
2021-12-27,0.0
2021-12-28,0.03203082274708688
2021-12-29,0.014686680492924452
2021-12-30,0.01982492651118914
2021-12-31,0.0007889717817306519
2022-01-03,0.018116581601234128
2022-01-04,0.013169989937456885
2022-01-05,0.0
2022-01-06,0.020281554981967223
2022-01-07,0.013262465780481883
2022-01-09,0.016469744971176068
2022-01-10,0.007845652884495374
2022-01-11,0.00827188789844513
2022-01-12,0.012389436535969954
2022-01-13,0.013808712789932443
2022-01-14,0.03921028599143028
2022-01-16,0.034128718744895245
2022-01-17,0.004382129774203608
2022-01-18,0.020992994897598094
2022-01-19,0.0025543123483657837
2022-01-20,0.00772976738922324
2022-01-21,0.007902763783931732
2022-01-24,0.003916034916719247
2022-01-25,0.009203810141032416
2022-01-28,0.0
2022-01-30,0.018472492854156825
2022-01-31,0.0025626346468925476
2022-02-01,0.013416416013139814
2022-02-02,0.012477517165231235
2022-02-03,0.03139609054628359
2022-02-04,0.009017918831497072
2022-02-07,0.0
2022-02-08,0.0
2022-02-09,0.0012802210602305482
2022-02-10,0.00010926043640844491
2022-02-11,0.0
2022-02-13,0.0
2022-02-14,0.0
2022-02-15,0.013276952703932055
2022-02-16,0.001581960885432158
2022-02-17,0.0
2022-02-18,0.0
2022-02-21,0.0
2022-02-22,0.001581960885432158
2022-02-23,0.0
2022-02-24,0.008176686524914637
2022-02-25,0.0
2022-02-27,0.014017641419662509
2022-02-28,0.0
2022-03-01,0.0010478128008293449
2022-03-02,0.0034597715739865306
2022-03-03,0.00010056048631668091
2022-03-04,0.011796943843364716
2022-03-06,0.008504737168550491
2022-03-07,0.018321796424399156
2022-03-08,0.017522830319989146
2022-03-09,0.011542998254299164
2022-03-10,0.009062528610229492
2022-03-11,0.0
2022-03-13,0.009802482114674004
2022-03-14,0.007127582592961663
2022-03-15,0.0
2022-03-16,0.033600392460586215
2022-03-17,0.0063873655377117994
2022-03-18,0.014750232672122825
2022-03-21,0.0
2022-03-24,0.007046660677259982
2022-03-28,0.06168884331809551
2022-03-29,0.07449800417192927
2022-03-30,0.025715182280628374
2022-03-31,0.035751954304459925
2022-04-01,0.019671948629026548
2022-04-03,0.0033785253763198853
2022-04-04,0.007040957681820845
2022-04-05,0.003078389193676026
2022-04-06,0.031349897165595324
2022-04-07,0.0003277452895685073
2022-04-08,0.0025343243123640107
2022-04-10,0.02873424387510334
2022-04-11,0.0
2022-04-12,0.026876329854787794
2022-04-13,0.02320780867662102
2022-04-14,0.030905686274448646
2022-04-17,0.05346095587880409
2022-04-18,0.011809874009048798
2022-04-19,0.023341017502715212
2022-04-20,0.037323211442979565
2022-04-21,0.00507403165102005
2022-04-22,0.0052992478013038635
2022-04-25,0.004619471728801727
2022-04-26,0.023746261484174535
2022-04-27,0.023025664864224995
2022-04-28,0.005347924045494274
2022-04-29,0.0061788280904623225
2022-05-01,0.006981686287776791
2022-05-02,0.02960407015818735
2022-05-05,0.013286054134368896
2022-05-06,0.0017060043289557879
2022-05-09,0.009220165752432665
2022-05-11,0.028479000942520108
2022-05-12,0.012296310380364713
2022-05-13,0.0035314932465553284
2022-05-16,0.006022311747074127
2022-05-17,0.0
2022-05-18,0.007955178618431091
2022-05-19,0.004635215568818989
2022-05-20,0.011071692612584439
2022-05-22,0.0
2022-05-23,0.0
2022-05-24,0.008169476429192468
2022-05-26,0.0
2022-05-27,0.011853669434787384
2022-05-29,0.004362553358078003
2022-05-30,0.0
2022-05-31,0.021734076105855288
2022-06-01,0.0
2022-06-02,0.003804401085904049
2022-06-03,0.0037171592675306624
2022-06-05,0.0
2022-06-06,0.0
2022-06-07,0.0
2022-06-08,0.0
2022-06-09,0.0011154901028257122
2022-06-10,0.0
2022-06-13,0.00793000330430962
2022-06-14,0.0
2022-06-15,0.016916551709624413
2022-06-16,0.005485011555506387
2022-06-17,0.0
2022-06-21,0.005388827561974106
2022-06-22,0.0
2022-06-23,0.0
2022-06-24,0.0
2022-06-27,0.0
2022-06-28,0.010292755723558668
2022-06-29,0.0030300766229629517
2022-06-30,0.011996963451368347
2022-07-01,0.008000028966280895
2022-07-04,0.010119094810897265
2022-07-05,0.032932208477532365
2022-07-06,0.02471788858796437
2022-07-07,0.01743307874606798
2022-07-08,0.0023344243769653447
2022-07-11,0.016830808537233607
2022-07-12,0.013006263834894585
2022-07-13,0.03933037159329369
2022-07-14,0.021250268706434167
2022-07-15,0.04254402220249176
2022-07-18,0.0003767427763047922
2022-07-19,0.0065752193331718445
2022-07-20,0.022955590549744997
2022-07-21,0.0
2022-07-22,0.033139078622283116
2022-07-25,0.015321688620191856
2022-07-26,0.014152460521949344
2022-07-28,0.002503330506550783
2022-07-29,0.00023187696933746338
2022-07-31,0.010024849466464954
2022-08-01,0.0033485362951454576
2022-08-02,0.0
2022-08-03,0.002503330506550783
2022-08-04,0.0
2022-08-05,0.009764234151503733
2022-08-08,0.033861454659594614
2022-08-09,0.01195581952974171
2022-08-10,0.0
2022-08-11,0.0
2022-08-12,0.005191722556556832
2022-08-14,0.03632435215784663
2022-08-15,0.03773619781311288
2022-08-16,0.0
2022-08-17,0.0
2022-08-18,0.011426042241439772
2022-08-19,0.01646100748323359
2022-08-22,0.010288691055611497
2022-08-23,0.004218517580125878
2022-08-24,0.0
2022-08-25,0.005902633095408002
2022-08-26,0.02796128441142799
2022-08-28,0.013089840730470457
2022-08-29,0.01058448558051063
2022-08-30,0.004007317125797272
2022-08-31,0.014934323712388295
2022-09-01,0.0017709895010035162
2022-09-02,0.00212444877768407
2022-09-05,0.056033451510896205
2022-09-06,0.07107718619181791
2022-09-07,0.030301853142858295
2022-09-08,0.008327901572712723
2022-09-09,0.007768988119380342
2022-09-12,0.024335529960255665
2022-09-13,0.029343210184095414
2022-09-14,0.005617613819521127
2022-09-15,0.009154932967649935
2022-09-16,0.02044882746524367
2022-09-19,0.01254746337233397
2022-09-21,0.030459785522198243
2022-09-22,0.02208135906721128
2022-09-23,0.014797094659374996
2022-09-27,0.010341666167958096
2022-09-28,0.013078483194294256
2022-09-29,0.015347695529620028
2022-09-30,0.02219005368399603
2022-10-03,0.01575891630504222
2022-10-04,0.013326440215834442
2022-10-05,0.013927607848709153
2022-10-06,0.01517753581178552
2022-10-07,0.018207735417392082
2022-10-10,0.026486859277827034
2022-10-11,0.02114154197184713
2022-10-12,0.0
2022-10-13,0.00978348340747206
2022-10-14,0.012287312428385757
2022-10-17,0.027895590983347134
2022-10-18,0.030948015489410213
2022-10-19,0.03853575339011436
2022-10-20,0.004164918739819951
2022-10-21,0.0020364001393318176
2022-10-23,0.008734780029489924
2022-10-24,0.018829254605941922
2022-10-25,0.009189713299661863
2022-10-26,0.0034596187916606917
2022-10-28,0.016125969029507276
2022-10-30,0.0
2022-10-31,0.0
2022-11-01,0.02181826957014442
2022-11-02,0.004928051860476042
2022-11-03,0.032414345385797495
2022-11-04,0.009994418393855106
2022-11-06,0.002697909335235421
2022-11-07,0.023565235942872277
2022-11-08,0.012494720366460028
2022-11-09,0.0397407704656425
2022-11-10,0.0
2022-11-11,0.00856262238038977
2022-11-14,0.01123930389924316
2022-11-15,0.029623920849897005
2022-11-16,0.040861107533475285
2022-11-17,0.01196699993159634
2022-11-18,0.012081910424542057
2022-11-21,0.0008219107985496521
2022-11-22,0.008036295306879526
2022-11-23,0.008048038236377671
2022-11-24,0.0
2022-11-25,0.006437545050516075
2022-11-28,0.010415408229353098
2022-11-29,0.0
2022-11-30,0.0038593869181425774
2022-12-01,0.0
2022-12-02,0.004844229039160971
2022-12-04,0.004133652266471151
2022-12-05,0.011926730996680993
2022-12-06,0.0
2022-12-07,0.0
2022-12-08,0.0
2022-12-09,0.0
2022-12-12,0.0
2022-12-13,0.0
2022-12-14,0.0
2022-12-15,0.0
2022-12-16,0.0
2022-12-18,0.0
2022-12-19,0.003939676200595843
2022-12-20,0.0
2022-12-21,0.0
2022-12-22,0.0
2022-12-23,0.001961999018454896
2022-12-27,0.007183403493075516
2022-12-28,0.0015260214807460745
2022-12-29,0.0
2022-12-30,0.004402059202856717
2023-01-03,0.010317964715595915
2023-01-04,0.015094551340532685
2023-01-05,0.017516377755097366
2023-01-06,0.00026985257863998413
2023-01-09,0.0
2023-01-10,0.028174885273652424
2023-01-11,0.013778338957236486
2023-01-12,0.008909843862056732
2023-01-13,0.0087188553311759
2023-01-15,0.0
2023-01-16,0.006042182739233914
2023-01-17,0.0
2023-01-18,0.001708206501790476
2023-01-19,0.006151223796308895
2023-01-20,0.002116282825785081
2023-01-23,0.0
2023-01-24,0.0009514229582849237
2023-01-25,0.01540742889969549
2023-01-26,0.014707219179039423
2023-01-29,0.019427227336005812
2023-01-30,0.010652421443612732
2023-01-31,0.017952070884675042
2023-02-01,0.039823577958303685
2023-02-02,0.024883738239569984
2023-02-03,0.03255596339393177
2023-02-05,0.015015644868903043
2023-02-06,0.0073798025387802136
2023-02-07,0.020729274808457793
2023-02-08,0.011953128094738977
2023-02-09,0.024807129874736475
2023-02-10,0.00012141093611717224
2023-02-13,0.007898571219957103
2023-02-14,0.009062258885962533
2023-02-15,0.014138511618562687
2023-02-16,0.00795054354497558
2023-02-17,0.0013362467288970947
2023-02-20,0.0067846886813640594
2023-02-21,0.013001013465617578
2023-02-22,0.018035664403682112
2023-02-23,0.023714916258187224
2023-02-27,0.00911351866394806
2023-02-28,0.021463596420674892
2023-03-01,0.0
2023-03-02,0.00588024840893954
2023-03-03,0.0017496710981911
2023-03-06,0.00869124520282607
2023-03-07,0.012255299925137835
2023-03-08,0.010024296011884131
2023-03-09,0.0036987583069941236
2023-03-10,0.011385098405454592
2023-03-12,0.007018567168549407
2023-03-13,0.0033375914030801352
2023-03-14,0.03229858363959758
2023-03-15,0.0007669776678085327
2023-03-16,0.02351044459840001
2023-03-17,0.0
2023-03-19,0.0027729307255848195
2023-03-20,0.0008043199202697857
2023-03-21,0.0
2023-03-22,0.0
2023-03-23,0.0
2023-03-24,0.000407396706062371
2023-03-27,0.000407396706062371
2023-03-30,0.0
2023-03-31,0.0
2023-04-02,0.0005809925496578217
2023-04-03,0.0
2023-04-04,0.0
2023-04-05,0.023911569326568398
2023-04-06,0.03536746470764404
2023-04-09,0.01773419976234436
2023-04-10,0.03468587606789086
2023-04-11,3.1675990833972484e-05
2023-04-12,0.06650793552398682
2023-04-13,0.007099524140357971
2023-04-14,0.01002722978591919
2023-04-16,0.025056870656962833
2023-04-17,0.00909773110540944
2023-04-18,0.008662283420562744
2023-04-19,0.0
2023-04-20,0.0294471035764299
2023-04-21,0.018762017326124723
2023-04-23,0.00548257795813051
2023-04-24,0.006162364477762744
2023-04-25,0.0
2023-04-26,0.07097112535330664
2023-04-27,0.04712011284854156
2023-04-28,0.032292112708091736
2023-05-01,0.014004796743392944
2023-05-02,0.0
2023-05-03,0.0030904492771977043
2023-05-04,0.0
2023-05-05,0.0
2023-05-08,0.009574450789185743
2023-05-09,0.005020290250238771
2023-05-10,0.020978140767676037
2023-05-11,0.0
2023-05-15,0.0
2023-05-17,0.0
2023-05-18,0.011583089828491211
2023-05-19,0.0
2023-05-21,0.0
2023-05-23,0.0
2023-05-24,0.0
2023-05-26,0.0
2023-05-28,0.013969059521899491
2023-05-29,0.010967105208004639
2023-05-30,0.0
2023-05-31,0.001439515074177476
2023-06-01,0.03166027044077459
2023-06-02,0.030050162971286546
2023-06-04,0.027201665590984123
2023-06-05,0.01189639716499207
2023-06-06,0.008719717105434748
2023-06-07,0.008951850235462189
2023-06-08,0.008248933775347626
2023-06-09,0.0374657670120784
2023-06-11,0.02104265460916357
2023-06-12,0.025841701636436544
2023-06-13,0.0
2023-06-14,0.01320652613924667
2023-06-15,0.012267841246747858
2023-06-16,0.004936589243274163
2023-06-18,0.00590986748399037
2023-06-19,0.004763673894724135
2023-06-20,0.0043188086403355775
2023-06-21,0.02473204780009478
2023-06-22,0.004764452576637268
2023-06-23,0.02696783293078535
2023-06-25,0.009786550850107668
2023-06-26,0.004634596407413483
2023-06-27,0.007412773631211402
2023-06-29,0.017248243196471145
2023-06-30,0.019984924083895718
2023-07-02,0.0124391313074522
2023-07-03,0.0
2023-07-04,0.007704257965087891
2023-07-05,0.005215766016543277
2023-07-06,0.00409051775932312
2023-07-07,0.035461414866153326
2023-07-09,0.0005945976711193633
2023-07-10,0.002503474069253521
2023-07-11,0.02527744616200047
2023-07-12,0.021331787109375
2023-07-13,0.008448006042593714
2023-07-14,0.032540472247913434
2023-07-17,0.012454934418201447
2023-07-18,0.026865271525646304
2023-07-19,0.02006001888300433
2023-07-20,0.010899819433689117
2023-07-21,0.035875773091969335
2023-07-24,0.005604568406604131
2023-07-25,0.025228989877509198
2023-07-26,0.00385911762714386
2023-07-28,0.0
2023-07-30,0.008868761134617022
2023-07-31,0.01106426525040535
2023-08-01,0.0
2023-08-02,0.0
2023-08-03,0.0
2023-08-04,0.0
2023-08-07,0.0023158270800599156
2023-08-08,0.0429789274930954
2023-08-09,0.0008408613502979279
2023-08-10,0.0
2023-08-11,0.0011916889707553713
2023-08-14,0.0
2023-08-15,0.0
2023-08-16,0.0
2023-08-17,0.0
2023-08-18,0.0
2023-08-21,0.0
2023-08-22,0.039895087480545044
2023-08-23,0.01335962456213683
2023-08-24,0.0037053335407866003
2023-08-25,0.0072307291355971975
2023-08-28,0.0
2023-08-29,0.0
2023-08-30,0.0
2023-08-31,0.01849551216001828
2023-09-01,0.026475117142929067
2023-09-05,0.0
2023-09-06,0.0
2023-09-07,0.0
2023-09-08,0.015028418994451917
2023-09-11,0.0
2023-09-12,0.001955450451867511
2023-09-13,0.0
2023-09-14,0.0
2023-09-15,0.0008848599135960644
2023-09-18,0.0024424546522328573
2023-09-19,0.0
2023-09-20,0.0
2023-09-21,0.005563547322475998
2023-09-26,0.0
2023-09-28,0.032566759871461584
2023-09-29,0.0062055811285972595
2023-10-01,0.0175372538265416
2023-10-02,0.005732540379936501
2023-10-03,0.032680697945483644
2023-10-04,0.000595071354125323
2023-10-05,0.0
2023-10-06,0.0
2023-10-08,0.0
2023-10-09,0.01583615149236208
2023-10-10,0.0010804660717131582
2023-10-11,0.024360381066799164
2023-10-12,0.0025498345494270325
2023-10-13,0.015203884364405975
2023-10-16,0.006283241639291982
2023-10-17,0.0
2023-10-18,0.006932782526761562
2023-10-19,0.005824568023660033
2023-10-20,0.008398750016735663
2023-10-23,0.0
2023-10-24,0.002939621511445397
2023-10-25,0.0016536632114613262
2023-10-26,0.014215594630406076
2023-10-29,0.0014353636095991446
2023-10-30,0.0014353636095991446
2023-10-31,0.026229739607505333
2023-11-01,0.002781528682681034
2023-11-02,0.00309897471369187
2023-11-03,0.012158340725780516
2023-11-06,0.015059739420284924
2023-11-07,0.0034499302848592373
2023-11-08,0.00041078952736749684
2023-11-09,0.0001461494655675963
2023-11-10,0.00037384254629165535
2023-11-12,0.0009146761747395226
2023-11-13,0.006683773677403112
2023-11-14,0.025722282232293385
2023-11-15,0.032778996241169416
2023-11-16,0.011044964925183438
2023-11-17,0.02299550934058275
2023-11-20,0.03204315837312756
2023-11-21,0.059748773736118914
2023-11-22,0.012855579049232293
2023-11-23,0.015594254088190897
2023-11-24,0.0012760801323643616
2023-11-27,0.014482393309465692
2023-11-28,0.0027712456381838828
2023-11-29,0.00034305453300476074
2023-11-30,0.004610225558280945
2023-12-01,0.0
2023-12-03,0.004357773401783896
2023-12-04,0.0
2023-12-05,0.01343036127173814
2023-12-06,0.0
2023-12-07,0.0
2023-12-08,0.0
2023-12-10,0.01069117505915988
2023-12-11,0.02271619166881568
2023-12-12,0.004761208131477778
2023-12-13,0.0
2023-12-14,0.0
2023-12-15,0.019605902983130002
2023-12-18,0.020643439730200493
2023-12-19,0.01510486116506575
2023-12-20,0.019690759926832974
2023-12-21,0.0
2023-12-22,0.0
2023-12-26,0.029704466627750482
2023-12-27,0.025291112069492853
2023-12-28,0.0
2023-12-29,0.002453358545827845
2024-01-01,0.007697120308876038
2024-01-02,0.025069786154619942
2024-01-03,0.0018572535631931869
2024-01-04,0.010261546904289279
2024-01-05,0.004728850061142001
2024-01-08,0.0
2024-01-09,0.0016828261964528207
2024-01-10,0.013661479334230241
2024-01-11,0.030975177332750604
2024-01-12,0.024746230583214228
2024-01-15,0.006435312330722809
2024-01-16,0.006010834127664566
2024-01-17,0.0013224969834650009
2024-01-18,0.04443943423817825
2024-01-19,0.01614956557750702
2024-01-22,0.01187589280606614
2024-01-23,0.0007543232212237472
2024-01-24,0.002679737304427405
2024-01-25,0.010333284735679626
2024-01-26,0.022448034740159172
2024-01-30,0.006002657146657927
2024-01-31,0.009222220411297562
2024-02-01,0.0
2024-02-02,0.008464425802230835
2024-02-04,0.0
2024-02-05,0.015753468192155406
2024-02-06,0.028846943261532802
2024-02-07,0.005799822555228071
2024-02-08,0.011315812427515585
2024-02-09,0.028496616974769216
2024-02-11,0.00047557450188480844
2024-02-12,0.04061158901993768
2024-02-13,0.03014245924469106
2024-02-14,0.003718748688697815
2024-02-15,0.01735191413051967
2024-02-16,0.0005243436739679851
2024-02-19,0.0
2024-02-20,0.0
2024-02-21,0.0029990767210646514
2024-02-22,0.01519260348797043
2024-02-23,0.0
2024-02-26,0.0215987083820254
2024-02-27,0.0014191186336762226
2024-02-28,0.014403361826112751
2024-02-29,0.0
2024-03-01,0.00549601851908621
2024-03-04,0.03249739334816607
2024-03-05,0.02531217805916937
2024-03-06,0.00795297860510413
2024-03-07,0.0024428208029793124
2024-03-08,0.0
2024-03-10,0.009453369533599503
2024-03-11,0.033732288772401635
2024-03-12,0.0009334124624729156
2024-03-13,0.0
2024-03-14,0.014917953394368712
2024-03-15,0.014728276160993974
2024-03-18,0.010798330787320808
2024-03-19,0.012356379949110645
2024-03-20,0.014482382826629083
2024-03-21,0.0010905734080873981
2024-03-22,0.011314300409325252
2024-03-24,0.0002444806973215415
2024-03-25,0.0
2024-03-26,0.005737916737299664
2024-03-27,0.009644181819604249
2024-03-28,0.01112259077904062
2024-03-31,0.0028545808916728374
2024-04-01,0.03081280407617971
2024-04-02,0.00404835119843483
2024-04-03,0.002196203787273863
2024-04-04,0.0
2024-04-05,0.010653855893920667
2024-04-08,0.005221338620169831
2024-04-09,0.0020136894939754746
2024-04-10,0.016755509610792505
2024-04-11,0.014445321384423913
2024-04-12,0.011056693441454992
2024-04-14,0.015985997026492817
2024-04-15,0.014199579587401544
2024-04-16,0.011765714755237485
2024-04-17,0.004034595564007759
2024-04-18,0.0
2024-04-19,0.01402661869839533
2024-04-21,0.006266720074675696
2024-04-22,0.005893551877960245
2024-04-23,0.020842774615794025
2024-04-24,0.002574653510943338
2024-04-25,0.007286232104292981
2024-04-26,0.0
2024-04-29,0.0002995534574351183
2024-04-30,0.012894347573975857
2024-05-01,0.0044417232275009155
2024-05-02,0.022541694343090057
2024-05-03,0.011967231688837354
2024-05-06,0.0
2024-05-07,0.0141852034719464
2024-05-09,0.008547533660335168
2024-05-13,0.011848041562709816
2024-05-14,0.013156293513961654
2024-05-15,0.016564670198794616
2024-05-16,0.0025738869651360497
2024-05-17,0.005916927573815593
2024-05-20,0.0
2024-05-21,0.0
2024-05-22,0.018343224464244735
2024-05-23,0.022289755219952197
2024-05-24,0.0022652558982372284
2024-05-26,0.006956505934117111
2024-05-27,0.0005860045133394171
2024-05-28,0.008092094815326446
2024-05-30,0.013840427366512031
2024-05-31,0.011424989887316005
2024-06-02,0.0
2024-06-03,0.0
2024-06-04,0.0027650147676467896
2024-06-05,0.02339692055996119
2024-06-06,0.0028333470355593046
2024-06-07,0.008887199065028866
2024-06-09,0.011000416070063947
2024-06-10,0.008147485331578424
2024-06-11,0.007899043357034763
2024-06-12,0.003886002652977204
2024-06-13,0.008473470946359994
2024-06-14,0.011230855324812588
2024-06-17,0.016987263916106828
2024-06-18,0.017578009369122172
2024-06-19,0.007567730067934231
2024-06-20,0.005823768675327301
2024-06-21,0.014511483946198778
2024-06-24,0.010302503094530777
2024-06-25,0.032964121160631445
2024-06-26,0.029442423125044095
2024-06-27,0.012928257345168497
2024-06-28,0.0002444806973215415
2024-07-01,0.00562771069057902
2024-07-02,0.032716579447389565
2024-07-03,0.02946944472495736
2024-07-04,0.026503320023140327
2024-07-05,0.009842778239558942
2024-07-08,0.01482565701007843
2024-07-09,0.013865955809060936
2024-07-10,0.04507084600797515
2024-07-11,0.03292771769353885
2024-07-12,0.004908959349897263
2024-07-15,0.01350230136620769
2024-07-16,0.016581207906423662
2024-07-17,0.011787577907966215
2024-07-18,0.00874961969735337
2024-07-19,0.008615687489509583
2024-07-22,0.0
2024-07-23,0.010476278315487763
2024-07-24,0.010007453077547978
2024-07-25,0.019034544116952205
2024-07-26,0.010319513148685313
2024-07-30,0.008636474609375
2024-07-31,0.004887622507838605
2024-08-01,0.015012680502479095
2024-08-02,0.029745923321616994
2024-08-04,0.0
2024-08-05,0.0025048346222070125
2024-08-06,0.008547533660335168
2024-08-07,0.0
2024-08-08,0.004378246233448064
2024-08-09,0.0
2024-08-12,0.003369572049817157
2024-08-13,0.0
2024-08-14,0.0
2024-08-15,0.0006198695061179159
2024-08-16,0.0
2024-08-18,0.0
2024-08-19,0.021777682288995882
2024-08-20,0.0004890667617643566
2024-08-21,0.011745431059455348
2024-08-22,0.002089835678344496
2024-08-23,0.0
2024-08-25,0.02301872785353557
2024-08-26,0.0053375664574727396
2024-08-27,0.001069513159456406
2024-08-29,0.0
2024-08-30,0.010480377654955603
2024-09-02,0.02834904989279296
2024-09-03,0.006808433518586214
2024-09-04,0.0
2024-09-05,0.0
2024-09-06,0.0005247888500553686
2024-09-09,0.0
2024-09-11,0.0
2024-09-12,0.0
2024-09-13,0.0
2024-09-17,0.0
2024-09-18,0.0008079998669803855
2024-09-19,0.0
2024-09-20,0.0
2024-09-24,6.425023637683171e-05
2024-09-25,0.0
2024-09-26,0.0
2024-09-27,0.0
2024-09-29,0.0
2024-09-30,0.0
2024-10-01,0.0
2024-10-02,0.0
2024-10-03,0.0
2024-10-04,0.004648792122395565
2024-10-06,0.0
2024-10-07,0.009163418261120292
2024-10-08,0.002416068090887008
2024-10-09,0.0002995534574351183
2024-10-10,0.0
2024-10-11,0.0
2024-10-13,0.0
2024-10-14,0.06902673871856567
2024-10-17,0.10222501075388044
2024-10-18,0.013898794473834613
2024-10-20,0.0
2024-10-21,0.015908027674141328
2024-10-22,0.03564799939968856
2024-10-23,0.01891811192035675
2024-10-24,0.007755225591891013
2024-10-25,0.0
2024-10-27,0.011103566166770796
2024-10-28,0.0019250783791593504
2024-10-30,0.017188654397788793
2024-10-31,0.01837056875228882
2024-11-01,0.0
2024-11-04,0.0
2024-11-05,0.018996235265833862
2024-11-06,0.02307310161897606
2024-11-07,0.03561820162775141
2024-11-08,0.0019858479499816895
2024-11-11,0.019975132176154684
2024-11-12,0.018307086405429725
2024-11-13,0.015461109954878413
2024-11-14,0.029646433071814873
2024-11-18,0.046134576368872804
2024-11-19,0.012732146087537421
2024-11-20,0.05801079461433135
2024-11-21,0.022631323130131248
2024-11-22,0.02055926892566273
2024-11-25,0.012961085746618441
2024-11-26,0.0
2024-11-27,0.0037967413663864136
2024-11-28,0.0
2024-11-29,0.0
2024-12-01,0.07599173509381661
2024-12-02,0.015157635137304695
2024-12-03,0.014879944259263006
2024-12-04,0.0
2024-12-05,0.0027294463766794194
2024-12-06,0.018324160868664945
2024-12-09,0.049082247931748965
2024-12-10,0.004858932357803851
2024-12-11,0.006299273246794305
2024-12-12,0.0
2024-12-13,0.008015631738782262
2024-12-16,0.009800116133328552
2024-12-17,0.008904243279229397
2024-12-18,0.024247076593762667
2024-12-19,0.0010246336460113525
2024-12-20,0.002875596284866333
2024-12-23,0.008545719811116098
2024-12-24,0.001368299126625061
2024-12-26,0.0037309378385543823
2024-12-27,0.010266020894050598
2024-12-30,0.02391226589679718
2024-12-31,0.0011069493913450329
2025-01-02,0.010013066252541128
2025-01-03,0.024186822491658922
2025-01-05,0.016415968537330627
2025-01-06,0.020576028777109262
2025-01-07,0.016369792959939254
2025-01-08,0.0
2025-01-09,0.020664189026759903
2025-01-10,0.0
2025-01-12,0.0
2025-01-13,0.007104336005269078
2025-01-14,0.0025048346222070125
2025-01-15,0.01411724285839466
2025-01-16,0.0
2025-01-17,0.0
2025-01-20,0.03142696896542518
2025-01-21,0.04386248277277333
2025-01-22,0.028096754438550114
2025-01-23,0.0015054948805708573
2025-01-24,0.026680469512939453
2025-01-27,0.046732629524920896
2025-01-28,0.02688384645486308
2025-01-30,0.04366499773063003
2025-01-31,0.010433674680346589
2025-02-02,0.007438972986966666
2025-02-03,0.02335871407623453
2025-02-04,0.030139551458262442
2025-02-05,0.026322066623336134
2025-02-06,0.0036788825026825506
2025-02-07,3.811128776599888e-05
2025-02-09,0.005177366286282805
2025-02-10,0.0
2025-02-11,0.0
2025-02-12,0.015007407473380219
2025-02-13,0.0
2025-02-14,0.0
2025-02-16,0.0
2025-02-17,0.0
2025-02-18,0.0
2025-02-19,0.05829378093623799
2025-02-20,0.01523437352096748
2025-02-21,0.0013008572109326885
2025-02-24,0.0
2025-02-25,0.009205804213802569
2025-02-26,0.0
2025-02-27,0.009627388602744915
2025-02-28,0.0
2025-03-02,0.0
2025-03-03,0.006408059531156976
2025-03-04,0.016236968021700666
2025-03-05,0.022533798693152206
2025-03-06,0.039007010786477614
2025-03-07,0.015908027674141328
2025-03-09,0.02420729398727417
2025-03-10,0.02388700842857361
2025-03-11,0.010499342170969154
2025-03-12,0.06265521510558159
2025-03-13,0.019023827122169875
2025-03-14,0.0
2025-03-17,0.0
2025-03-18,0.0
2025-03-19,0.013990846560721719
2025-03-20,7.784522919963849e-05
2025-03-21,0.0032925434158074447
2025-03-24,0.0
2025-03-25,0.0
2025-03-26,0.0
2025-03-27,0.013333561189838257
2025-03-28,0.011094135809416492
2025-03-31,0.020444482640187157
2025-04-01,0.011094135809416492
2025-04-02,0.0177244936246881
2025-04-03,0.0066649094223976135
2025-04-04,0.035529151960604334
2025-04-06,0.0
2025-04-07,0.0016714807916693149
2025-04-08,0.0036788825026825506
2025-04-09,0.014686632159558004
2025-04-10,0.018805354552883225
2025-04-11,0.010912149460183082
2025-04-13,0.011831083992341597
2025-04-14,0.0010377555091034313
2025-04-15,0.017472073435783386
2025-04-16,0.011112353784685324
2025-04-17,0.0
2025-04-20,0.005967556475589321
2025-04-21,0.0
2025-04-22,0.003721629943784715
2025-04-23,0.0
2025-04-24,0.0
2025-04-25,0.0004906736103638407
2025-04-28,0.0021544309920435265
2025-04-29,0.0021544309920435265
2025-04-30,0.005990149820569175
2025-05-01,0.0
2025-05-02,0.009692605582459466
2025-05-04,0.006594842862844505
2025-05-05,0.005728580084928509
2025-05-06,0.022520156977432003
2025-05-07,0.018788933753967285
2025-05-08,0.0010875283030167618
2025-05-09,0.0025805532932281494
2025-05-11,0.0031036359724255437
2025-05-12,0.002377256751060486
2025-05-13,0.028353357227780467
2025-05-14,0.0
2025-05-15,0.06701907515525818
2025-05-16,0.010159981984474663
2025-05-19,0.04501267201854989
2025-05-20,0.0273224714128854
2025-05-21,0.0
2025-05-22,0.05903005258653096
2025-05-23,0.047867216998549095
2025-05-26,0.00402599573135376
2025-05-27,0.011407466017958633
2025-05-29,0.0033067258303313665
2025-05-30,0.03306812231370799
2025-06-01,0.049135884535607105
2025-06-02,0.0
2025-06-03,0.0
2025-06-04,0.02032767741354024
2025-06-05,0.022996810684189267
2025-06-06,0.024688251313731535
2025-06-08,0.050799923882962485
2025-06-09,0.004192039370536804
2025-06-10,0.004056572914123535
2025-06-11,0.012594200670719147
2025-06-12,0.004199311788095064
2025-06-13,0.02579161643227187
2025-06-15,0.0019716875252563295
2025-06-16,0.0
2025-06-17,0.0
2025-06-18,0.0
2025-06-19,0.0
2025-06-20,0.013507559185559497
2025-06-23,0.03935706324752436
2025-06-24,0.005059539502914577
2025-06-25,0.11144865863626617
2025-06-26,0.0
2025-06-27,0.02927127480506897
2025-06-29,0.00494315098075179
2025-06-30,0.004332900047302246
2025-07-01,0.0
2025-07-02,0.0
2025-07-03,0.0
2025-07-04,0.0
2025-07-07,0.06560528042365153
2025-07-08,0.005589663982391357
2025-07-09,0.006968812813882341
2025-07-10,0.0
2025-07-11,0.024778425693511963
2025-07-14,0.0
2025-07-15,0.0
2025-07-16,0.0
2025-07-17,0.021373867988586426
2025-07-18,0.004297856388269593
2025-07-20,0.0
2025-07-21,0.014049456462185137
2025-07-22,0.00390901483226416
2025-07-23,0.0539985686539378
2025-07-24,0.0483046559453802
2025-07-25,0.007934961038174445
2025-07-28,0.006697608380426816
2025-07-30,0.0004972379820194097
2025-07-31,0.018039798011086457
2025-08-01,0.021349459886550903
2025-08-03,0.00595705666522577
2025-08-04,0.0
2025-08-05,0.004943482887183725
2025-08-06,0.0
2025-08-07,0.0
2025-08-08,0.0
2025-08-11,0.0015283524990081787
2025-08-12,0.005642458892441743
2025-08-13,0.02344776696630825
2025-08-14,0.0005612590449074556
2025-08-15,0.01980745792388916
2025-08-17,0.006011694762692334
2025-08-18,0.033193799589234074
2025-08-19,1.1451542377471924e-05
2025-08-20,0.03612701413808306
2025-08-21,0.07627570173662566
2025-08-22,0.02471308126980356
2025-08-25,0.0
2025-08-26,0.010804907501763321
2025-08-27,0.05009024919094743
2025-08-28,0.017710727410293246
2025-08-29,0.014607168334717327
2025-09-01,0.04751653783707843
2025-09-02,0.023283684016699297
2025-09-03,0.029989737066051958
2025-09-04,0.028136019075622177
2025-09-05,0.0
2025-09-07,0.0
2025-09-08,0.014278941343717978
2025-09-09,0.0
2025-09-10,0.0
2025-09-11,0.028572380820572563
2025-09-12,0.0
2025-09-15,0.011112353784685324
2025-09-16,0.0
2025-09-17,0.023490398503577033
2025-09-18,0.0
2025-09-19,0.04891388328753045
2025-09-21,0.0005612590449074556
2025-09-22,0.025026503617829342
2025-09-23,0.03520421942664919
2025-09-24,0.01550510134197777
2025-09-25,0.01761841000698619
2025-09-28,0.03621000209919091
2025-09-29,0.046671252500710664
2025-09-30,0.013712064185695365
2025-10-01,0.006011694762692334
2025-10-02,0.000188001286138916
2025-10-03,0.024795520442802834
2025-10-06,0.029167850842684476
2025-10-07,0.003821965785020979
2025-10-08,0.0
2025-10-09,0.0
2025-10-10,0.01062465560920186
2025-10-12,0.0
2025-10-13,0.021760175541795712
2025-10-14,0.06299051580551795
2025-10-15,0.03730649369366049
2025-10-16,0.0
2025-10-17,0.0
2025-10-19,0.0341071580333349
2025-10-20,0.011512538111296329
2025-10-21,0.0
2025-10-22,0.0
2025-10-23,0.0
2025-10-24,0.0041449897687205915
2025-10-26,0.001287960275288359
2025-10-27,0.0
2025-10-28,0.02929320294833725
2025-10-30,0.01184122118524775
2025-10-31,0.0
2025-11-02,0.0
2025-11-03,0.0
2025-11-04,0.06684111464484346
2025-11-05,0.17655397631534853
2025-11-06,0.15176663018055173
2025-11-07,0.027473926544189453
2025-11-10,0.006248563528060913
2025-11-11,0.0009381045541555294
2025-11-12,0.027485262796777432
2025-11-13,0.0
2025-11-14,0.005758271030952405
2025-11-16,0.029701800839582165
2025-11-17,0.05088536534690028
2025-11-18,0.02104317175319003
2025-11-19,0.0534635287820227
2025-11-20,0.001302480697631836
2025-11-21,0.015770381335260816
2025-11-24,0.06980717182159424
2025-11-26,0.023343453516243787
2025-11-27,0.0427473989553258
2025-11-28,0.00841444730758667
2025-11-30,0.056175606161851355
2025-12-01,0.0
2025-12-02,0.04242117181113942
2025-12-03,0.02260374471474126
2025-12-04,0.0
2025-12-05,0.0
2025-12-08,0.0
2025-12-09,0.0
2025-12-10,0.011316773459421909
2025-12-11,0.016894482092360254
2025-12-12,0.025313661636575686
2025-12-15,0.007595062299193583
2025-12-16,0.000474937030801078
2025-12-17,0.0
2025-12-18,0.0005396693217577575
2025-12-19,0.004943482887183725
2025-12-22,0.0
2025-12-23,0.0
2025-12-24,0.0
2025-12-25,0.0
2025-12-26,0.007494852898502829
2025-12-29,0.0
2025-12-30,0.010257225838535656
2025-12-31,0.0
2026-01-02,0.010146752183857221
2026-01-05,0.0
2026-01-06,0.0
2026-01-07,0.0
2026-01-08,0.018328990067811676
2026-01-09,0.045221501343465836
2026-01-12,0.0
2026-01-13,0.0
2026-01-14,0.0
2026-01-15,0.0
2026-01-16,0.036883118063656364
2026-01-19,0.0
2026-01-20,0.005123845057030046
2026-01-21,0.014712579731334396
2026-01-22,0.04492773972249137
2026-01-23,0.0
2026-01-26,0.013329192996025085
2026-01-29,0.0025552053745335978
2026-01-30,0.011308958296276497
2026-02-01,0.009450640525158425
2026-02-02,0.012941674524027905
2026-02-03,0.0
2026-02-04,0.00656083132029685
2026-02-05,0.0
2026-02-06,0.0
2026-02-09,0.0
2026-02-10,0.0
2026-02-11,0.0055690949014112695
2026-02-12,0.028633160201308874
2026-02-13,0.0
2026-02-15,0.017761946367946084
2026-02-16,0.028348354871988037
2026-02-17,0.08781894324411274
2026-02-18,0.04571858399423703
2026-02-19,0.008293105062224523
2026-02-20,0.0
2026-02-22,0.048402506343240545
2026-02-23,0.04303055280105784
2026-02-24,0.0014474987983703613
2026-02-25,0.010248058898984554
2026-02-26,0.010026287450476273
2026-02-27,0.0
2026-03-01,0.011977754533290863
2026-03-02,0.061158774965201175
2026-03-03,0.0
2026-03-04,0.0796296424718756
2026-03-05,0.05216476321220398
2026-03-06,0.0
2026-03-08,0.0
2026-03-09,0.0
2026-03-10,0.09229527621158135
2026-03-11,0.03120931687516762
2026-03-12,0.0
2026-03-13,0.0
2026-03-16,0.0
2026-03-17,0.0
2026-03-18,0.0
2026-03-19,0.0
2026-03-20,0.0
2026-03-23,0.0
2026-03-24,0.0
2026-03-25,0.005758271030952405
2026-03-26,0.0
2026-03-29,0.0
2026-03-30,0.010042835356872866
2026-03-31,0.0
2026-04-01,0.0
2026-04-02,0.0
